date,garch_vol,garch_pred,actual_regime
2008-02-05,0.20179603189689513,1,1
2008-02-06,0.23392926269985787,1,1
2008-02-07,0.2272958455988172,1,1
2008-02-08,0.22077509987940788,1,1
2008-02-11,0.21333615180398238,1,1
2008-02-12,0.20657233436250097,1,1
2008-02-13,0.2007448286480693,1,1
2008-02-14,0.20012152689826157,1,1
2008-02-15,0.20036541260948962,1,1
2008-02-19,0.19295304179847045,0,1
2008-02-20,0.18580726970145547,0,1
2008-02-21,0.18157820636583272,0,1
2008-02-22,0.18277811811966305,0,1
2008-02-25,0.17842923520191536,0,1
2008-02-26,0.17988650104478426,0,1
2008-02-27,0.17510138533378325,0,1
2008-02-28,0.16856433897819645,0,1
2008-02-29,0.16659049296246994,0,1
2008-03-03,0.19531173175146113,0,1
2008-03-04,0.18851982392541372,0,1
2008-03-05,0.18255630672398407,0,1
2008-03-06,0.17719040034758474,0,1
2008-03-07,0.19224941520994893,0,1
2008-03-10,0.18869477434225967,0,1
2008-03-11,0.1921946307581795,0,1
2008-03-12,0.23194049371862302,1,1
2008-03-13,0.22672404275021227,1,1
2008-03-14,0.21964792677964312,1,1
2008-03-17,0.22743690516158696,1,1
2008-03-18,0.2225036700723532,1,1
2008-03-19,0.2686407602722763,1,1
2008-03-20,0.27748120642832574,1,1
2008-03-24,0.2831725863575249,1,1
2008-03-25,0.2789570200212538,1,1
2008-03-26,0.2686860928542868,1,1
2008-03-27,0.2614413019356857,1,1
2008-03-28,0.2563542501116299,1,1
2008-03-31,0.2493664795308896,1,1
2008-04-01,0.24140755781586845,1,1
2008-04-02,0.27023011981773254,1,1
2008-04-03,0.26074473911221874,1,1
2008-04-04,0.25157535057442204,1,1
2008-04-07,0.2427512471670231,1,1
2008-04-08,0.23426192038593052,1,1
2008-04-09,0.2269988849433878,1,1
2008-04-10,0.2214491501638862,1,1
2008-04-11,0.2140287558262729,1,1
2008-04-14,0.2226345700276588,1,1
2008-04-15,0.21522226272655717,1,1
2008-04-16,0.2080877119933493,1,1
2008-04-17,0.2190639041587826,1,1
2008-04-18,0.21133603097061482,1,1
2008-04-21,0.21535169458245118,1,1
2008-04-22,0.20789004625495877,1,1
2008-04-23,0.20380135923521506,1,1
2008-04-24,0.19667169020075134,0,0
2008-04-25,0.19095514771064934,0,0
2008-04-28,0.18542437468471892,0,1
2008-04-29,0.17838269358428488,0,1
2008-04-30,0.1722910672111706,0,0
2008-05-01,0.1663187685795627,0,0
2008-05-02,0.1747612972152218,0,0
2008-05-05,0.1684978650839206,0,0
2008-05-06,0.16329566115779673,0,0
2008-05-07,0.15981226986101887,0,0
2008-05-08,0.17267278772488015,0,0
2008-05-09,0.16696217546516712,0,0
2008-05-12,0.16350750710354273,0,0
2008-05-13,0.1633473797817111,0,0
2008-05-14,0.15746799780448648,0,0
2008-05-15,0.15240005985185986,0,0
2008-05-16,0.15266166089645145,0,0
2008-05-19,0.147129399852082,0,0
2008-05-20,0.14172723956629052,0,0
2008-05-21,0.14256074022126036,0,0
2008-05-22,0.15361552944315834,0,0
2008-05-23,0.1486053378574056,0,0
2008-05-27,0.15370991017871188,0,0
2008-05-28,0.1507028444797832,0,0
2008-05-29,0.14629847363117865,0,0
2008-05-30,0.14272215213744036,0,0
2008-06-02,0.13796897492265625,0,1
2008-06-03,0.14052805795567894,0,1
2008-06-04,0.13810777651700587,0,0
2008-06-05,0.13355299842611656,0,1
2008-06-06,0.14978042607673714,0,1
2008-06-09,0.19011349495580984,0,1
2008-06-10,0.1836643488446495,0,1
2008-06-11,0.1779240876243258,0,1
2008-06-12,0.184663336944539,0,1
2008-06-13,0.17892070936906548,0,1
2008-06-16,0.18192457088411187,0,1
2008-06-17,0.17598773356252337,0,1
2008-06-18,0.17250381451136773,0,1
2008-06-19,0.17139218212780177,0,1
2008-06-20,0.1664331163983491,0,1
2008-06-23,0.17683889965779961,0,1
2008-06-24,0.1711849842556954,0,1
2008-06-25,0.16619898196576616,0,1
2008-06-26,0.1623198384723797,0,1
2008-06-27,0.19450532725322886,0,1
2008-06-30,0.18885461584785476,0,1
2008-07-01,0.18292263561818123,0,1
2008-07-02,0.17772842792714597,0,1
2008-07-03,0.1860053898283415,0,1
2008-07-07,0.18022925327376996,0,1
2008-07-08,0.17770511261888108,0,1
2008-07-09,0.1832045931833959,0,1
2008-07-10,0.19817307935701473,0,1
2008-07-11,0.19349646772269555,0,1
2008-07-14,0.19231560114104815,0,1
2008-07-15,0.18958593941731458,0,1
2008-07-16,0.1884809280177381,0,1
2008-07-17,0.20470541934316241,1,1
2008-07-18,0.2029963076415063,1,1
2008-07-21,0.19651405398087568,0,1
2008-07-22,0.19037468957262046,0,1
2008-07-23,0.19089079699359787,0,1
2008-07-24,0.18548296407642942,0,1
2008-07-25,0.20069484357710893,1,1
2008-07-28,0.19493850112978062,0,1
2008-07-29,0.2020616202508025,1,1
2008-07-30,0.21389600091971395,1,1
2008-07-31,0.21603680986171633,1,1
2008-08-01,0.21535599438380562,1,1
2008-08-04,0.20962782500166294,1,1
2008-08-05,0.20600989770997136,1,1
2008-08-06,0.22616688665557344,1,1
2008-08-07,0.2190757226286847,1,1
2008-08-08,0.22337219983170692,1,1
2008-08-11,0.23389707863569154,1,1
2008-08-12,0.22756901868776863,1,1
2008-08-13,0.22525902717259552,1,1
2008-08-14,0.21832313886617616,1,0
2008-08-15,0.21224258065433596,1,1
2008-08-18,0.20597008368417472,1,1
2008-08-19,0.20799559577027854,1,1
2008-08-20,0.20472238779357047,1,0
2008-08-21,0.19945868948785855,0,0
2008-08-22,0.19327436741305298,0,1
2008-08-25,0.19169943401866962,0,1
2008-08-26,0.20095537732031857,1,0
2008-08-27,0.19503730525910004,0,0
2008-08-28,0.1910716360242002,0,1
2008-08-29,0.1929834391673562,0,1
2008-09-02,0.19450687326564536,0,1
2008-09-03,0.18913513030546514,0,1
2008-09-04,0.18336127005676828,0,1
2008-09-05,0.2123681432551369,1,1
2008-09-08,0.20646395753850388,1,1
2008-09-09,0.21362720943671282,1,1
2008-09-10,0.24571582461466931,1,1
2008-09-11,0.23883754947051722,1,1
2008-09-12,0.23680656564860547,1,1
2008-09-15,0.2294940084709726,1,1
2008-09-16,0.29071888181634054,1,1
2008-09-17,0.2887561931146913,1,1
2008-09-18,0.3424399129593603,1,1
2008-09-19,0.37482645589181224,1,1
2008-09-22,0.3974929481827188,1,1
2008-09-23,0.4177894494603408,1,1
2008-09-24,0.40657576560932435,1,1
2008-09-25,0.390443138987911,1,1
2008-09-26,0.38379420123073266,1,1
2008-09-29,0.3692801424546378,1,1
2008-09-30,0.5364823166218448,1,1
2008-10-01,0.5651811215237001,1,1
2008-10-02,0.5411871822692147,1,1
2008-10-03,0.5500399208007377,1,1
2008-10-06,0.5304960666677208,1,1
2008-10-07,0.5374676914859762,1,1
2008-10-08,0.5781934499519688,1,1
2008-10-09,0.5563398046329975,1,1
2008-10-10,0.6400337407512625,1,1
2008-10-13,0.6150793431706225,1,1
2008-10-14,0.7707428145598673,1,1
2008-10-15,0.7368246259249092,1,1
2008-10-16,0.82939899496063,1,1
2008-10-17,0.8147261904821205,1,1
2008-10-20,0.7791462475637577,1,1
2008-10-21,0.7743298913734158,1,1
2008-10-22,0.7543848180122658,1,1
2008-10-23,0.7767443311886115,1,1
2008-10-24,0.7451367368708911,1,1
2008-10-27,0.7307741123237403,1,1
2008-10-28,0.7146251932141919,1,1
2008-10-29,0.8259718754851537,1,1
2008-10-30,0.792037890301131,1,1
2008-10-31,0.7665478153160304,1,1
2008-11-03,0.7368580448381941,1,1
2008-11-04,0.7054366342070991,1,1
2008-11-05,0.698474831272169,1,1
2008-11-06,0.7122742065150375,1,1
2008-11-07,0.7208493488438681,1,1
2008-11-10,0.7015250754981631,1,1
2008-11-11,0.6739079877472417,1,1
2008-11-12,0.6527087243949127,1,1
2008-11-13,0.670114279971651,1,1
2008-11-14,0.7084777999390439,1,1
2008-11-17,0.7052616182845366,1,1
2008-11-18,0.6855838146786969,1,1
2008-11-19,0.6574951265674315,1,1
2008-11-20,0.6915547098367454,1,1
2008-11-21,0.7329579237569481,1,1
2008-11-24,0.7536564206001698,1,1
2008-11-25,0.7744604656938416,1,1
2008-11-26,0.7423053373105284,1,1
2008-11-28,0.7275357531027866,1,1
2008-12-01,0.6979593882079715,1,1
2008-12-02,0.7908599019642215,1,1
2008-12-03,0.7775574161615444,1,1
2008-12-04,0.7535634708206101,1,1
2008-12-05,0.7345039307026306,1,1
2008-12-08,0.7214730782946086,1,1
2008-12-09,0.7111424423022897,1,1
2008-12-10,0.6893832395436112,1,1
2008-12-11,0.6620253348695139,1,1
2008-12-12,0.6471886476369034,1,1
2008-12-15,0.619679807677779,1,1
2008-12-16,0.5951145310440256,1,1
2008-12-17,0.6130259981549517,1,1
2008-12-18,0.5876342550116259,1,1
2008-12-19,0.569989489896589,1,1
2008-12-22,0.5438861252345346,1,1
2008-12-23,0.5256903924471897,1,1
2008-12-24,0.5025973684155439,1,1
2008-12-26,0.47822204232830395,1,1
2008-12-29,0.45410248762670924,1,1
2008-12-30,0.4300569758202451,1,1
2008-12-31,0.4237676226353834,1,1
2009-01-02,0.40624583833494404,1,1
2009-01-05,0.41436718066745015,1,1
2009-01-06,0.3928634663860144,1,1
2009-01-07,0.3728519874260134,1,1
2009-01-08,0.3855481288971844,1,1
2009-01-09,0.36512500025646893,1,1
2009-01-12,0.36227303301563596,1,1
2009-01-13,0.3617569275255601,1,1
2009-01-14,0.34254185825618744,1,1
2009-01-15,0.36667938587360777,1,1
2009-01-16,0.34810412463220153,1,1
2009-01-20,0.3319107446007096,1,1
2009-01-21,0.41152992871943034,1,1
2009-01-22,0.43843393607319153,1,1
2009-01-23,0.42476642921944086,1,1
2009-01-26,0.4062319990469103,1,1
2009-01-27,0.3884478759680144,1,1
2009-01-28,0.3737525930297231,1,1
2009-01-29,0.3874527046712131,1,1
2009-01-30,0.4016731449079446,1,1
2009-02-02,0.3982691662831315,1,1
2009-02-03,0.38028667682425416,1,1
2009-02-04,0.36981766987860537,1,1
2009-02-05,0.35469701791915126,1,1
2009-02-06,0.3462508548206452,1,1
2009-02-09,0.35199581301653976,1,1
2009-02-10,0.33580365370350673,1,1
2009-02-11,0.3970911291364186,1,1
2009-02-12,0.3811802426665647,1,1
2009-02-13,0.36438420458802834,1,1
2009-02-17,0.3513744026968048,1,1
2009-02-18,0.39827472613094966,1,1
2009-02-19,0.3809797904915505,1,1
2009-02-20,0.36865486061213787,1,1
2009-02-23,0.3565329066323994,1,1
2009-02-24,0.3772889250091038,1,1
2009-02-25,0.40171793100989317,1,1
2009-02-26,0.38752592321877966,1,1
2009-02-27,0.3778881531123891,1,1
2009-03-02,0.37758379692775423,1,1
2009-03-03,0.42143457450000427,1,1
2009-03-04,0.4043854523198714,1,1
2009-03-05,0.40081713317491546,1,1
2009-03-06,0.4313842674076988,1,1
2009-03-09,0.4128117142899947,1,1
2009-03-10,0.39781452886239754,1,1
2009-03-11,0.4710842209479881,1,1
2009-03-12,0.4508776210910131,1,1
2009-03-13,0.46712763600907437,1,1
2009-03-16,0.4483090805496966,1,1
2009-03-17,0.4295076011530264,1,1
2009-03-18,0.4346417639241889,1,1
2009-03-19,0.42601877325322207,1,1
2009-03-20,0.41225649227967454,1,1
2009-03-23,0.405061197378749,1,1
2009-03-24,0.4942703406931272,1,1
2009-03-25,0.48256473228175417,1,1
2009-03-26,0.46402317618243344,1,1
2009-03-27,0.4559983439916027,1,1
2009-03-30,0.44667501783291647,1,1
2009-03-31,0.45686690390641066,1,1
2009-04-01,0.4413544059011442,1,1
2009-04-02,0.42889948779778136,1,1
2009-04-03,0.42954853734038356,1,1
2009-04-06,0.41359756289493105,1,1
2009-04-07,0.3980333557510527,1,1
2009-04-08,0.39667602623299864,1,1
2009-04-09,0.3832309782659631,1,1
2009-04-13,0.4030161383079194,1,1
2009-04-14,0.38614488282594156,1,1
2009-04-15,0.38116103991139977,1,1
2009-04-16,0.3689905469911958,1,1
2009-04-17,0.35967514943973,1,1
2009-04-20,0.34476368062225593,1,1
2009-04-21,0.38560034434870755,1,1
2009-04-22,0.3808690610446363,1,1
2009-04-23,0.3666859056040231,1,1
2009-04-24,0.35383465385779056,1,1
2009-04-27,0.34668500283923487,1,1
2009-04-28,0.3352236249262884,1,1
2009-04-29,0.32109180374870455,1,1
2009-04-30,0.3217378708989862,1,1
2009-05-01,0.30782680704177784,1,1
2009-05-04,0.2951559817322567,1,1
2009-05-05,0.3201493943412524,1,1
2009-05-06,0.3070789934710585,1,1
2009-05-07,0.3036984192507537,1,1
2009-05-08,0.2971347489427913,1,1
2009-05-11,0.30356387857408396,1,1
2009-05-12,0.30724272797185637,1,1
2009-05-13,0.2942806847244665,1,1
2009-05-14,0.30803830689981093,1,1
2009-05-15,0.29845321925036156,1,1
2009-05-18,0.29072797992057,1,1
2009-05-19,0.30860642713454767,1,1
2009-05-20,0.29588287393220963,1,1
2009-05-21,0.28453341442593877,1,1
2009-05-22,0.28333270586155485,1,1
2009-05-26,0.27150619914029317,1,1
2009-05-27,0.2845193979942496,1,1
2009-05-28,0.2862381115233048,1,1
2009-05-29,0.28234984975801136,1,1
2009-06-01,0.27688618814928384,1,1
2009-06-02,0.28819615497612505,1,1
2009-06-03,0.2763417211676621,1,1
2009-06-04,0.27232534037700956,1,1
2009-06-05,0.26564311683908887,1,1
2009-06-08,0.25486736541995186,1,1
2009-06-09,0.24420905447128324,1,1
2009-06-10,0.23425702349342176,1,1
2009-06-11,0.22487693366067407,1,1
2009-06-12,0.2167136381236056,1,1
2009-06-15,0.2072440829712363,1,1
2009-06-16,0.22812730441883297,1,1
2009-06-17,0.22647637440779791,1,1
2009-06-18,0.21713560461117928,1,1
2009-06-19,0.21116463269417599,1,1
2009-06-22,0.20262028845183067,1,1
2009-06-23,0.24066169175123137,1,1
2009-06-24,0.23110922712554538,1,1
2009-06-25,0.2234614280223548,1,1
2009-06-26,0.2336471353769531,1,1
2009-06-29,0.2243851701459176,1,1
2009-06-30,0.21877116156548382,1,1
2009-07-01,0.21364691513288878,1,1
2009-07-02,0.20580755616106175,1,1
2009-07-06,0.23802856695099373,1,1
2009-07-07,0.2287840939842377,1,1
2009-07-08,0.23698304109434823,1,1
2009-07-09,0.22774370959005008,1,1
2009-07-10,0.21919783789283448,1,1
2009-07-13,0.21139876959630952,1,1
2009-07-14,0.22957511105971348,1,1
2009-07-15,0.221614163111002,1,1
2009-07-16,0.24775440684293,1,1
2009-07-17,0.24068359047057672,1,1
2009-07-20,0.23122260923935026,1,1
2009-07-21,0.22732933433147381,1,1
2009-07-22,0.21889600731607806,1,1
2009-07-23,0.21037698715239314,1,1
2009-07-24,0.2252819569575951,1,1
2009-07-27,0.21681125212048874,1,1
2009-07-28,0.20868791197213754,1,1
2009-07-29,0.2009951117007064,1,1
2009-07-30,0.19438788150937594,0,1
2009-07-31,0.19352073290973498,0,1
2009-08-03,0.18599534281464103,0,1
2009-08-04,0.19042372911017494,0,1
2009-08-05,0.18340682601992167,0,1
2009-08-06,0.17688787228306785,0,1
2009-08-07,0.17209801808374436,0,1
2009-08-10,0.1751795565855981,0,1
2009-08-11,0.1692264154302396,0,1
2009-08-12,0.1728235954520674,0,1
2009-08-13,0.17326781679120765,0,1
2009-08-14,0.16907839004070185,0,1
2009-08-17,0.1673752895023689,0,1
2009-08-18,0.1947520408918601,0,1
2009-08-19,0.19209271931011035,0,1
2009-08-20,0.1869479202093774,0,1
2009-08-21,0.18563832604306998,0,1
2009-08-24,0.19523856594544065,0,1
2009-08-25,0.1878551934459171,0,1
2009-08-26,0.18097050284481858,0,1
2009-08-27,0.1741832449475559,0,1
2009-08-28,0.16799974900476472,0,1
2009-08-31,0.1620742131892269,0,1
2009-09-01,0.16043763514433684,0,1
2009-09-02,0.18364322643593328,0,1
2009-09-03,0.17751080830306945,0,1
2009-09-04,0.17455723882444055,0,1
2009-09-08,0.17687024448542146,0,1
2009-09-09,0.17421350955028575,0,1
2009-09-10,0.17081324823180025,0,1
2009-09-11,0.1701443903439901,0,1
2009-09-14,0.16407703468362522,0,1
2009-09-15,0.16017691961152963,0,1
2009-09-16,0.15481243537700187,0,1
2009-09-17,0.16253305666610904,0,1
2009-09-18,0.15735611056582155,0,1
2009-09-21,0.15198310391941489,0,1
2009-09-22,0.14746766285280716,0,1
2009-09-23,0.14469918007855906,0,1
2009-09-24,0.14693220345912475,0,1
2009-09-25,0.14817980179571394,0,1
2009-09-28,0.14567895614691687,0,1
2009-09-29,0.15927991870702393,0,1
2009-09-30,0.15398179446152346,0,1
2009-10-01,0.14937794468448468,0,1
2009-10-02,0.18394716362905103,0,1
2009-10-05,0.17835343579932883,0,1
2009-10-06,0.1827320003929268,0,1
2009-10-07,0.18505546343007165,0,1
2009-10-08,0.17846752755729128,0,1
2009-10-09,0.17460090819805998,0,1
2009-10-12,0.1697565192367135,0,1
2009-10-13,0.16453167922361359,0,1
2009-10-14,0.15924012521539363,0,1
2009-10-15,0.17008124823119955,0,1
2009-10-16,0.16474454057916108,0,1
2009-10-19,0.16303494951778735,0,1
2009-10-20,0.1618701105779174,0,1
2009-10-21,0.1587180934275547,0,1
2009-10-22,0.15821751749781665,0,1
2009-10-23,0.15877945105304148,0,1
2009-10-26,0.16250211054250863,0,1
2009-10-27,0.165193086575696,0,1
2009-10-28,0.16008797926305415,0,1
2009-10-29,0.17687815865751821,0,1
2009-10-30,0.1949218091874938,0,1
2009-11-02,0.2261060691448739,1,1
2009-11-03,0.21874901977412164,1,1
2009-11-04,0.210381638076515,1,1
2009-11-05,0.20230659976332052,1,1
2009-11-06,0.21090633110430124,1,1
2009-11-09,0.20302398234762956,1,1
2009-11-10,0.21676847080743036,1,1
2009-11-11,0.20840243548091114,1,1
2009-11-12,0.20146782267122,1,1
2009-11-13,0.19932595723292035,0,1
2009-11-16,0.19321789018637847,0,1
2009-11-17,0.1955594354623875,0,1
2009-11-18,0.1882594775287507,0,1
2009-11-19,0.18131753111997356,0,1
2009-11-20,0.18468174577109128,0,1
2009-11-23,0.17854233005170117,0,1
2009-11-24,0.18108838756505824,0,1
2009-11-25,0.17447694268668298,0,1
2009-11-27,0.16902354787139975,0,1
2009-11-30,0.18007284648469835,0,1
2009-12-01,0.1740983560467408,0,1
2009-12-02,0.17506593703179643,0,1
2009-12-03,0.16869375942058126,0,1
2009-12-04,0.16698761260116673,0,1
2009-12-07,0.16245456706197697,0,1
2009-12-08,0.15709295341935098,0,1
2009-12-09,0.1583787451503242,0,1
2009-12-10,0.15336678938252507,0,1
2009-12-11,0.14976390408526785,0,1
2009-12-14,0.1451385417906719,0,1
2009-12-15,0.14286754757990008,0,1
2009-12-16,0.14025459606196664,0,1
2009-12-17,0.13534661625177022,0,1
2009-12-18,0.14125424696356817,0,1
2009-12-21,0.13835855993208857,0,0
2009-12-22,0.14055539916814974,0,0
2009-12-23,0.13636563366259433,0,0
2009-12-24,0.1319142451519453,0,0
2009-12-28,0.1291307005542342,0,1
2009-12-29,0.12476105848025398,0,0
2009-12-30,0.12079214140074263,0,1
2009-12-31,0.11672067393099972,0,1
2010-01-04,0.12208629127959542,0,0
2010-01-05,0.13611546705085836,0,0
2010-01-06,0.13200461689038906,0,0
2010-01-07,0.12756547770764867,0,0
2010-01-08,0.12429611718447246,0,0
2010-01-11,0.12067179194639095,0,0
2010-01-12,0.11687474369917643,0,0
2010-01-13,0.12103872683172245,0,0
2010-01-14,0.12201567392272641,0,0
2010-01-15,0.11836443409187447,0,0
2010-01-19,0.12467377471604443,0,0
2010-01-20,0.13134348825650302,0,1
2010-01-21,0.13569838037906704,0,1
2010-01-22,0.15616063674531094,0,1
2010-01-25,0.18094345760888061,0,1
2010-01-26,0.17483766655058822,0,1
2010-01-27,0.16932817540952086,0,1
2010-01-28,0.1641344180779635,0,1
2010-01-29,0.166902732179183,0,1
2010-02-01,0.16680718606783965,0,1
2010-02-02,0.17162950262528393,0,1
2010-02-03,0.17407155674302568,0,1
2010-02-04,0.16943874724870495,0,1
2010-02-05,0.21622410241999176,1,1
2010-02-08,0.2076313847836579,1,1
2010-02-09,0.20348211431440064,1,1
2010-02-10,0.2032306202175212,1,1
2010-02-11,0.19549465947885747,0,1
2010-02-12,0.192257043902409,0,1
2010-02-16,0.1853045706352719,0,1
2010-02-17,0.19405912601778022,0,1
2010-02-18,0.18729328726478017,0,1
2010-02-19,0.18213529901746894,0,0
2010-02-22,0.17538314504045163,0,1
2010-02-23,0.16889371624830246,0,1
2010-02-24,0.1716400212256258,0,1
2010-02-25,0.1701481216248537,0,0
2010-02-26,0.1641472186901084,0,0
2010-03-01,0.1581244386605741,0,0
2010-03-02,0.158160967408626,0,0
2010-03-03,0.15257600207237973,0,0
2010-03-04,0.14699094530891632,0,0
2010-03-05,0.14239833873199154,0,0
2010-03-08,0.14965980374960636,0,0
2010-03-09,0.14425266955200153,0,0
2010-03-10,0.13916895937295046,0,0
2010-03-11,0.13539745553389662,0,0
2010-03-12,0.1315432542253177,0,0
2010-03-15,0.1269013634920749,0,0
2010-03-16,0.12241590566828141,0,0
2010-03-17,0.1226308734866696,0,0
2010-03-18,0.12077868479919351,0,0
2010-03-19,0.11664134199648855,0,0
2010-03-22,0.11540859956228176,0,0
2010-03-23,0.1134348666245899,0,0
2010-03-24,0.11371575792690858,0,0
2010-03-25,0.11316346110183108,0,0
2010-03-26,0.10982660132299767,0,0
2010-03-29,0.10621771510091231,0,0
2010-03-30,0.10547969564456992,0,0
2010-03-31,0.10210111872048312,0,0
2010-04-01,0.1003381207374559,0,0
2010-04-05,0.10224423763879421,0,0
2010-04-06,0.10464457693462151,0,0
2010-04-07,0.1014866098876354,0,0
2010-04-08,0.10252705522908519,0,0
2010-04-09,0.10021210598352619,0,0
2010-04-12,0.10112899329159376,0,0
2010-04-13,0.09819224307586208,0,0
2010-04-14,0.0952380590604924,0,0
2010-04-15,0.10427413385209512,0,0
2010-04-16,0.1010244305642474,0,0
2010-04-19,0.12366793306623046,0,0
2010-04-20,0.12073776381620922,0,0
2010-04-21,0.12144205236952622,0,0
2010-04-22,0.11745868599422274,0,0
2010-04-23,0.11380638352959908,0,0
2010-04-26,0.11399409698851025,0,1
2010-04-27,0.11231326003567925,0,1
2010-04-28,0.15338040683252005,0,0
2010-04-29,0.14987435535235755,0,1
2010-04-30,0.1547074039832973,0,1
2010-05-03,0.16807489218548907,0,1
2010-05-04,0.17123182858895666,0,1
2010-05-05,0.19965857306910734,0,1
2010-05-06,0.19365067633070573,0,1
2010-05-07,0.24285480067115872,1,1
2010-05-10,0.24337113082899173,1,1
2010-05-11,0.3106596321239224,1,1
2010-05-12,0.2956209490598591,1,1
2010-05-13,0.2882027421858937,1,1
2010-05-14,0.2808290464298402,1,1
2010-05-17,0.2829927939279838,1,1
2010-05-18,0.2694192369026599,1,1
2010-05-19,0.2660241257180583,1,1
2010-05-20,0.2548539302438521,1,1
2010-05-21,0.30931305827152844,1,1
2010-05-24,0.3023887154763371,1,1
2010-05-25,0.2948578246211752,1,1
2010-05-26,0.28076531697444024,1,1
2010-05-27,0.2690439872528901,1,1
2010-05-28,0.29791374072611687,1,1
2010-06-01,0.2902392893282768,1,1
2010-06-02,0.28902175230896393,1,1
2010-06-03,0.30006347639366043,1,1
2010-06-04,0.2862883506159872,1,1
2010-06-07,0.32070978544985607,1,1
2010-06-08,0.31254512243595717,1,1
2010-06-09,0.3017726488305307,1,1
2010-06-10,0.289024376670935,1,1
2010-06-11,0.30719151757299834,1,1
2010-06-14,0.29317438478302266,1,1
2010-06-15,0.2795191500444561,1,1
2010-06-16,0.2874608609851859,1,1
2010-06-17,0.27394699147648216,1,1
2010-06-18,0.2611001602412569,1,1
2010-06-21,0.24887803722758908,1,1
2010-06-22,0.23806442593109217,1,1
2010-06-23,0.24036092869255415,1,1
2010-06-24,0.22966344489122945,1,1
2010-06-25,0.2340922982014057,1,1
2010-06-28,0.2234473044535393,1,1
2010-06-29,0.21329890702463505,1,1
2010-06-30,0.2540119000544011,1,1
2010-07-01,0.2473703949909646,1,1
2010-07-02,0.23662804866163367,1,1
2010-07-06,0.22704679791775723,1,1
2010-07-07,0.21791102244705066,1,1
2010-07-08,0.25280936795983056,1,1
2010-07-09,0.2448928022706116,1,1
2010-07-12,0.23589233613966498,1,1
2010-07-13,0.22520578416947298,1,1
2010-07-14,0.22604332012359768,1,1
2010-07-15,0.21584922961958009,1,1
2010-07-16,0.2061446396647663,1,1
2010-07-19,0.24132177834761778,1,1
2010-07-20,0.23192382619862487,1,1
2010-07-21,0.2273546936772949,1,1
2010-07-22,0.2259414463866799,1,1
2010-07-23,0.2387728903180784,1,1
2010-07-26,0.23092001606826643,1,1
2010-07-27,0.22619450653012116,1,1
2010-07-28,0.2162284043698852,1,1
2010-07-29,0.20949157123256226,1,1
2010-07-30,0.20137141662418342,1,1
2010-08-02,0.19248177808292566,0,1
2010-08-03,0.20951486301987013,1,1
2010-08-04,0.20178837018957002,1,1
2010-08-05,0.19470274433303345,0,1
2010-08-06,0.1863614104180964,0,1
2010-08-09,0.17929550702967295,0,1
2010-08-10,0.17311339159618544,0,1
2010-08-11,0.16835623946021427,0,1
2010-08-12,0.21072062991902143,1,1
2010-08-13,0.20339888586255472,1,1
2010-08-16,0.19575318539165804,0,1
2010-08-17,0.18742013145019365,0,1
2010-08-18,0.1874746549385953,0,1
2010-08-19,0.17961690168099953,0,1
2010-08-20,0.19013742126926989,0,1
2010-08-23,0.1830679719618123,0,1
2010-08-24,0.17657727721783015,0,1
2010-08-25,0.18286723350370435,0,1
2010-08-26,0.17571377094863874,0,1
2010-08-27,0.17250466201447223,0,1
2010-08-30,0.18123465801508148,0,1
2010-08-31,0.18729909716968104,0,1
2010-09-01,0.17943613975580508,0,1
2010-09-02,0.21691174307634925,1,1
2010-09-03,0.2113057259874477,1,1
2010-09-07,0.2105490398206524,1,1
2010-09-08,0.20890911487974922,1,1
2010-09-09,0.2018698931233853,1,1
2010-09-10,0.1943641093961488,0,1
2010-09-13,0.187299376668699,0,1
2010-09-14,0.18601499727633056,0,1
2010-09-15,0.17833932004684663,0,1
2010-09-16,0.1715523590524185,0,1
2010-09-17,0.16453673482752876,0,1
2010-09-20,0.15781370209427104,0,1
2010-09-21,0.16589051428570467,0,1
2010-09-22,0.15973817333657886,0,1
2010-09-23,0.15520526477732702,0,1
2010-09-24,0.1544331685621345,0,1
2010-09-27,0.17582997329301697,0,1
2010-09-28,0.17095952024791106,0,1
2010-09-29,0.16524763029018244,0,1
2010-09-30,0.15920577814184922,0,1
2010-10-01,0.15371260167998596,0,1
2010-10-04,0.1487479271129323,0,1
2010-10-05,0.14818481445581755,0,1
2010-10-06,0.16988257364721615,0,1
2010-10-07,0.16311379661812112,0,1
2010-10-08,0.15691310885810605,0,0
2010-10-11,0.1529267736095877,0,0
2010-10-12,0.14695631966795553,0,0
2010-10-13,0.1421062770690187,0,0
2010-10-14,0.14000530054725793,0,0
2010-10-15,0.1359883798495096,0,0
2010-10-18,0.13104535589964522,0,1
2010-10-19,0.12993159527651008,0,0
2010-10-20,0.14623834629092924,0,0
2010-10-21,0.14787558908840012,0,0
2010-10-22,0.1423199666117396,0,0
2010-10-25,0.13721163149912322,0,1
2010-10-26,0.13230837410974292,0,1
2010-10-27,0.1274495925486694,0,1
2010-10-28,0.12367534110880751,0,1
2010-10-29,0.11927643372086769,0,1
2010-11-01,0.11513646332022986,0,1
2010-11-02,0.11115107163126656,0,0
2010-11-03,0.11252743415785506,0,0
2010-11-04,0.10967503913178085,0,0
2010-11-05,0.13623454121106646,0,0
2010-11-08,0.1321201162389146,0,0
2010-11-09,0.12788022978941904,0,0
2010-11-10,0.12934029885734533,0,0
2010-11-11,0.12593974641296204,0,1
2010-11-12,0.12338356649865455,0,1
2010-11-15,0.1316416118000271,0,1
2010-11-16,0.12711443811712314,0,1
2010-11-17,0.14436894185997615,0,0
2010-11-18,0.13890400336019953,0,0
2010-11-19,0.14969923101738242,0,0
2010-11-22,0.14424091946220916,0,1
2010-11-23,0.13910598694310472,0,0
2010-11-24,0.14992162485414007,0,1
2010-11-26,0.15829851756057828,0,1
2010-11-29,0.156314566561024,0,1
2010-11-30,0.15042862611097607,0,1
2010-12-01,0.1476623499216887,0,0
2010-12-02,0.1710446725792239,0,0
2010-12-03,0.17343050873233265,0,0
2010-12-06,0.1666424179291652,0,0
2010-12-07,0.16018170075707153,0,0
2010-12-08,0.1538901217818694,0,0
2010-12-09,0.14866507958018496,0,0
2010-12-10,0.14381080173801394,0,0
2010-12-13,0.14063062364822793,0,0
2010-12-14,0.13541414652891673,0,0
2010-12-15,0.13046578577165374,0,0
2010-12-16,0.12833930399885513,0,0
2010-12-17,0.12640241029647573,0,0
2010-12-20,0.12191662746976174,0,0
2010-12-21,0.1180173368032218,0,0
2010-12-22,0.11669635367827229,0,0
2010-12-23,0.11345361037251123,0,0
2010-12-27,0.1100688397350439,0,0
2010-12-28,0.10640860390319092,0,0
2010-12-29,0.10294075675040278,0,0
2010-12-30,0.09967066786222907,0,0
2010-12-31,0.0970145944120481,0,0
2011-01-03,0.0940931157291627,0,0
2011-01-04,0.10421523562441062,0,0
2011-01-05,0.10127884965518742,0,0
2011-01-06,0.10028670499407943,0,0
2011-01-07,0.09798946828172413,0,0
2011-01-10,0.09568189154492553,0,0
2011-01-11,0.09328465501569304,0,0
2011-01-12,0.0918107287475067,0,0
2011-01-13,0.0974858727175345,0,0
2011-01-14,0.09515300449790674,0,0
2011-01-18,0.0976294481702408,0,0
2011-01-19,0.09477634359436277,0,0
2011-01-20,0.10458810557959537,0,0
2011-01-21,0.1016092738552982,0,0
2011-01-24,0.09884437035081921,0,0
2011-01-25,0.09892010139134887,0,0
2011-01-26,0.09593613374429863,0,0
2011-01-27,0.09465190026388182,0,1
2011-01-28,0.09223678431659274,0,0
2011-01-31,0.12395204977319033,0,0
2011-02-01,0.12391040828716492,0,0
2011-02-02,0.14061888471798625,0,0
2011-02-03,0.1359427649904269,0,0
2011-02-04,0.13102087939210968,0,0
2011-02-07,0.12661700069881418,0,0
2011-02-08,0.1247867527181199,0,0
2011-02-09,0.1214650817807794,0,0
2011-02-10,0.11818868860866555,0,0
2011-02-11,0.1141321492775903,0,0
2011-02-14,0.11260242358020116,0,0
2011-02-15,0.10919099436899418,0,0
2011-02-16,0.10706958794440948,0,0
2011-02-17,0.10687150700796277,0,0
2011-02-18,0.10410566784577212,0,1
2011-02-22,0.10105213041962494,0,1
2011-02-23,0.1379000665069489,0,1
2011-02-24,0.1361194545543315,0,0
2011-02-25,0.1312416981239892,0,0
2011-02-28,0.13438668504423923,0,1
2011-03-01,0.1314588806398921,0,1
2011-03-02,0.14694287100793457,0,0
2011-03-03,0.14136197715474075,0,0
2011-03-04,0.15561371232077287,0,1
2011-03-07,0.1537524632437981,0,0
2011-03-08,0.15315913271530782,0,1
2011-03-09,0.152031512936408,0,1
2011-03-10,0.14635857979893432,0,1
2011-03-11,0.1665816024570694,0,1
2011-03-14,0.16260818098297783,0,1
2011-03-15,0.15892784847492716,0,1
2011-03-16,0.16173680020208567,0,1
2011-03-17,0.180608442956327,0,1
2011-03-18,0.18282532473425234,0,1
2011-03-21,0.1760305951170288,0,1
2011-03-22,0.1811722340142046,0,0
2011-03-23,0.17461577612364806,0,0
2011-03-24,0.16782566946588515,0,0
2011-03-25,0.16597168159349712,0,0
2011-03-28,0.15977257865290023,0,0
2011-03-29,0.1541710692842417,0,0
2011-03-30,0.15110313480871151,0,0
2011-03-31,0.14792161855897173,0,0
2011-04-01,0.142644746196441,0,0
2011-04-04,0.13871676772898212,0,0
2011-04-05,0.13352110402260464,0,0
2011-04-06,0.1286280348911404,0,0
2011-04-07,0.12417683059783716,0,0
2011-04-08,0.12008554971061983,0,0
2011-04-11,0.11770792610531883,0,0
2011-04-12,0.11461503038190271,0,0
2011-04-13,0.11715031131896923,0,0
2011-04-14,0.11310421833079376,0,0
2011-04-15,0.10927932639572005,0,0
2011-04-18,0.10683075327979889,0,0
2011-04-19,0.11640594032966056,0,0
2011-04-20,0.1149698622016749,0,0
2011-04-21,0.12588489440391618,0,0
2011-04-25,0.12331795212024883,0,0
2011-04-26,0.11936378595409648,0,0
2011-04-27,0.12150392415313839,0,0
2011-04-28,0.12012315783956908,0,0
2011-04-29,0.11677658100326889,0,0
2011-05-02,0.11309200154313154,0,0
2011-05-03,0.10983455199408906,0,0
2011-05-04,0.1077701989458381,0,0
2011-05-05,0.10971037821437613,0,0
2011-05-06,0.1149272902350616,0,0
2011-05-09,0.11209454278371819,0,0
2011-05-10,0.10995455691462373,0,0
2011-05-11,0.11182251130937598,0,0
2011-05-12,0.1206351290622428,0,0
2011-05-13,0.11813814491780816,0,0
2011-05-16,0.12066783735012375,0,0
2011-05-17,0.12043549833285387,0,0
2011-05-18,0.11631280093809382,0,0
2011-05-19,0.11855526664839243,0,0
2011-05-20,0.1147391217647083,0,0
2011-05-23,0.11705749205617438,0,0
2011-05-24,0.12662114419182344,0,0
2011-05-25,0.12220174191883473,0,0
2011-05-26,0.11855811264165039,0,0
2011-05-27,0.11557938975524501,0,0
2011-05-31,0.11288548848701044,0,0
2011-06-01,0.11837449133447253,0,0
2011-06-02,0.15706449221477964,0,0
2011-06-03,0.15087600013171232,0,0
2011-06-06,0.15233550341853705,0,0
2011-06-07,0.155163897401485,0,0
2011-06-08,0.14908268737907357,0,0
2011-06-09,0.14480809948693826,0,0
2011-06-10,0.14275152149755135,0,0
2011-06-13,0.15246513157141428,0,0
2011-06-14,0.14645175511153546,0,1
2011-06-15,0.15120509658056597,0,1
2011-06-16,0.16709200178729258,0,1
2011-06-17,0.16033299309928825,0,0
2011-06-20,0.15433826420290236,0,0
2011-06-21,0.1499439628795232,0,0
2011-06-22,0.15559660270837566,0,0
2011-06-23,0.15276182869195076,0,1
2011-06-24,0.14753786892738355,0,1
2011-06-27,0.15239719719591557,0,0
2011-06-28,0.1516859256879017,0,0
2011-06-29,0.15631819304199127,0,0
2011-06-30,0.15425716288951655,0,0
2011-07-01,0.15449051124556723,0,0
2011-07-05,0.16121713657040365,0,0
2011-07-06,0.15497857823215225,0,0
2011-07-07,0.14889553767612893,0,0
2011-07-08,0.15005409727146593,0,0
2011-07-11,0.1481866095805989,0,0
2011-07-12,0.16603106596128003,0,0
2011-07-13,0.16087778811891926,0,1
2011-07-14,0.1549284097801571,0,0
2011-07-15,0.15240579600321397,0,1
2011-07-18,0.14827308522453453,0,0
2011-07-19,0.14784474195376582,0,0
2011-07-20,0.15905368194911887,0,0
2011-07-21,0.15284334356612853,0,0
2011-07-22,0.15825887243978354,0,0
2011-07-25,0.15202010203645622,0,1
2011-07-26,0.1487491952025022,0,1
2011-07-27,0.1445364455022287,0,1
2011-07-28,0.16848154910780924,0,1
2011-07-29,0.16254793471653753,0,1
2011-08-01,0.1592061654209605,0,1
2011-08-02,0.15434150711564842,0,1
2011-08-03,0.19047872857242765,0,1
2011-08-04,0.1836470921589782,0,1
2011-08-05,0.2905667530038651,1,1
2011-08-08,0.27665132969729234,1,1
2011-08-09,0.4304842907929347,1,1
2011-08-10,0.46729913755000196,1,1
2011-08-11,0.4975001163125844,1,1
2011-08-12,0.5212694372406742,1,1
2011-08-15,0.49396273952790903,1,1
2011-08-16,0.4793461205321289,1,1
2011-08-17,0.4570344746491246,1,1
2011-08-18,0.4333260626468454,1,1
2011-08-19,0.46904485346326646,1,1
2011-08-22,0.4512137675039914,1,1
2011-08-23,0.4279180228233915,1,1
2011-08-24,0.4372592399775493,1,1
2011-08-25,0.41928734974389864,1,1
2011-08-26,0.40553396548605425,1,1
2011-08-29,0.3912536119703794,1,1
2011-08-30,0.3946253824929206,1,1
2011-08-31,0.37454874416162004,1,1
2011-09-01,0.3560425372916348,1,1
2011-09-02,0.3432187751014407,1,1
2011-09-06,0.3497932780783472,1,1
2011-09-07,0.33415584339841736,1,1
2011-09-08,0.34499612617076986,1,1
2011-09-09,0.33188509751557743,1,1
2011-09-12,0.3425588979097827,1,1
2011-09-13,0.32664101126437123,1,1
2011-09-14,0.3128241380851911,1,1
2011-09-15,0.3035112104687646,1,1
2011-09-16,0.29924587505110106,1,1
2011-09-19,0.2850765986997898,1,1
2011-09-20,0.2751894151686817,1,1
2011-09-21,0.2612209264813639,1,1
2011-09-22,0.2896364149875294,1,1
2011-09-23,0.31845630615338993,1,1
2011-09-26,0.30364207818219513,1,1
2011-09-27,0.30867845462945115,1,1
2011-09-28,0.2973017502347621,1,1
2011-09-29,0.30096381470818023,1,1
2011-09-30,0.2882504207078235,1,1
2011-10-03,0.3011897448280936,1,1
2011-10-04,0.3197013275336437,1,1
2011-10-05,0.3215853484446195,1,1
2011-10-06,0.31672354598212327,1,1
2011-10-07,0.312852135251195,1,1
2011-10-10,0.3001317038737789,1,1
2011-10-11,0.32741166669376354,1,1
2011-10-12,0.3109598901911175,1,1
2011-10-13,0.2988140027383918,1,1
2011-10-14,0.2843894660930133,1,1
2011-10-17,0.282232690544376,1,1
2011-10-18,0.28533866660854557,1,1
2011-10-19,0.2876050571123214,1,1
2011-10-20,0.2807235636907039,1,1
2011-10-21,0.2674956326573269,1,1
2011-10-24,0.26913668544142005,1,1
2011-10-25,0.26269561772293737,1,1
2011-10-26,0.269302798807407,1,1
2011-10-27,0.260539546830896,1,1
2011-10-28,0.2956951214113732,1,1
2011-10-31,0.28102230224092817,1,1
2011-11-01,0.2944324188016184,1,1
2011-11-02,0.3128167075149262,1,1
2011-11-03,0.3065824550537597,1,1
2011-11-04,0.3043093925395396,1,1
2011-11-07,0.29104115263905556,1,1
2011-11-08,0.2780588473331614,1,1
2011-11-09,0.2698432156421508,1,1
2011-11-10,0.3154965026647275,1,1
2011-11-11,0.3023946294792758,1,1
2011-11-14,0.301531845405362,1,1
2011-11-15,0.29074561538122456,1,1
2011-11-16,0.277226849587937,1,1
2011-11-17,0.2764863687086352,1,1
2011-11-18,0.2760860088136645,1,1
2011-11-21,0.26258799305324915,1,1
2011-11-22,0.26663450527514504,1,1
2011-11-23,0.25458249389851595,1,1
2011-11-25,0.2661427884976099,1,1
2011-11-28,0.25361725085308456,1,1
2011-11-29,0.27755753326996635,1,1
2011-11-30,0.2641475807963452,1,1
2011-12-01,0.32282516031754266,1,1
2011-12-02,0.30707486482489693,1,1
2011-12-05,0.29203333110068697,1,1
2011-12-06,0.2817465396845371,1,1
2011-12-07,0.2680782544033105,1,1
2011-12-08,0.25521641675143825,1,1
2011-12-09,0.26475250213591417,1,1
2011-12-12,0.26386311500648657,1,1
2011-12-13,0.26198379208715367,1,1
2011-12-14,0.25325258223629177,1,1
2011-12-15,0.2477720413437802,1,1
2011-12-16,0.2362527052283792,1,1
2011-12-19,0.2253156086096639,1,1
2011-12-20,0.2226005181596148,1,1
2011-12-21,0.25383629116721856,1,1
2011-12-22,0.24181655953347234,1,1
2011-12-23,0.2333117623667109,1,1
2011-12-27,0.22598759971181648,1,1
2011-12-28,0.2153048653182951,1,1
2011-12-29,0.2145741257472393,1,1
2011-12-30,0.2102696812687122,1,1
2012-01-03,0.20171531895908706,1,1
2012-01-04,0.205266255294585,1,1
2012-01-05,0.1956708566970822,0,1
2012-01-06,0.18693112948608387,0,1
2012-01-09,0.17884935506910454,0,1
2012-01-10,0.17077989657297493,0,1
2012-01-11,0.16795176264266737,0,1
2012-01-12,0.16023937174506084,0,1
2012-01-13,0.15317822786069182,0,1
2012-01-17,0.14869576017061006,0,1
2012-01-18,0.1427935558618134,0,0
2012-01-19,0.1461330132745772,0,0
2012-01-20,0.14135698543019531,0,0
2012-01-23,0.13516394539789173,0,0
2012-01-24,0.12931226742260699,0,0
2012-01-25,0.12403561280177086,0,0
2012-01-26,0.12561384127380107,0,0
2012-01-27,0.12440863136168966,0,0
2012-01-30,0.11976369887930106,0,0
2012-01-31,0.1159419823677009,0,0
2012-02-01,0.11147232404998815,0,0
2012-02-02,0.11505324976834565,0,0
2012-02-03,0.11063833712044868,0,0
2012-02-06,0.12708104236338996,0,0
2012-02-07,0.12203968154173188,0,0
2012-02-08,0.11745655451361621,0,0
2012-02-09,0.11322012548480616,0,1
2012-02-10,0.10907202085139403,0,0
2012-02-13,0.11138051967030474,0,0
2012-02-14,0.11161076360175298,0,1
2012-02-15,0.10774198768046134,0,0
2012-02-16,0.10794137519728265,0,0
2012-02-17,0.11610403105633287,0,0
2012-02-21,0.11204987192130227,0,0
2012-02-22,0.10792026211165939,0,0
2012-02-23,0.10582014296668055,0,0
2012-02-24,0.10374890464237678,0,0
2012-02-27,0.10033400934609471,0,0
2012-02-28,0.0970759785345523,0,0
2012-02-29,0.09498124991377584,0,0
2012-03-01,0.09571222288918547,0,0
2012-03-02,0.09676506257105184,0,0
2012-03-05,0.09555357279365662,0,1
2012-03-06,0.09511408784557072,0,0
2012-03-07,0.12153163211012703,0,0
2012-03-08,0.12086245507581381,0,0
2012-03-09,0.12473169182375614,0,0
2012-03-12,0.12066758090699904,0,0
2012-03-13,0.11594566379436004,0,0
2012-03-14,0.14079423660240054,0,0
2012-03-15,0.13493705368787454,0,0
2012-03-16,0.13193090171291627,0,0
2012-03-19,0.1264679809619074,0,0
2012-03-20,0.12250578070391295,0,0
2012-03-21,0.1189677789965603,0,0
2012-03-22,0.11500134406298189,0,0
2012-03-23,0.11709006484158,0,0
2012-03-26,0.11333167234697325,0,0
2012-03-27,0.12699256823033692,0,0
2012-03-28,0.12298144011021024,0,0
2012-03-29,0.12117365343400162,0,0
2012-03-30,0.11692661721768133,0,0
2012-04-02,0.11353874946316368,0,0
2012-04-03,0.11446743894108205,0,0
2012-04-04,0.11243781819323227,0,0
2012-04-05,0.12054873929191803,0,0
2012-04-09,0.11600692813994973,0,1
2012-04-10,0.12604734386728564,0,1
2012-04-11,0.14912372035093757,0,0
2012-04-12,0.14647565388542977,0,0
2012-04-13,0.15429364526508244,0,0
2012-04-16,0.16082801901340185,0,0
2012-04-17,0.1535003223306935,0,0
2012-04-18,0.16381397394480626,0,0
2012-04-19,0.15786083209594534,0,0
2012-04-20,0.1540191768600238,0,0
2012-04-23,0.14714259522395565,0,0
2012-04-24,0.14740143286221766,0,0
2012-04-25,0.14177827713565577,0,0
2012-04-26,0.14993599245512604,0,0
2012-04-27,0.14641105005537808,0,0
2012-04-30,0.14031465036299798,0,0
2012-05-01,0.13606394995837504,0,0
2012-05-02,0.13271373942076567,0,0
2012-05-03,0.12808654273425799,0,0
2012-05-04,0.1293286030527544,0,0
2012-05-07,0.14884226370789355,0,0
2012-05-08,0.14230095103533227,0,1
2012-05-09,0.13820021826063314,0,0
2012-05-10,0.1369983340326178,0,0
2012-05-11,0.1316043186262099,0,1
2012-05-14,0.12762671083215776,0,1
2012-05-15,0.1351090518150749,0,1
2012-05-16,0.13302449269128552,0,1
2012-05-17,0.1297474917470242,0,1
2012-05-18,0.14605840120052543,0,1
2012-05-21,0.14492224916402585,0,1
2012-05-22,0.15787083468593754,0,1
2012-05-23,0.15074782220468283,0,1
2012-05-24,0.14422476081439964,0,1
2012-05-25,0.13808399755029827,0,1
2012-05-29,0.1329112284509339,0,1
2012-05-30,0.1373742481520382,0,1
2012-05-31,0.15040906955241784,0,1
2012-06-01,0.14443425909458749,0,1
2012-06-04,0.18597428332709678,0,1
2012-06-05,0.17706366845125512,0,1
2012-06-06,0.17068630127323509,0,1
2012-06-07,0.19613343065712507,0,1
2012-06-08,0.1866306150653457,0,1
2012-06-11,0.18157637538094973,0,1
2012-06-12,0.1846861908286151,0,1
2012-06-13,0.18410839527182513,0,1
2012-06-14,0.17924299800496954,0,1
2012-06-15,0.17804250804855504,0,0
2012-06-18,0.1763135011226344,0,0
2012-06-19,0.1681687173299765,0,0
2012-06-20,0.16669547417760083,0,1
2012-06-21,0.15945052584897604,0,0
2012-06-22,0.18922713470004204,0,1
2012-06-25,0.18314436027139955,0,0
2012-06-26,0.19239651559083507,0,0
2012-06-27,0.18440568852636682,0,0
2012-06-28,0.18049981936260814,0,0
2012-06-29,0.17254738352337076,0,0
2012-07-02,0.20229059658087334,1,0
2012-07-03,0.19276884928301324,0,0
2012-07-05,0.18570234768445495,0,0
2012-07-06,0.17879594645410105,0,0
2012-07-09,0.17729140204080196,0,0
2012-07-10,0.16941375541368442,0,0
2012-07-11,0.16708731719559775,0,0
2012-07-12,0.15952204768341277,0,0
2012-07-13,0.1547202048211339,0,0
2012-07-16,0.16681322166900747,0,0
2012-07-17,0.1598487569469959,0,0
2012-07-18,0.15632434651052607,0,0
2012-07-19,0.15235785099895235,0,0
2012-07-20,0.14606313692384224,0,0
2012-07-23,0.1490352230143957,0,1
2012-07-24,0.14979516597380216,0,0
2012-07-25,0.15065882443684667,0,0
2012-07-26,0.14414804198050687,0,0
2012-07-27,0.1581675762494933,0,0
2012-07-30,0.17558600250702247,0,0
2012-07-31,0.16755276967964788,0,0
2012-08-01,0.16167829157485397,0,0
2012-08-02,0.155344194375604,0,0
2012-08-03,0.15355345316962388,0,0
2012-08-06,0.17171494013011676,0,0
2012-08-07,0.1641085778641274,0,0
2012-08-08,0.15830396880427502,0,0
2012-08-09,0.15130389009635947,0,0
2012-08-10,0.14473531908110324,0,0
2012-08-13,0.13880090937118564,0,0
2012-08-14,0.13327521336194922,0,0
2012-08-15,0.12784404645967354,0,0
2012-08-16,0.12273799930839731,0,0
2012-08-17,0.1221715960172437,0,0
2012-08-20,0.11756925610241649,0,0
2012-08-21,0.11310976628292346,0,0
2012-08-22,0.1107020735187171,0,0
2012-08-23,0.10666500867328337,0,0
2012-08-24,0.1113481122488089,0,0
2012-08-27,0.11113784786730463,0,0
2012-08-28,0.10722081708318527,0,0
2012-08-29,0.10365437074468205,0,0
2012-08-30,0.1001290021255991,0,0
2012-08-31,0.10524716948964677,0,0
2012-09-04,0.10404464527678393,0,0
2012-09-05,0.10084298381044986,0,0
2012-09-06,0.09782992141638569,0,0
2012-09-07,0.1351006969448386,0,0
2012-09-10,0.13062402696876332,0,0
2012-09-11,0.12951974849747408,0,0
2012-09-12,0.12496262538070771,0,0
2012-09-13,0.1203217001238381,0,0
2012-09-14,0.1383538397403475,0,0
2012-09-17,0.13359090279420707,0,0
2012-09-18,0.12938439331302237,0,0
2012-09-19,0.12454516029158008,0,0
2012-09-20,0.11975530387166156,0,0
2012-09-21,0.11537339200222975,0,0
2012-09-24,0.11120487811581863,0,0
2012-09-25,0.10812419598988557,0,0
2012-09-26,0.11745059603100498,0,0
2012-09-27,0.11711639995809321,0,0
2012-09-28,0.12100923346569575,0,0
2012-10-01,0.11892882223130236,0,0
2012-10-02,0.1149347403341977,0,0
2012-10-03,0.1107706018174665,0,0
2012-10-04,0.1079063416437621,0,0
2012-10-05,0.10899053604178914,0,0
2012-10-08,0.10529922363450835,0,0
2012-10-09,0.10361466766842393,0,0
2012-10-10,0.11232862728135667,0,0
2012-10-11,0.11310608694145902,0,0
2012-10-12,0.10905619191525318,0,0
2012-10-15,0.10661578867931001,0,0
2012-10-16,0.10924301228671257,0,0
2012-10-17,0.11537299232382953,0,0
2012-10-18,0.11247888613406988,0,0
2012-10-19,0.1094201165115609,0,0
2012-10-22,0.13454443234846303,0,0
2012-10-23,0.129025470363613,0,0
2012-10-24,0.14375429340609314,0,0
2012-10-25,0.13871512638524053,0,0
2012-10-26,0.13347940077093817,0,0
2012-10-31,0.128205503734796,0,0
2012-11-01,0.12316647999264857,0,0
2012-11-02,0.1285304558814683,0,0
2012-11-05,0.1324132834772184,0,0
2012-11-06,0.12733586485424503,0,0
2012-11-07,0.12730894401412898,0,0
2012-11-08,0.17020437928805,0,0
2012-11-09,0.17386933553221207,0,0
2012-11-12,0.1659292351783935,0,0
2012-11-13,0.15844771684806985,0,0
2012-11-14,0.15299564894889142,0,0
2012-11-15,0.16207318416977767,0,0
2012-11-16,0.15518223053995203,0,0
2012-11-19,0.14989169924180176,0,0
2012-11-20,0.1706682747085455,0,0
2012-11-21,0.1629308024141057,0,0
2012-11-23,0.15594383359578012,0,0
2012-11-26,0.16070730795418064,0,0
2012-11-27,0.15411001121811624,0,0
2012-11-28,0.15001338928444233,0,0
2012-11-29,0.14784588806526147,0,0
2012-11-30,0.14271679742764176,0,0
2012-12-03,0.1367812910417025,0,0
2012-12-04,0.1336298885705931,0,0
2012-12-05,0.1286964441020039,0,0
2012-12-06,0.12373307342218492,0,0
2012-12-07,0.11972897525107162,0,0
2012-12-10,0.11580066406496303,0,0
2012-12-11,0.11154159267649423,0,0
2012-12-12,0.11143543475883623,0,0
2012-12-13,0.10746125513236332,0,0
2012-12-14,0.1089928543378564,0,0
2012-12-17,0.10759782928563223,0,0
2012-12-18,0.11741410694592226,0,0
2012-12-19,0.12469625361705794,0,0
2012-12-20,0.12615364651006075,0,0
2012-12-21,0.12355757418811932,0,0
2012-12-24,0.12813220251604787,0,0
2012-12-26,0.12390735932490032,0,0
2012-12-27,0.12186120508044708,0,1
2012-12-28,0.11752979564482624,0,0
2012-12-31,0.1262740111106756,0,0
2013-01-02,0.1446028914513298,0,0
2013-01-03,0.18296510122232743,0,0
2013-01-04,0.17469936217281554,0,0
2013-01-07,0.1678713641164043,0,0
2013-01-08,0.1611787989485073,0,0
2013-01-09,0.15504275291451805,0,0
2013-01-10,0.14858638432627608,0,0
2013-01-11,0.1461968368799704,0,0
2013-01-14,0.139994609727752,0,0
2013-01-15,0.1343529639272257,0,0
2013-01-16,0.12891723890320236,0,0
2013-01-17,0.12380897603127418,0,0
2013-01-18,0.12153140825689758,0,0
2013-01-22,0.11769592271559567,0,0
2013-01-23,0.11483721027018973,0,0
2013-01-24,0.11071858543939765,0,0
2013-01-25,0.10680695930255642,0,0
2013-01-28,0.10582741399803529,0,0
2013-01-29,0.10289264811681205,0,0
2013-01-30,0.10191715398411301,0,0
2013-01-31,0.10098291004906405,0,0
2013-02-01,0.09890541109255988,0,0
2013-02-04,0.10635046278100883,0,0
2013-02-05,0.11856983850048454,0,0
2013-02-06,0.12365703987255827,0,0
2013-02-07,0.11883366291658135,0,0
2013-02-08,0.11492470197145488,0,0
2013-02-11,0.11343069214139966,0,0
2013-02-12,0.10947058321006957,0,0
2013-02-13,0.10575782912251433,0,0
2013-02-14,0.10218346084586129,0,0
2013-02-15,0.09885851413668431,0,0
2013-02-19,0.09608459687350122,0,0
2013-02-20,0.0988437164996734,0,0
2013-02-21,0.11491304851984528,0,0
2013-02-22,0.11559990090882696,0,0
2013-02-25,0.11822425261969138,0,0
2013-02-26,0.14675103649300067,0,0
2013-02-27,0.14289938737674454,0,0
2013-02-28,0.14897169616858236,0,0
2013-03-01,0.14255670317973254,0,0
2013-03-04,0.13670953591429158,0,0
2013-03-05,0.13247275986139825,0,0
2013-03-06,0.1343063354037358,0,0
2013-03-07,0.12879575205918273,0,0
2013-03-08,0.12378977048152194,0,0
2013-03-11,0.1204738301904371,0,0
2013-03-12,0.11660845370291319,0,0
2013-03-13,0.11320482729542164,0,0
2013-03-14,0.10916954159322535,0,0
2013-03-15,0.10813542254047316,0,0
2013-03-18,0.10492852033647207,0,0
2013-03-19,0.10565589361972122,0,0
2013-03-20,0.10310957525069575,0,0
2013-03-21,0.104066020822337,0,0
2013-03-22,0.10949037597444365,0,0
2013-03-25,0.11039785630376557,0,0
2013-03-26,0.1081646620183147,0,0
2013-03-27,0.11011341655409546,0,0
2013-03-28,0.10636871526568402,0,0
2013-04-01,0.10412638079714698,0,0
2013-04-02,0.10361119290806013,0,0
2013-04-03,0.10264047316000305,0,0
2013-04-04,0.11315712970352056,0,0
2013-04-05,0.11035147184710953,0,0
2013-04-08,0.10901799769766313,0,0
2013-04-09,0.10881997882013181,0,0
2013-04-10,0.10600780088597994,0,0
2013-04-11,0.11676850424223212,0,0
2013-04-12,0.11331760793021244,0,0
2013-04-15,0.1104453503110257,0,0
2013-04-16,0.157320946858897,0,0
2013-04-17,0.16442051320159692,0,0
2013-04-18,0.17317049626687453,0,0
2013-04-19,0.1687444988517765,0,0
2013-04-22,0.16586235054867138,0,0
2013-04-23,0.15944894292609238,0,0
2013-04-24,0.15955648749216536,0,0
2013-04-25,0.1523529722338144,0,0
2013-04-26,0.14659166494950446,0,0
2013-04-29,0.14072493215955933,0,0
2013-04-30,0.1385201775706807,0,0
2013-05-01,0.1330353198729106,0,0
2013-05-02,0.1363278661161928,0,0
2013-05-03,0.13746490553444263,0,0
2013-05-06,0.1402224262443854,0,0
2013-05-07,0.1344558007025129,0,0
2013-05-08,0.13086679597422843,0,0
2013-05-09,0.1267399280303797,0,0
2013-05-10,0.12345619359977769,0,0
2013-05-13,0.1200229911107453,0,0
2013-05-14,0.11546460746525973,0,0
2013-05-15,0.12042940977329437,0,0
2013-05-16,0.11787670761000059,0,0
2013-05-17,0.11667035222208234,0,0
2013-05-20,0.1217346048831266,0,0
2013-05-21,0.11720836529436193,0,0
2013-05-22,0.11295619562684524,0,0
2013-05-23,0.1171374660106911,0,0
2013-05-24,0.11403978416438945,0,0
2013-05-28,0.11001553801316995,0,0
2013-05-29,0.10974774579642387,0,0
2013-05-30,0.11222595380226955,0,0
2013-05-31,0.10922911028735044,0,0
2013-06-03,0.12805230942907114,0,0
2013-06-04,0.12564301772210137,0,0
2013-06-05,0.12423271656726102,0,0
2013-06-06,0.13836891058384032,0,0
2013-06-07,0.13798299257312072,0,0
2013-06-10,0.1448544729146313,0,0
2013-06-11,0.13864371727819605,0,0
2013-06-12,0.14269931460044596,0,0
2013-06-13,0.1433274037617018,0,0
2013-06-14,0.15339343421614263,0,0
2013-06-17,0.14987438396497793,0,0
2013-06-18,0.14723430510608898,0,0
2013-06-19,0.14509046869119824,0,1
2013-06-20,0.1556714594257871,0,0
2013-06-21,0.19527979184962854,0,1
2013-06-24,0.18591855168031435,0,0
2013-06-25,0.18764272788380562,0,0
2013-06-26,0.1837999615734039,0,0
2013-06-27,0.18041647521039478,0,0
2013-06-28,0.17401168942060333,0,0
2013-07-01,0.16752367417707806,0,0
2013-07-02,0.1615144675028137,0,0
2013-07-03,0.154262914983921,0,0
2013-07-05,0.14738977606911619,0,0
2013-07-08,0.14846946270827746,0,0
2013-07-09,0.14377003966558166,0,0
2013-07-10,0.1412999785465472,0,0
2013-07-11,0.13525991988744074,0,0
2013-07-12,0.14399913998046046,0,0
2013-07-15,0.1383194624799724,0,0
2013-07-16,0.13252530263118648,0,0
2013-07-17,0.12876289965224347,0,0
2013-07-18,0.12399506039629124,0,0
2013-07-19,0.12103435017267021,0,0
2013-07-22,0.11641488424494535,0,0
2013-07-23,0.1122173105688476,0,0
2013-07-24,0.10874506110899058,0,0
2013-07-25,0.10707302309615932,0,0
2013-07-26,0.10375494911321603,0,0
2013-07-29,0.10021752543972695,0,0
2013-07-30,0.09927763443738832,0,0
2013-07-31,0.09606950061428794,0,0
2013-08-01,0.09315571883569748,0,0
2013-08-02,0.10793010710679718,0,0
2013-08-05,0.10426907729866815,0,0
2013-08-06,0.10126106705937445,0,0
2013-08-07,0.1027904308924833,0,0
2013-08-08,0.10169698852711533,0,0
2013-08-09,0.09969467307149492,0,0
2013-08-12,0.09865079688528025,0,0
2013-08-13,0.09591541743914786,0,0
2013-08-14,0.09363463650662038,0,0
2013-08-15,0.09524618461658399,0,0
2013-08-16,0.11810091511975469,0,0
2013-08-19,0.11511166548337022,0,0
2013-08-20,0.11522118253462864,0,0
2013-08-21,0.11204454670384621,0,0
2013-08-22,0.1123203307096759,0,0
2013-08-23,0.11516088056828366,0,0
2013-08-26,0.11208003261659019,0,0
2013-08-27,0.11030742279881396,0,0
2013-08-28,0.13370994216795024,0,0
2013-08-29,0.1285054923922769,0,0
2013-08-30,0.12343483551748353,0,0
2013-09-03,0.11992116913387048,0,0
2013-09-04,0.1166356924593487,0,0
2013-09-05,0.11812826034283365,0,0
2013-09-06,0.11367627278113265,0,0
2013-09-09,0.10952840505637969,0,0
2013-09-10,0.11516397342851238,0,0
2013-09-11,0.11567554199534853,0,0
2013-09-12,0.11201027447377349,0,0
2013-09-13,0.10966134175519751,0,0
2013-09-16,0.10629306405293625,0,0
2013-09-17,0.10563530481537234,0,0
2013-09-18,0.10356901344431334,0,0
2013-09-19,0.11485096190246262,0,0
2013-09-20,0.11121443425236742,0,0
2013-09-23,0.11379151365131415,0,0
2013-09-24,0.1126041212616897,0,0
2013-09-25,0.10959359303653374,0,0
2013-09-26,0.10693090999155089,0,0
2013-09-27,0.10422042884805538,0,0
2013-09-30,0.10324016912063867,0,0
2013-10-01,0.10487664927686076,0,0
2013-10-02,0.10758974468710332,0,0
2013-10-03,0.10401922777011365,0,0
2013-10-04,0.11082672657131311,0,0
2013-10-07,0.1114122548812257,0,1
2013-10-08,0.11615761888998896,0,0
2013-10-09,0.12838670778248662,0,0
2013-10-10,0.12312544256109934,0,0
2013-10-11,0.15694005959624743,0,0
2013-10-14,0.15225932192774116,0,0
2013-10-15,0.14634193424707145,0,0
2013-10-16,0.14476743503294573,0,0
2013-10-17,0.1526522653531683,0,0
2013-10-18,0.14880481948345303,0,0
2013-10-21,0.1451023733500152,0,0
2013-10-22,0.13874440883320982,0,0
2013-10-23,0.135150018617053,0,0
2013-10-24,0.1320289103604883,0,0
2013-10-25,0.12722761461216395,0,0
2013-10-28,0.1234839533899796,0,0
2013-10-29,0.11865642443062897,0,0
2013-10-30,0.11666007254076,0,0
2013-10-31,0.11538794602799451,0,0
2013-11-01,0.11315343817252226,0,0
2013-11-04,0.10957424808226005,0,0
2013-11-05,0.10665908472848479,0,0
2013-11-06,0.10428649089156772,0,0
2013-11-07,0.10234027743343312,0,0
2013-11-08,0.11992083015702222,0,0
2013-11-11,0.13100444576873319,0,0
2013-11-12,0.1255862210210277,0,0
2013-11-13,0.12141231589265218,0,0
2013-11-14,0.12223209517093951,0,0
2013-11-15,0.11924208221703747,0,0
2013-11-18,0.11601391473725385,0,0
2013-11-19,0.11360938010291383,0,0
2013-11-20,0.11018469618861702,0,0
2013-11-21,0.10823175011520805,0,0
2013-11-22,0.11066759408369813,0,0
2013-11-25,0.10879220453034723,0,0
2013-11-26,0.10535059097255797,0,0
2013-11-27,0.10179058072149338,0,0
2013-11-29,0.09889480515382734,0,0
2013-12-02,0.09601536298859287,0,0
2013-12-03,0.09451568366992895,0,0
2013-12-04,0.09357981668645017,0,0
2013-12-05,0.09132066904272376,0,0
2013-12-06,0.09200410377509859,0,0
2013-12-09,0.10341859606805624,0,0
2013-12-10,0.10013402858719,0,0
2013-12-11,0.09865621933099902,0,0
2013-12-12,0.11201706856144937,0,0
2013-12-13,0.10997340848543802,0,0
2013-12-16,0.10607093311219631,0,0
2013-12-17,0.10616324521666472,0,0
2013-12-18,0.10405341835240775,0,0
2013-12-19,0.12712977241904838,0,0
2013-12-20,0.12206335871381024,0,0
2013-12-23,0.11903443136933135,0,0
2013-12-24,0.11671902443253664,0,0
2013-12-26,0.11286537465719904,0,0
2013-12-27,0.11057339410592266,0,0
2013-12-30,0.10671024391703936,0,0
2013-12-31,0.10310055127323896,0,0
2014-01-02,0.10100358574986393,0,0
2014-01-03,0.1081315037889848,0,0
2014-01-06,0.10444378430774354,0,0
2014-01-07,0.10205231035528427,0,0
2014-01-08,0.1022365282003169,0,0
2014-01-09,0.09895968719314528,0,0
2014-01-10,0.09585309724303277,0,0
2014-01-13,0.09333861771211112,0,0
2014-01-14,0.11124386566357929,0,0
2014-01-15,0.11807849733984335,0,0
2014-01-16,0.11570570519850638,0,0
2014-01-17,0.11176837000206535,0,0
2014-01-21,0.10990162636342565,0,0
2014-01-22,0.1065260978937055,0,0
2014-01-23,0.1028742686974207,0,0
2014-01-24,0.10964153972028828,0,0
2014-01-27,0.1492506181914483,0,0
2014-01-28,0.14498846069506524,0,0
2014-01-29,0.14121309561998405,0,0
2014-01-30,0.14497962846336893,0,0
2014-01-31,0.14796060372943,0,1
2014-02-03,0.1454866986190428,0,0
2014-02-04,0.18083843800407898,0,0
2014-02-05,0.17544880016929473,0,0
2014-02-06,0.16749388358867456,0,0
2014-02-07,0.16968721666303402,0,0
2014-02-10,0.17304729908841807,0,0
2014-02-11,0.164890876312632,0,0
2014-02-12,0.16520549440611898,0,0
2014-02-13,0.15757857170530784,0,0
2014-02-14,0.15252451349499008,0,0
2014-02-18,0.14712041438331835,0,0
2014-02-19,0.1406734706155986,0,0
2014-02-20,0.13899878838289087,0,0
2014-02-21,0.13564561930051833,0,0
2014-02-24,0.13049668784293217,0,0
2014-02-25,0.12802602263662108,0,0
2014-02-26,0.12317360306704882,0,0
2014-02-27,0.11831538314035549,0,0
2014-02-28,0.11571230390409237,0,0
2014-03-03,0.11183600986520432,0,0
2014-03-04,0.11461641698154851,0,0
2014-03-05,0.13116126216455665,0,0
2014-03-06,0.1257934445403118,0,0
2014-03-07,0.12088105983277252,0,0
2014-03-10,0.11618783682654724,0,0
2014-03-11,0.11193835510526368,0,0
2014-03-12,0.11137142870868838,0,0
2014-03-13,0.10735203944472375,0,0
2014-03-14,0.11980319767445025,0,0
2014-03-17,0.11636994309310648,0,0
2014-03-18,0.12020379673962105,0,0
2014-03-19,0.1199311435921475,0,0
2014-03-20,0.11985327061113933,0,0
2014-03-21,0.11822100670529109,0,0
2014-03-24,0.1150016278504079,0,0
2014-03-25,0.1138571073026394,0,0
2014-03-26,0.11122390546984469,0,0
2014-03-27,0.11340084613360212,0,0
2014-03-28,0.1099060456177512,0,0
2014-03-31,0.10781859183646031,0,0
2014-04-01,0.10996124168378753,0,0
2014-04-02,0.1105480830673681,0,0
2014-04-03,0.10715826349608078,0,0
2014-04-04,0.10378997588744034,0,0
2014-04-07,0.11906286891298462,0,0
2014-04-08,0.12711194748150983,0,0
2014-04-09,0.12293657035413792,0,0
2014-04-10,0.128208913912982,0,0
2014-04-11,0.1621992984018658,0,0
2014-04-14,0.1622863046251033,0,0
2014-04-15,0.15909745960558383,0,0
2014-04-16,0.15467709672796404,0,0
2014-04-17,0.1552561428765808,0,0
2014-04-21,0.14822042035849864,0,0
2014-04-22,0.14247768056779525,0,0
2014-04-23,0.13734653657626955,0,0
2014-04-24,0.1322078135242334,0,0
2014-04-25,0.1268464332984925,0,0
2014-04-28,0.12884989442505382,0,0
2014-04-29,0.12427170025869586,0,0
2014-04-30,0.1210447148655055,0,0
2014-05-01,0.11691886289306852,0,0
2014-05-02,0.11254541354211783,0,0
2014-05-05,0.10882712619207492,0,0
2014-05-06,0.10515291242785277,0,0
2014-05-07,0.11185963529042867,0,0
2014-05-08,0.11054309778156197,0,0
2014-05-09,0.10699579685301797,0,0
2014-05-12,0.1033851340434988,0,0
2014-05-13,0.10925351535055335,0,0
2014-05-14,0.10538390741721279,0,0
2014-05-15,0.10500915269219462,0,0
2014-05-16,0.1124794377853656,0,0
2014-05-19,0.10946645642676009,0,0
2014-05-20,0.10677118922087647,0,0
2014-05-21,0.10869591556434727,0,0
2014-05-22,0.1110570373793655,0,0
2014-05-23,0.1074032512643419,0,0
2014-05-27,0.10518797165171163,0,0
2014-05-28,0.1049447222769131,0,0
2014-05-29,0.10172209577871223,0,0
2014-05-30,0.10110742552249745,0,0
2014-06-02,0.09802104295431362,0,0
2014-06-03,0.09497557180081045,0,0
2014-06-04,0.09227696414656808,0,0
2014-06-05,0.08988343874024476,0,0
2014-06-06,0.0921286847787941,0,0
2014-06-09,0.0916518136616103,0,0
2014-06-10,0.08908406606953417,0,0
2014-06-11,0.08679766952440833,0,0
2014-06-12,0.08701633274873741,0,0
2014-06-13,0.09287324142702516,0,0
2014-06-16,0.09104289824110019,0,0
2014-06-17,0.08850143615902342,0,0
2014-06-18,0.08649619453211135,0,0
2014-06-19,0.09123406439350475,0,0
2014-06-20,0.08871655360552351,0,0
2014-06-23,0.08650742836940467,0,0
2014-06-24,0.08436854194359131,0,0
2014-06-25,0.08935517113197691,0,0
2014-06-26,0.0894290929742583,0,0
2014-06-27,0.08740448359507959,0,0
2014-06-30,0.08534510526828065,0,0
2014-07-01,0.0833329524509873,0,0
2014-07-02,0.08665148425335857,0,0
2014-07-03,0.08438736978536208,0,0
2014-07-07,0.08570852977158812,0,0
2014-07-08,0.08645000548607487,0,0
2014-07-09,0.09226841440902632,0,0
2014-07-10,0.09171587022441971,0,0
2014-07-11,0.09201527742718407,0,0
2014-07-14,0.08941146768181298,0,0
2014-07-15,0.08936470511328201,0,0
2014-07-16,0.08774245442521829,0,0
2014-07-17,0.08717144370452215,0,0
2014-07-18,0.10471394047187461,0,0
2014-07-21,0.11152448332661433,0,0
2014-07-22,0.10826394749948684,0,0
2014-07-23,0.1065292646965038,0,0
2014-07-24,0.10288024840492507,0,0
2014-07-25,0.09935920595715717,0,0
2014-07-28,0.09972004064503479,0,0
2014-07-29,0.0964503095795379,0,0
2014-07-30,0.09670156078537881,0,0
2014-07-31,0.09368270745271694,0,0
2014-08-01,0.13616908186586174,0,0
2014-08-04,0.13131174961848702,0,0
2014-08-05,0.12980735934699716,0,0
2014-08-06,0.13410862836464693,0,0
2014-08-07,0.12840608751691698,0,0
2014-08-08,0.1266456529906869,0,0
2014-08-11,0.13251283485867896,0,0
2014-08-12,0.12737169514110483,0,0
2014-08-13,0.12262915357036193,0,0
2014-08-14,0.12142569351969848,0,0
2014-08-15,0.11805946155149154,0,0
2014-08-18,0.11356467354739597,0,0
2014-08-19,0.11585805168174328,0,0
2014-08-20,0.11349291927386393,0,0
2014-08-21,0.10966093189341337,0,0
2014-08-22,0.1063339952439772,0,0
2014-08-25,0.10339396017149494,0,0
2014-08-26,0.10194181991839628,0,0
2014-08-27,0.09857928208792721,0,0
2014-08-28,0.09547146820815358,0,0
2014-08-29,0.09322081877259114,0,0
2014-09-02,0.09143558124324849,0,0
2014-09-03,0.08898804936499632,0,0
2014-09-04,0.08680870904549615,0,0
2014-09-05,0.08517554894577278,0,0
2014-09-08,0.0858287494947286,0,0
2014-09-09,0.08554738573025616,0,0
2014-09-10,0.09045087745723739,0,0
2014-09-11,0.08915284130518765,0,0
2014-09-12,0.08669840322481488,0,0
2014-09-15,0.09033329712368739,0,0
2014-09-16,0.08798912282061475,0,0
2014-09-17,0.09200012085164389,0,0
2014-09-18,0.08936587686613573,0,0
2014-09-19,0.08937202101108581,0,0
2014-09-22,0.08702403868078949,0,0
2014-09-23,0.09465764873642858,0,0
2014-09-24,0.09686260378960414,0,0
2014-09-25,0.10020800178974215,0,0
2014-09-26,0.12736490173081325,0,0
2014-09-29,0.1281142445834645,0,0
2014-09-30,0.12363014853499164,0,0
2014-10-01,0.11967944069843303,0,0
2014-10-02,0.13352310023250072,0,0
2014-10-03,0.12775778617446554,0,0
2014-10-06,0.13282646825173694,0,0
2014-10-07,0.12753539681874118,0,0
2014-10-08,0.1446089493878254,0,0
2014-10-09,0.1607893396436401,0,1
2014-10-10,0.186368559679331,0,1
2014-10-13,0.18677612420906362,0,1
2014-10-14,0.19674669108706885,0,1
2014-10-15,0.18664233001783934,0,1
2014-10-16,0.1823342334006399,0,1
2014-10-17,0.17321017257572952,0,0
2014-10-20,0.17543122346236803,0,0
2014-10-21,0.17201592129999493,0,0
2014-10-22,0.1881178787568686,0,0
2014-10-23,0.18282590739875634,0,0
2014-10-24,0.18297214200203069,0,0
2014-10-27,0.17672406310260108,0,0
2014-10-28,0.16831686331617238,0,0
2014-10-29,0.16952929333112718,0,0
2014-10-30,0.1615771490088555,0,0
2014-10-31,0.1563332004166326,0,0
2014-11-03,0.15862796890664901,0,0
2014-11-04,0.1511401365855455,0,0
2014-11-05,0.14508352395262633,0,0
2014-11-06,0.14070342586221837,0,0
2014-11-07,0.1352593310348763,0,0
2014-11-10,0.12926449092452316,0,0
2014-11-11,0.12428871510256274,0,0
2014-11-12,0.11901980474578767,0,0
2014-11-13,0.11428391932926234,0,0
2014-11-14,0.10969386470673458,0,0
2014-11-17,0.10544100057838153,0,0
2014-11-18,0.10148117558113644,0,0
2014-11-19,0.10044294499190232,0,0
2014-11-20,0.09745716810859337,0,0
2014-11-21,0.09437273211192129,0,0
2014-11-24,0.09423576075157246,0,0
2014-11-25,0.0918815933661619,0,0
2014-11-26,0.08946058767616816,0,0
2014-11-28,0.08749955845679515,0,0
2014-12-01,0.08650616840206035,0,0
2014-12-02,0.09224992485092395,0,0
2014-12-03,0.09401342382005119,0,0
2014-12-04,0.09239266988110005,0,0
2014-12-05,0.0899681170347129,0,0
2014-12-08,0.08745782335062213,0,0
2014-12-09,0.09389875106478097,0,0
2014-12-10,0.09099871060357272,0,1
2014-12-11,0.12318014824756583,0,1
2014-12-12,0.11952525804260483,0,1
2014-12-15,0.14278231946843692,0,1
2014-12-16,0.1403895492843975,0,0
2014-12-17,0.14140587753846462,0,0
2014-12-18,0.16731883095589184,0,0
2014-12-19,0.1979968609252328,0,0
2014-12-22,0.18815561256415803,0,0
2014-12-23,0.17873765878362335,0,0
2014-12-24,0.16939352819945516,0,0
2014-12-26,0.1606950934502406,0,0
2014-12-29,0.15320738388047087,0,0
2014-12-30,0.14566186716145238,0,0
2014-12-31,0.14141234888366522,0,0
2015-01-02,0.14564006393259968,0,0
2015-01-05,0.13872146583282383,0,1
2015-01-06,0.16343773572500642,0,0
2015-01-07,0.16243473029580732,0,0
2015-01-08,0.16391009198641848,0,0
2015-01-09,0.17813168569560103,0,0
2015-01-12,0.17488576851557558,0,1
2015-01-13,0.17155778927245133,0,1
2015-01-14,0.16350536398455645,0,1
2015-01-15,0.1585827671579152,0,1
2015-01-16,0.1586870833098071,0,0
2015-01-20,0.16393130018145233,0,0
2015-01-21,0.15572267889168084,0,0
2015-01-22,0.14948194023276926,0,0
2015-01-23,0.1600654841273416,0,0
2015-01-26,0.155138924540428,0,0
2015-01-27,0.14782038759893132,0,1
2015-01-28,0.15754155694026614,0,0
2015-01-29,0.16588428701624955,0,1
2015-01-30,0.16375433509178267,0,0
2015-02-02,0.170064466785118,0,0
2015-02-03,0.17288195332133574,0,0
2015-02-04,0.17806777210950975,0,0
2015-02-05,0.17049191885668372,0,0
2015-02-06,0.16892180978153962,0,0
2015-02-09,0.16157471304703722,0,0
2015-02-10,0.15540290815916466,0,0
2015-02-11,0.1561365604559353,0,0
2015-02-12,0.1484488610911635,0,0
2015-02-13,0.14837575498155267,0,0
2015-02-17,0.1422752872163624,0,0
2015-02-18,0.13561704364557342,0,0
2015-02-19,0.1294163738583184,0,0
2015-02-20,0.12385895636842084,0,0
2015-02-23,0.12166184494432888,0,0
2015-02-24,0.11647264605190923,0,0
2015-02-25,0.11210597294516057,0,0
2015-02-26,0.107761478356874,0,0
2015-02-27,0.10407005398306202,0,0
2015-03-02,0.1017812840917729,0,0
2015-03-03,0.10200891844037714,0,0
2015-03-04,0.10174555767812968,0,0
2015-03-05,0.10131144786031261,0,0
2015-03-06,0.0976826963626972,0,0
2015-03-09,0.12096618447666863,0,0
2015-03-10,0.11701843944526527,0,0
2015-03-11,0.14354384631775166,0,0
2015-03-12,0.1371901770557412,0,0
2015-03-13,0.14410615645278116,0,0
2015-03-16,0.14125611753144549,0,0
2015-03-17,0.14949857359430146,0,0
2015-03-18,0.1435148728234624,0,0
2015-03-19,0.1485219451872424,0,0
2015-03-20,0.14394545552521465,0,0
2015-03-23,0.14344128438598583,0,0
2015-03-24,0.1370722516494619,0,0
2015-03-25,0.13505625913711236,0,0
2015-03-26,0.15014230982628157,0,0
2015-03-27,0.14354951008602554,0,0
2015-03-30,0.13697328554185043,0,0
2015-03-31,0.14310256289184725,0,0
2015-04-01,0.1443396305264907,0,0
2015-04-02,0.13932317946321768,0,0
2015-04-06,0.13360127605409736,0,0
2015-04-07,0.13103324686894308,0,0
2015-04-08,0.1258153691917573,0,0
2015-04-09,0.12074024373756391,0,0
2015-04-10,0.11721956400656731,0,0
2015-04-13,0.11471519977819039,0,0
2015-04-14,0.11310696075373766,0,0
2015-04-15,0.10866255632599384,0,0
2015-04-16,0.10695219311918429,0,0
2015-04-17,0.10309720698177434,0,0
2015-04-20,0.11640694181395111,0,0
2015-04-21,0.11978262406523588,0,0
2015-04-22,0.11518209079129973,0,0
2015-04-23,0.11277408454388979,0,0
2015-04-24,0.10861884062011146,0,0
2015-04-27,0.10476224135888806,0,0
2015-04-28,0.10369601793933636,0,0
2015-04-29,0.10050441320344564,0,0
2015-04-30,0.0994280913231824,0,0
2015-05-01,0.11038550063119591,0,0
2015-05-04,0.11812177043554604,0,0
2015-05-05,0.11378524981783375,0,0
2015-05-06,0.12612592834378794,0,0
2015-05-07,0.12319604635433978,0,0
2015-05-08,0.11894105016024964,0,0
2015-05-11,0.13099579254723018,0,0
2015-05-12,0.1282937591990119,0,0
2015-05-13,0.123840828402464,0,0
2015-05-14,0.11853414552038806,0,0
2015-05-15,0.12455961451281657,0,0
2015-05-18,0.11911905971553968,0,0
2015-05-19,0.11477514596367157,0,0
2015-05-20,0.11027981186119763,0,0
2015-05-21,0.1062421074152845,0,0
2015-05-22,0.10262832652529781,0,0
2015-05-26,0.09995086107179837,0,0
2015-05-27,0.11113511989891503,0,0
2015-05-28,0.11512129172845086,0,0
2015-05-29,0.11081403628300328,0,0
2015-06-01,0.1120233674053664,0,0
2015-06-02,0.1078318385025543,0,0
2015-06-03,0.10402640837039016,0,0
2015-06-04,0.10052290615111689,0,0
2015-06-05,0.10760911114744984,0,0
2015-06-08,0.10400338307797566,0,0
2015-06-09,0.10632606795536699,0,0
2015-06-10,0.10233371935873359,0,0
2015-06-11,0.11420212308546822,0,0
2015-06-12,0.10973236635701149,0,0
2015-06-15,0.1121738272285519,0,0
2015-06-16,0.110842792259466,0,0
2015-06-17,0.10955052470914997,0,0
2015-06-18,0.10554323968776409,0,0
2015-06-19,0.11184079647632632,0,0
2015-06-22,0.1114234841495469,0,0
2015-06-23,0.11054562089549166,0,0
2015-06-24,0.10622090798993644,0,0
2015-06-25,0.1097897001367796,0,0
2015-06-26,0.10701960828764788,0,0
2015-06-29,0.10309213195108434,0,0
2015-06-30,0.14732542757981246,0,0
2015-07-01,0.1405634690901329,0,0
2015-07-02,0.13770209820890258,0,0
2015-07-06,0.13139460788634316,0,0
2015-07-07,0.12744662603591198,0,0
2015-07-08,0.12494302369138151,0,0
2015-07-09,0.14774820544766523,0,0
2015-07-10,0.14089657669124092,0,0
2015-07-13,0.14655730695366817,0,0
2015-07-14,0.14904488380952477,0,0
2015-07-15,0.1431830564715926,0,0
2015-07-16,0.13659891224247422,0,0
2015-07-17,0.13551478649259957,0,0
2015-07-20,0.1293805950899959,0,0
2015-07-21,0.12368169914351396,0,0
2015-07-22,0.12084647596585145,0,0
2015-07-23,0.11672176424511993,0,0
2015-07-24,0.11625353989983749,0,0
2015-07-27,0.12504460664618847,0,0
2015-07-28,0.12378037026582445,0,0
2015-07-29,0.13223791943621632,0,0
2015-07-30,0.13071319010190688,0,0
2015-07-31,0.12494147390470327,0,0
2015-08-03,0.12041277122622525,0,0
2015-08-04,0.11657676686185345,0,0
2015-08-05,0.11272583511112949,0,0
2015-08-06,0.10904308709931185,0,0
2015-08-07,0.112865064166883,0,0
2015-08-10,0.10976738554546957,0,0
2015-08-11,0.1218088103528556,0,0
2015-08-12,0.12720554701321943,0,0
2015-08-13,0.12168315534088715,0,0
2015-08-14,0.11692808475539643,0,0
2015-08-17,0.11342292418933114,0,0
2015-08-18,0.11138207052031944,0,0
2015-08-19,0.10824074640194244,0,0
2015-08-20,0.11311409451412892,0,1
2015-08-21,0.15392325240358423,0,1
2015-08-24,0.22243385319184866,1,1
2015-08-25,0.29849517939571063,1,1
2015-08-26,0.28970327531027257,1,1
2015-08-27,0.33629485433559775,1,1
2015-08-28,0.33839836656992933,1,1
2015-08-31,0.31730996276861645,1,1
2015-09-01,0.30144744692819947,1,1
2015-09-02,0.32471552124246367,1,1
2015-09-03,0.3181559505179955,1,1
2015-09-04,0.2986788947870435,1,1
2015-09-08,0.2925685908792046,1,1
2015-09-09,0.3022010810372678,1,1
2015-09-10,0.2937008044246493,1,1
2015-09-11,0.27700681556201506,1,1
2015-09-14,0.2611573938032554,1,1
2015-09-15,0.24675275654401377,1,1
2015-09-16,0.24056534920242628,1,1
2015-09-17,0.23020290835893176,1,1
2015-09-18,0.21724473656439064,1,1
2015-09-21,0.2225651231628503,1,1
2015-09-22,0.2105645176042242,1,1
2015-09-23,0.20947683133034953,1,1
2015-09-24,0.19779681020817247,0,1
2015-09-25,0.1875362168418446,0,1
2015-09-28,0.17690658461202644,0,1
2015-09-29,0.21693065307069914,1,1
2015-09-30,0.20451462597663972,1,1
2015-10-01,0.2148954183593495,1,1
2015-10-02,0.20273454228862264,1,0
2015-10-05,0.2038342827109154,1,0
2015-10-06,0.21256793119639236,1,0
2015-10-07,0.20158444930816335,1,0
2015-10-08,0.19404512065232357,0,0
2015-10-09,0.18802833439799083,0,0
2015-10-12,0.17758517618881828,0,0
2015-10-13,0.16788952541385802,0,0
2015-10-14,0.16340699186458454,0,0
2015-10-15,0.15707632219361245,0,0
2015-10-16,0.16597758559509979,0,0
2015-10-19,0.15845244159681354,0,0
2015-10-20,0.1501161324034545,0,0
2015-10-21,0.14273850694561507,0,0
2015-10-22,0.1395679249868321,0,0
2015-10-23,0.15624047848201036,0,0
2015-10-26,0.1575324539060567,0,0
2015-10-27,0.14987600903942697,0,0
2015-10-28,0.1431480303424141,0,0
2015-10-29,0.1477833811943496,0,0
2015-10-30,0.14040526844300405,0,0
2015-11-02,0.136363778846283,0,0
2015-11-03,0.1421152244507611,0,0
2015-11-04,0.1355259218854587,0,0
2015-11-05,0.13074286392193976,0,0
2015-11-06,0.12488771064142817,0,0
2015-11-09,0.11926862614091388,0,0
2015-11-10,0.12620296147870064,0,0
2015-11-11,0.12050873603661807,0,0
2015-11-12,0.11683881941126695,0,1
2015-11-13,0.13500762202558284,0,0
2015-11-16,0.142247389543734,0,0
2015-11-17,0.15385489856233178,0,0
2015-11-18,0.1462414122133471,0,0
2015-11-19,0.16017670825584612,0,0
2015-11-20,0.15200100840059813,0,0
2015-11-23,0.14517551048492489,0,0
2015-11-24,0.13823993725828687,0,0
2015-11-25,0.13157479022028837,0,0
2015-11-27,0.12544003327362838,0,0
2015-11-30,0.11973579618138816,0,0
2015-12-01,0.11761517893439499,0,0
2015-12-02,0.12391025844257376,0,0
2015-12-03,0.13262333425620404,0,0
2015-12-04,0.14819993858550168,0,0
2015-12-07,0.17384627136267639,0,0
2015-12-08,0.16896305220381416,0,0
2015-12-09,0.1639817258976707,0,0
2015-12-10,0.16111214199615737,0,1
2015-12-11,0.1528709752008652,0,1
2015-12-14,0.17852341887887757,0,1
2015-12-15,0.17009454654402714,0,0
2015-12-16,0.16901404165655265,0,0
2015-12-17,0.17518438654858867,0,1
2015-12-18,0.18449211143817631,0,0
2015-12-21,0.19889401669819123,0,0
2015-12-22,0.19123450726217245,0,0
2015-12-23,0.18543593833564906,0,0
2015-12-24,0.1854169069998216,0,0
2015-12-28,0.17548217986465312,0,0
2015-12-29,0.1665347883392745,0,0
2015-12-30,0.16588491351074422,0,0
2015-12-31,0.16213180352685697,0,1
2016-01-04,0.16203882341809517,0,0
2016-01-05,0.17423404193971975,0,1
2016-01-06,0.1649519217820996,0,1
2016-01-07,0.17154798921107953,0,1
2016-01-08,0.2059470756035482,1,1
2016-01-11,0.20299287505577168,1,1
2016-01-12,0.19143678501258954,0,1
2016-01-13,0.18454566776235637,0,1
2016-01-14,0.21960647952118692,1,1
2016-01-15,0.222885198063837,1,1
2016-01-19,0.23991376813077203,1,1
2016-01-20,0.22569316277382748,1,1
2016-01-21,0.2218796011578539,1,1
2016-01-22,0.210367469562202,1,1
2016-01-25,0.2225835001851043,1,1
2016-01-26,0.2260237055278401,1,1
2016-01-27,0.22402894014473712,1,1
2016-01-28,0.2191956518439238,1,1
2016-01-29,0.20810431437555185,1,0
2016-02-01,0.23196158324571545,1,1
2016-02-02,0.21844902197848187,1,1
2016-02-03,0.2291750607990474,1,1
2016-02-04,0.21702080664130402,1,1
2016-02-05,0.20457591108154435,1,1
2016-02-08,0.2169919905947926,1,1
2016-02-09,0.21834043615845514,1,1
2016-02-10,0.2058465856370792,1,1
2016-02-11,0.19416936685048372,0,1
2016-02-12,0.19505907845203962,0,1
2016-02-16,0.20813608416540982,1,1
2016-02-17,0.21263604929568242,1,1
2016-02-18,0.21643246365275795,1,1
2016-02-19,0.2057695839058054,1,0
2016-02-22,0.19409935687306765,0,1
2016-02-23,0.19659153089833184,0,1
2016-02-24,0.19747461880806405,0,0
2016-02-25,0.18743847410915937,0,0
2016-02-26,0.1855037681020756,0,1
2016-02-29,0.17568373568645007,0,0
2016-03-01,0.17210529531068391,0,0
2016-03-02,0.20163098958719838,1,0
2016-03-03,0.19113559354530094,0,0
2016-03-04,0.18115150814865705,0,0
2016-03-07,0.17182124782166167,0,0
2016-03-08,0.16257491181356018,0,0
2016-03-09,0.16573376985439306,0,0
2016-03-10,0.15861872093112345,0,0
2016-03-11,0.15033272617453008,0,0
2016-03-14,0.1640882866687442,0,0
2016-03-15,0.1557148937412286,0,0
2016-03-16,0.1481823028063328,0,0
2016-03-17,0.14304043745537806,0,0
2016-03-18,0.13940854987607348,0,0
2016-03-21,0.13401822187612716,0,0
2016-03-22,0.12758265340031807,0,0
2016-03-23,0.12185232566681001,0,0
2016-03-24,0.1218834385638647,0,0
2016-03-28,0.11649052581521975,0,0
2016-03-29,0.11142061610304049,0,0
2016-03-30,0.11502792577512454,0,0
2016-03-31,0.1118323743723983,0,0
2016-04-01,0.10804609976705712,0,0
2016-04-04,0.10792686771804157,0,0
2016-04-05,0.10548627929468238,0,0
2016-04-06,0.11586008723871044,0,0
2016-04-07,0.12216536475479423,0,0
2016-04-08,0.13376420480411946,0,0
2016-04-11,0.12785437128504998,0,0
2016-04-12,0.12311577609078807,0,0
2016-04-13,0.12655801551349863,0,0
2016-04-14,0.13020051473828692,0,0
2016-04-15,0.12408773464178782,0,0
2016-04-18,0.11873872971031593,0,0
2016-04-19,0.11764753127731672,0,0
2016-04-20,0.11329564938665773,0,0
2016-04-21,0.10857127457678428,0,0
2016-04-22,0.10848338129714633,0,0
2016-04-25,0.10420166726429023,0,0
2016-04-26,0.10101757723179827,0,0
2016-04-27,0.09757485149841007,0,0
2016-04-28,0.09436616898409345,0,0
2016-04-29,0.10470228949910104,0,0
2016-05-02,0.10487613377263248,0,0
2016-05-03,0.10758757952171905,0,0
2016-05-04,0.11399728885033059,0,0
2016-05-05,0.11429530043980976,0,0
2016-05-06,0.10954329219297494,0,0
2016-05-09,0.10599661032127537,0,0
2016-05-10,0.10189771683063428,0,0
2016-05-11,0.115771754398994,0,0
2016-05-12,0.12272270113588629,0,0
2016-05-13,0.11724288374948284,0,0
2016-05-16,0.12161290046523218,0,0
2016-05-17,0.12554734955952068,0,0
2016-05-18,0.13053868362029483,0,0
2016-05-19,0.12436588740288156,0,0
2016-05-20,0.12074002140976543,0,0
2016-05-23,0.11877181553991681,0,0
2016-05-24,0.11440402454101442,0,0
2016-05-25,0.12864134061043514,0,0
2016-05-26,0.12699587760386874,0,0
2016-05-27,0.12119354077676305,0,0
2016-05-31,0.11738155268709898,0,0
2016-06-01,0.11261459673081484,0,0
2016-06-02,0.10799286495389229,0,0
2016-06-03,0.10437249734736644,0,0
2016-06-06,0.10202936549682218,0,0
2016-06-07,0.10077901013241923,0,0
2016-06-08,0.09720161979411553,0,0
2016-06-09,0.09492731688721655,0,0
2016-06-10,0.09257175678559623,0,1
2016-06-13,0.10308285553849948,0,1
2016-06-14,0.10899857790175178,0,1
2016-06-15,0.10533606440173189,0,0
2016-06-16,0.10204337886141175,0,0
2016-06-17,0.09918366434163929,0,0
2016-06-20,0.09769946486665343,0,0
2016-06-21,0.09814967261196723,0,1
2016-06-22,0.09538620311235958,0,0
2016-06-23,0.09292821196944152,0,1
2016-06-24,0.11151944596735344,0,1
2016-06-27,0.22271973113090537,1,0
2016-06-28,0.23173219490135225,1,0
2016-06-29,0.2355564783149449,1,0
2016-06-30,0.23736803746857799,1,0
2016-07-01,0.2329509807890507,1,0
2016-07-05,0.21874771788374112,1,0
2016-07-06,0.2092267715183452,1,0
2016-07-07,0.1983698552349242,0,0
2016-07-08,0.18689396199052746,0,0
2016-07-11,0.19206525159487176,0,0
2016-07-12,0.18153660864985535,0,0
2016-07-13,0.17447967926233465,0,0
2016-07-14,0.1646783188026872,0,0
2016-07-15,0.15753547312327404,0,0
2016-07-18,0.14920443893395724,0,0
2016-07-19,0.14162419562202982,0,0
2016-07-20,0.13471919286562925,0,0
2016-07-21,0.12942929122750454,0,0
2016-07-22,0.12506785323045472,0,0
2016-07-25,0.12094273998468255,0,0
2016-07-26,0.116873872188555,0,0
2016-07-27,0.11159586896110685,0,0
2016-07-28,0.10718375221750118,0,0
2016-07-29,0.10290033405433498,0,0
2016-08-01,0.099023388213958,0,0
2016-08-02,0.0958630798087133,0,0
2016-08-03,0.09979521168422452,0,0
2016-08-04,0.09709107142704693,0,0
2016-08-05,0.09368431559692328,0,0
2016-08-08,0.10027279161830681,0,0
2016-08-09,0.09689115064273465,0,0
2016-08-10,0.0935165391348367,0,0
2016-08-11,0.09232483918149775,0,0
2016-08-12,0.09213770161451543,0,0
2016-08-15,0.08952447510784424,0,0
2016-08-16,0.0876881684969859,0,0
2016-08-17,0.09124880748287488,0,0
2016-08-18,0.08869543687181089,0,0
2016-08-19,0.08656706980361606,0,0
2016-08-22,0.08489546044196856,0,0
2016-08-23,0.08292320411239755,0,0
2016-08-24,0.08127545202936307,0,0
2016-08-25,0.08544716941484738,0,0
2016-08-26,0.0838154734509218,0,0
2016-08-29,0.08251146497523547,0,0
2016-08-30,0.08439034578319353,0,0
2016-08-31,0.08331564157036124,0,0
2016-09-01,0.08276401994081498,0,0
2016-09-02,0.08079571598403418,0,0
2016-09-06,0.08139748220107598,0,0
2016-09-07,0.08057259750797548,0,0
2016-09-08,0.07884048082941417,0,0
2016-09-09,0.07865134490163957,0,0
2016-09-12,0.1567932049977792,0,0
2016-09-13,0.16608540360122195,0,0
2016-09-14,0.17725181291048905,0,0
2016-09-15,0.16672863010141553,0,0
2016-09-16,0.1651338910503915,0,0
2016-09-19,0.15732167792902504,0,0
2016-09-20,0.14853189444001585,0,0
2016-09-21,0.14049592567561572,0,0
2016-09-22,0.14404880236244422,0,0
2016-09-23,0.14001425898250952,0,0
2016-09-26,0.1368927321421854,0,0
2016-09-27,0.13873698363284662,0,0
2016-09-28,0.13523480945966787,0,0
2016-09-29,0.13082145450953359,0,0
2016-09-30,0.13505829369031364,0,0
2016-10-03,0.13410986143777695,0,0
2016-10-04,0.1289457137356175,0,0
2016-10-05,0.12609169801234282,0,0
2016-10-06,0.12168867426451423,0,0
2016-10-07,0.11603801304527578,0,0
2016-10-10,0.11273472052736483,0,0
2016-10-11,0.11005311314829365,0,0
2016-10-12,0.12635612087919304,0,0
2016-10-13,0.12033650962619072,0,0
2016-10-14,0.11643804702578352,0,0
2016-10-17,0.1113011638820011,0,0
2016-10-18,0.10830879769570745,0,0
2016-10-19,0.10813571104552136,0,0
2016-10-20,0.10414219208074751,0,0
2016-10-21,0.100671561008186,0,0
2016-10-24,0.0970788622625564,0,0
2016-10-25,0.09644524845284058,0,0
2016-10-26,0.09605713509571953,0,0
2016-10-27,0.09365756317684838,0,0
2016-10-28,0.09264211537204434,0,0
2016-10-31,0.09188115395998475,0,0
2016-11-01,0.08917660159560338,0,0
2016-11-02,0.09516784768473267,0,1
2016-11-03,0.09948753062286443,0,1
2016-11-04,0.0994881256172788,0,0
2016-11-07,0.09661994158511296,0,0
2016-11-08,0.1479608673336969,0,0
2016-11-09,0.14091441169582802,0,0
2016-11-10,0.14473880524149393,0,0
2016-11-11,0.13716863872825918,0,0
2016-11-14,0.13050838222974606,0,0
2016-11-15,0.12410542065326408,0,0
2016-11-16,0.12381168865344612,0,0
2016-11-17,0.11852240605291435,0,0
2016-11-18,0.11527733214134897,0,0
2016-11-21,0.11134394820009963,0,0
2016-11-22,0.11278137568215828,0,0
2016-11-23,0.10831869097459558,0,0
2016-11-25,0.10395212966618408,0,0
2016-11-28,0.10157695114054231,0,0
2016-11-29,0.10266299199073883,0,0
2016-11-30,0.09892503226586813,0,0
2016-12-01,0.09699253601025012,0,0
2016-12-02,0.096215836620912,0,0
2016-12-05,0.09303481471771821,0,0
2016-12-06,0.09444933697279859,0,0
2016-12-07,0.09270155221670928,0,0
2016-12-08,0.11199537493609768,0,0
2016-12-09,0.10757284465707458,0,0
2016-12-12,0.10711299085903639,0,0
2016-12-13,0.10323859857014063,0,0
2016-12-14,0.10427026446765142,0,0
2016-12-15,0.11049419142276834,0,0
2016-12-16,0.10734426999339448,0,0
2016-12-19,0.1037840105132715,0,0
2016-12-20,0.10012339659413569,0,0
2016-12-21,0.097913021333005,0,0
2016-12-22,0.09592077795795922,0,0
2016-12-23,0.09366355596819745,0,0
2016-12-27,0.09081090825837049,0,0
2016-12-28,0.08863178975158419,0,0
2016-12-29,0.09858141071200827,0,0
2016-12-30,0.09525104970631415,0,0
2017-01-03,0.09622126270539663,0,0
2017-01-04,0.10208770164540858,0,0
2017-01-05,0.10203321372719318,0,0
2017-01-06,0.09849624764973752,0,0
2017-01-09,0.09634718789498362,0,0
2017-01-10,0.09567189365835266,0,0
2017-01-11,0.0925696396169766,0,0
2017-01-12,0.09054433242236798,0,0
2017-01-13,0.08909507837835719,0,0
2017-01-17,0.08688929868720398,0,0
2017-01-18,0.08671347614833236,0,0
2017-01-19,0.08472185814475508,0,0
2017-01-20,0.08564716454098856,0,0
2017-01-23,0.08484985338146593,0,0
2017-01-24,0.08459589469900895,0,0
2017-01-25,0.08855921625185441,0,0
2017-01-26,0.09480744375498687,0,0
2017-01-27,0.09194645079773604,0,0
2017-01-30,0.0894476744717755,0,0
2017-01-31,0.09372804903673342,0,0
2017-02-01,0.09103865084735212,0,0
2017-02-02,0.08831196060662556,0,0
2017-02-03,0.08585839876914116,0,0
2017-02-06,0.09095224729899266,0,0
2017-02-07,0.08936146658202922,0,0
2017-02-08,0.08680390494038587,0,0
2017-02-09,0.08449737300681451,0,0
2017-02-10,0.08694068696574306,0,0
2017-02-13,0.08609963390940338,0,0
2017-02-14,0.08746364603393146,0,0
2017-02-15,0.08700060518090307,0,0
2017-02-16,0.08784019744446055,0,0
2017-02-17,0.08573334705133377,0,0
2017-02-21,0.08370202809524359,0,0
2017-02-22,0.08671109136570561,0,0
2017-02-23,0.08482972218918794,0,0
2017-02-24,0.08267731446635976,0,0
2017-02-27,0.08089053371003048,0,0
2017-02-28,0.07917718354265306,0,0
2017-03-01,0.0794490966309622,0,0
2017-03-02,0.10440731873429486,0,0
2017-03-03,0.10600854548256275,0,0
2017-03-06,0.10169852054911324,0,0
2017-03-07,0.09996257481452596,0,0
2017-03-08,0.0980449002649829,0,0
2017-03-09,0.09575931523626167,0,0
2017-03-10,0.0924940917060225,0,0
2017-03-13,0.09067811524047342,0,0
2017-03-14,0.08792535392826897,0,0
2017-03-15,0.0880075167676534,0,0
2017-03-16,0.09494352647592551,0,0
2017-03-17,0.09248873600280104,0,0
2017-03-20,0.09009857085899603,0,0
2017-03-21,0.08846305564701132,0,0
2017-03-22,0.11041420358551868,0,0
2017-03-23,0.10593043548034163,0,0
2017-03-24,0.10202263838051319,0,0
2017-03-27,0.09841893835137266,0,0
2017-03-28,0.09525663686689873,0,0
2017-03-29,0.09854854477453683,0,0
2017-03-30,0.09504420453759975,0,0
2017-03-31,0.09269045539227451,0,0
2017-04-03,0.09096747222639608,0,0
2017-04-04,0.08894943915447841,0,0
2017-04-05,0.08635822081389251,0,0
2017-04-06,0.0861988920843339,0,0
2017-04-07,0.08419103737456952,0,0
2017-04-10,0.08240761456375509,0,0
2017-04-11,0.08047508784455219,0,0
2017-04-12,0.07945207104956105,0,0
2017-04-13,0.08115574141598225,0,0
2017-04-17,0.08853777970862825,0,0
2017-04-18,0.09591554823559251,0,0
2017-04-19,0.09437100388640048,0,0
2017-04-20,0.09197004708837599,0,0
2017-04-21,0.0963813399973377,0,0
2017-04-24,0.09492181671837313,0,0
2017-04-25,0.10646671234374705,0,0
2017-04-26,0.106167456528647,0,0
2017-04-27,0.10198152793194895,0,0
2017-04-28,0.09805171559650788,0,0
2017-05-01,0.09541599453254206,0,0
2017-05-02,0.09233389638411167,0,0
2017-05-03,0.08941149110076844,0,0
2017-05-04,0.08726719872937563,0,0
2017-05-05,0.08478887362913654,0,0
2017-05-08,0.08462844590463514,0,0
2017-05-09,0.08245906342550448,0,0
2017-05-10,0.0809074187602167,0,0
2017-05-11,0.07911926585196086,0,0
2017-05-12,0.07881793528120336,0,0
2017-05-15,0.07794811366289787,0,0
2017-05-16,0.07960501878625975,0,0
2017-05-17,0.07815584224960698,0,0
2017-05-18,0.12622525943538662,0,0
2017-05-19,0.12117467600467953,0,0
2017-05-22,0.12001118856746222,0,0
2017-05-23,0.11696560806774998,0,0
2017-05-24,0.11189068285902874,0,0
2017-05-25,0.10756990867857193,0,0
2017-05-26,0.10515883423273155,0,0
2017-05-30,0.10100721559658567,0,0
2017-05-31,0.09768298693229344,0,0
2017-06-01,0.09438817082948603,0,0
2017-06-02,0.09833614325737079,0,0
2017-06-05,0.09623369043766422,0,0
2017-06-06,0.0933936068749732,0,0
2017-06-07,0.09205452733888045,0,0
2017-06-08,0.08930212696789432,0,0
2017-06-09,0.08667972765040899,0,0
2017-06-12,0.08462375626736009,0,0
2017-06-13,0.08285370746008308,0,0
2017-06-14,0.083487007992878,0,0
2017-06-15,0.08184077244681909,0,0
2017-06-16,0.08130778638603638,0,0
2017-06-19,0.0794726996439495,0,0
2017-06-20,0.08794454241633232,0,0
2017-06-21,0.09364880553130052,0,0
2017-06-22,0.09072994433628187,0,0
2017-06-23,0.08806683089892191,0,0
2017-06-26,0.08567034137078924,0,0
2017-06-27,0.08336387294531139,0,0
2017-06-28,0.09323714642194443,0,0
2017-06-29,0.09998793626679595,0,0
2017-06-30,0.10773397959026687,0,0
2017-07-03,0.10337150572184142,0,0
2017-07-05,0.09973311066523521,0,0
2017-07-06,0.0961385280443328,0,0
2017-07-07,0.10652627946268416,0,0
2017-07-10,0.10666358494306855,0,0
2017-07-11,0.10231918462189214,0,0
2017-07-12,0.0986208926210549,0,0
2017-07-13,0.10135749305898287,0,0
2017-07-14,0.09774539236836625,0,0
2017-07-17,0.09665684766862824,0,0
2017-07-18,0.0933071340660152,0,0
2017-07-19,0.09022534522664223,0,0
2017-07-20,0.09098976889067091,0,0
2017-07-21,0.08821002981897563,0,0
2017-07-24,0.08576281054711486,0,0
2017-07-25,0.0838564803188666,0,0
2017-07-26,0.08263289255484334,0,0
2017-07-27,0.08060933907573208,0,0
2017-07-28,0.0791938284339268,0,0
2017-07-31,0.0781539633857055,0,0
2017-08-01,0.07686758615775385,0,0
2017-08-02,0.07606275804524519,0,0
2017-08-03,0.07467845153141472,0,0
2017-08-04,0.0748696483975762,0,0
2017-08-07,0.07392984100636354,0,0
2017-08-08,0.07297214215678431,0,0
2017-08-09,0.07360897104965294,0,0
2017-08-10,0.07260103421683414,0,0
2017-08-11,0.10754306549070874,0,0
2017-08-14,0.10307878373375835,0,0
2017-08-15,0.11079314242541226,0,0
2017-08-16,0.10612479127255083,0,0
2017-08-17,0.10186945756403117,0,0
2017-08-18,0.12950105197493642,0,0
2017-08-21,0.12365149132240956,0,0
2017-08-22,0.11775816775645062,0,0
2017-08-23,0.12261252626248297,0,0
2017-08-24,0.11866354888398654,0,0
2017-08-25,0.11403202249085659,0,0
2017-08-28,0.10915477352285739,0,0
2017-08-29,0.10456515053519712,0,0
2017-08-30,0.10040986729056228,0,0
2017-08-31,0.09893590683852789,0,0
2017-09-01,0.09903981970522185,0,0
2017-09-05,0.095676251879645,0,0
2017-09-06,0.10168475171117104,0,0
2017-09-07,0.09870568122819111,0,0
2017-09-08,0.09515712154387494,0,0
2017-09-11,0.09248665386726901,0,0
2017-09-12,0.1042813482626588,0,0
2017-09-13,0.10119827620865211,0,0
2017-09-14,0.0973439148017211,0,0
2017-09-15,0.09424947773212813,0,0
2017-09-18,0.09130012640930664,0,0
2017-09-19,0.08850957107317384,0,0
2017-09-20,0.08591378647058573,0,0
2017-09-21,0.083525172671022,0,0
2017-09-22,0.08355784132499011,0,0
2017-09-25,0.08140127512021421,0,0
2017-09-26,0.08079647579040297,0,0
2017-09-27,0.07895276775257107,0,0
2017-09-28,0.07946224280437154,0,0
2017-09-29,0.07778052316908053,0,0
2017-10-02,0.07797988372483015,0,0
2017-10-03,0.07833628484795088,0,0
2017-10-04,0.07713530382904688,0,0
2017-10-05,0.07567925771609114,0,0
2017-10-06,0.07897538682923963,0,0
2017-10-09,0.07771393512943454,0,0
2017-10-10,0.07712305643678231,0,0
2017-10-11,0.07612111369505385,0,0
2017-10-12,0.07493540638256704,0,0
2017-10-13,0.07455420180729852,0,0
2017-10-16,0.07325320564698973,0,0
2017-10-17,0.07233591450040551,0,0
2017-10-18,0.07123742152853375,0,0
2017-10-19,0.0702506478316702,0,0
2017-10-20,0.06936546507767254,0,0
2017-10-23,0.07269215672634796,0,0
2017-10-24,0.07550488633843085,0,0
2017-10-25,0.07421423669851374,0,0
2017-10-26,0.07799446208673515,0,0
2017-10-27,0.0763102192475673,0,0
2017-10-30,0.084584485687472,0,0
2017-10-31,0.0845114713121531,0,0
2017-11-01,0.0820813481899221,0,0
2017-11-02,0.08005744855196764,0,0
2017-11-03,0.0780838351409334,0,0
2017-11-06,0.07744008102459903,0,0
2017-11-07,0.0757906147916819,0,0
2017-11-08,0.07432799004990341,0,0
2017-11-09,0.07304559252830736,0,0
2017-11-10,0.07535388271125024,0,0
2017-11-13,0.07420919518118625,0,0
2017-11-14,0.07280070673948984,0,0
2017-11-15,0.07311502674414222,0,0
2017-11-16,0.0787276427142671,0,0
2017-11-17,0.08670450822506555,0,0
2017-11-20,0.08564483591357039,0,0
2017-11-21,0.08309824618407369,0,0
2017-11-22,0.0866230485942392,0,0
2017-11-24,0.08418733693430429,0,0
2017-11-27,0.08207844087926043,0,0
2017-11-28,0.07996434586302544,0,0
2017-11-29,0.09184522568041027,0,0
2017-11-30,0.08875670034976219,0,0
2017-12-01,0.09463391151485948,0,0
2017-12-04,0.09217109456542921,0,0
2017-12-05,0.08933246828536452,0,0
2017-12-06,0.08929287405237192,0,0
2017-12-07,0.08639579854190435,0,0
2017-12-08,0.08460675166461447,0,0
2017-12-11,0.08603858458759225,0,0
2017-12-12,0.08449291753636856,0,0
2017-12-13,0.08212892068040475,0,0
2017-12-14,0.08003536073910184,0,0
2017-12-15,0.08171646286341165,0,0
2017-12-18,0.09077209893939689,0,0
2017-12-19,0.09112417661577847,0,0
2017-12-20,0.0902177529750697,0,0
2017-12-21,0.0874537084493263,0,0
2017-12-22,0.08495452567014235,0,0
2017-12-26,0.08256298990263711,0,0
2017-12-27,0.08068281395621026,0,0
2017-12-28,0.07852638865361417,0,0
2017-12-29,0.07685005546666805,0,0
2018-01-02,0.08098330188365488,0,0
2018-01-03,0.08850824565401487,0,0
2018-01-04,0.09078978964142455,0,0
2018-01-05,0.08945099871375961,0,0
2018-01-08,0.09272133916972583,0,0
2018-01-09,0.08955187338096818,0,0
2018-01-10,0.08658856387446172,0,0
2018-01-11,0.08431258226478597,0,0
2018-01-12,0.08838576562951021,0,0
2018-01-16,0.09125844902056454,0,0
2018-01-17,0.09068294096612017,0,0
2018-01-18,0.09882564158630026,0,0
2018-01-19,0.09563526874333124,0,0
2018-01-22,0.09410651213329974,0,0
2018-01-23,0.09859516973185765,0,0
2018-01-24,0.09506213840251834,0,0
2018-01-25,0.0917175591563815,0,0
2018-01-26,0.08847551193631838,0,0
2018-01-29,0.10350469131954645,0,0
2018-01-30,0.1064259003737862,0,0
2018-01-31,0.11850893789946143,0,0
2018-02-01,0.11289227291734046,0,0
2018-02-02,0.1079746370848495,0,1
2018-02-05,0.15505841025005415,0,1
2018-02-06,0.2730528858109626,1,1
2018-02-07,0.27055415162535634,1,1
2018-02-08,0.2543894563615175,1,1
2018-02-09,0.3186792281854216,1,1
2018-02-12,0.3069657941844995,1,1
2018-02-13,0.295145105401495,1,0
2018-02-14,0.27557930534787,1,0
2018-02-15,0.2663919602761462,1,0
2018-02-16,0.25637952807297865,1,1
2018-02-20,0.23959612676301176,1,1
2018-02-21,0.226783863443743,1,0
2018-02-22,0.21477156263496078,1,0
2018-02-23,0.20107502232124216,1,0
2018-02-26,0.2058269393580637,1,0
2018-02-27,0.20191978747074302,1,0
2018-02-28,0.20264951906044282,1,1
2018-03-01,0.20029002076330482,1,0
2018-03-02,0.20247912970341184,1,0
2018-03-05,0.1912547432794749,0,0
2018-03-06,0.1879272236508686,0,0
2018-03-07,0.176612792072567,0,0
2018-03-08,0.16590968425030278,0,0
2018-03-09,0.15729658048973805,0,0
2018-03-12,0.17339451273205583,0,0
2018-03-13,0.16321248918066997,0,0
2018-03-14,0.1581165210595135,0,0
2018-03-15,0.15274035475435835,0,0
2018-03-16,0.1440423876674077,0,0
2018-03-19,0.13595532957790837,0,0
2018-03-20,0.1519103431677689,0,0
2018-03-21,0.1432204483546385,0,1
2018-03-22,0.13579996063475094,0,1
2018-03-23,0.1904635034226416,0,1
2018-03-26,0.21394877287988462,1,1
2018-03-27,0.24560849102395746,1,1
2018-03-28,0.24958024590268815,1,0
2018-03-29,0.2340336630933547,1,1
2018-04-02,0.2300864267527015,1,1
2018-04-03,0.2492661396740141,1,1
2018-04-04,0.2418132908466784,1,0
2018-04-05,0.23370382368523213,1,1
2018-04-06,0.22124271488508804,1,1
2018-04-09,0.2409791489421864,1,1
2018-04-10,0.22587746874073417,1,1
2018-04-11,0.228409900822442,1,0
2018-04-12,0.21634712586599594,1,0
2018-04-13,0.20675713906116588,1,0
2018-04-16,0.19467180509418064,0,0
2018-04-17,0.1869802968777589,0,0
2018-04-18,0.18359910371070023,0,0
2018-04-19,0.17232396884240972,0,0
2018-04-20,0.16551533525991347,0,0
2018-04-23,0.16339252857999603,0,0
2018-04-24,0.15368057982511044,0,0
2018-04-25,0.1636689208165271,0,0
2018-04-26,0.15410234945295115,0,0
2018-04-27,0.1545110168137301,0,0
2018-04-30,0.1455485825127318,0,0
2018-05-01,0.14538806815271685,0,0
2018-05-02,0.1375376251850795,0,0
2018-05-03,0.13671112199161914,0,0
2018-05-04,0.13009781052965436,0,0
2018-05-07,0.13962216577202807,0,0
2018-05-08,0.13277581120968696,0,0
2018-05-09,0.12568422719669653,0,0
2018-05-10,0.1287814784182133,0,0
2018-05-11,0.1307748218419383,0,0
2018-05-14,0.12392036228361616,0,0
2018-05-15,0.11751401013610571,0,0
2018-05-16,0.11881164448716292,0,0
2018-05-17,0.11438202537205024,0,0
2018-05-18,0.10910116478406326,0,0
2018-05-21,0.10548972326193944,0,0
2018-05-22,0.10720164528086255,0,0
2018-05-23,0.10430401604158343,0,0
2018-05-24,0.10067845586521046,0,0
2018-05-25,0.09743836333818422,0,0
2018-05-29,0.09483670646296405,0,0
2018-05-30,0.11282513430242108,0,0
2018-05-31,0.12562311930689368,0,0
2018-06-01,0.12583175686534268,0,0
2018-06-04,0.13142749422153782,0,0
2018-06-05,0.12609356693073037,0,0
2018-06-06,0.11949147669326257,0,0
2018-06-07,0.1213185400519669,0,0
2018-06-08,0.11537022491988781,0,0
2018-06-11,0.11056927273479836,0,0
2018-06-12,0.10539866366619893,0,0
2018-06-13,0.10086015897647212,0,0
2018-06-14,0.09981330634632068,0,0
2018-06-15,0.09614462600262079,0,0
2018-06-18,0.09272803068110619,0,0
2018-06-19,0.09045980136203129,0,0
2018-06-20,0.09077088775376835,0,0
2018-06-21,0.0876617361080078,0,0
2018-06-22,0.09279518329260379,0,0
2018-06-25,0.08954181568182247,0,0
2018-06-26,0.11658476536836959,0,0
2018-06-27,0.11114942145040164,0,0
2018-06-28,0.11713419687529307,0,0
2018-06-29,0.1153330478606721,0,0
2018-07-02,0.10969443673477183,0,0
2018-07-03,0.10543075605826993,0,0
2018-07-05,0.10511375888714064,0,0
2018-07-06,0.10933718242518954,0,0
2018-07-09,0.11256666242123924,0,0
2018-07-10,0.11596593364166766,0,0
2018-07-11,0.11135032610341256,0,0
2018-07-12,0.11403334044142759,0,0
2018-07-13,0.11704366150982992,0,0
2018-07-16,0.11128510451304711,0,0
2018-07-17,0.1064021552864234,0,0
2018-07-18,0.10320925502127826,0,0
2018-07-19,0.09906328602501752,0,0
2018-07-20,0.09813416997342266,0,0
2018-07-23,0.09449849759991404,0,0
2018-07-24,0.09107827967714144,0,0
2018-07-25,0.09059882729152503,0,0
2018-07-26,0.09858381989979756,0,0
2018-07-27,0.09657049221352139,0,0
2018-07-30,0.10056201791029945,0,0
2018-07-31,0.10230799650299528,0,0
2018-08-01,0.10056679879791601,0,0
2018-08-02,0.09672470759800135,0,0
2018-08-03,0.09571863228706193,0,0
2018-08-06,0.09447176270785072,0,0
2018-08-07,0.09216845450008214,0,0
2018-08-08,0.08952762450429173,0,0
2018-08-09,0.08648513653554704,0,0
2018-08-10,0.08436230916877203,0,0
2018-08-13,0.09190004122770266,0,0
2018-08-14,0.0919529096739167,0,0
2018-08-15,0.09386439895411895,0,0
2018-08-16,0.10067009315109908,0,0
2018-08-17,0.10413624418293294,0,0
2018-08-20,0.10058791793320751,0,0
2018-08-21,0.09681139386024284,0,0
2018-08-22,0.09323865420180051,0,0
2018-08-23,0.08985429069377808,0,0
2018-08-24,0.08753415504458895,0,0
2018-08-27,0.08976035181591052,0,0
2018-08-28,0.09452584916331518,0,0
2018-08-29,0.09085646075950911,0,0
2018-08-30,0.09171630167756614,0,0
2018-08-31,0.09245860681092863,0,0
2018-09-04,0.08901158834164537,0,0
2018-09-05,0.08675021731330658,0,0
2018-09-06,0.0858637469526066,0,0
2018-09-07,0.08620219220529868,0,0
2018-09-10,0.08473341398739105,0,0
2018-09-11,0.08231569165437269,0,0
2018-09-12,0.08162326294304822,0,0
2018-09-13,0.07923935343620508,0,0
2018-09-14,0.08112123496364278,0,0
2018-09-17,0.07879079354262869,0,0
2018-09-18,0.08374304685193852,0,0
2018-09-19,0.08508397015647227,0,0
2018-09-20,0.08237991846124489,0,0
2018-09-21,0.08888828461148315,0,0
2018-09-24,0.08588482041105155,0,0
2018-09-25,0.08599913996494273,0,0
2018-09-26,0.08377249786375181,0,0
2018-09-27,0.08384074891807815,0,0
2018-09-28,0.08201044916774929,0,0
2018-10-01,0.07961152055662753,0,0
2018-10-02,0.07910141267732874,0,0
2018-10-03,0.07712504387743742,0,0
2018-10-04,0.07515974804389507,0,0
2018-10-05,0.08761771242287707,0,0
2018-10-08,0.09086127497830233,0,0
2018-10-09,0.08763243241375816,0,1
2018-10-10,0.08526773302955197,0,1
2018-10-11,0.2032572938158519,1,1
2018-10-12,0.2236009084259246,1,1
2018-10-15,0.22143033428719577,1,0
2018-10-16,0.20975221728711624,1,0
2018-10-17,0.22638751519730438,1,1
2018-10-18,0.2113294071712896,1,0
2018-10-19,0.2140935599081825,1,0
2018-10-22,0.20010621463608466,1,1
2018-10-23,0.18912172359937968,0,1
2018-10-24,0.1802552063288815,0,1
2018-10-25,0.24292087680883737,1,1
2018-10-26,0.2467803044407229,1,1
2018-10-29,0.25059625605623165,1,1
2018-10-30,0.23699011518519142,1,1
2018-10-31,0.2357662213292803,1,0
2018-11-01,0.22698358381715822,1,0
2018-11-02,0.21874714600387962,1,0
2018-11-05,0.20789318310693636,1,0
2018-11-06,0.1962783183075129,0,0
2018-11-07,0.18623424583254686,0,0
2018-11-08,0.20686886280693406,1,0
2018-11-09,0.19422950780246007,0,1
2018-11-12,0.1896208585410583,0,1
2018-11-13,0.20989494697373043,1,1
2018-11-14,0.1966169614923553,0,0
2018-11-15,0.18941442338448097,0,0
2018-11-16,0.1854787570715332,0,1
2018-11-19,0.17401859779478354,0,1
2018-11-20,0.18880115226304178,0,1
2018-11-21,0.2047249126264097,1,1
2018-11-23,0.1919982217057396,0,0
2018-11-26,0.1840343463014939,0,0
2018-11-27,0.19039191653819967,0,0
2018-11-28,0.17893801074781668,0,0
2018-11-29,0.20646990180351912,1,0
2018-11-30,0.19377615450728386,0,0
2018-12-03,0.1860443545386563,0,1
2018-12-04,0.18308796979724978,0,1
2018-12-06,0.25047229178626196,1,1
2018-12-07,0.23404915842671067,1,1
2018-12-10,0.2553484999079194,1,1
2018-12-11,0.23836210812087097,1,1
2018-12-12,0.22270808501878403,1,1
2018-12-13,0.20984540464131893,1,1
2018-12-14,0.1964068152200539,0,1
2018-12-17,0.21331845792209234,1,1
2018-12-18,0.23150692632820355,1,1
2018-12-19,0.21637313590495938,1,1
2018-12-20,0.2205104793712094,1,1
2018-12-21,0.22484107414093937,1,1
2018-12-24,0.2402448296530014,1,1
2018-12-26,0.2715879070689288,1,1
2018-12-27,0.36481750903827614,1,1
2018-12-28,0.3420086503845623,1,1
2018-12-31,0.3184215539050647,1,1
2019-01-02,0.2996274630256295,1,1
2019-01-03,0.2792195234313646,1,1
2019-01-04,0.295749568322141,1,1
2019-01-07,0.32997975259909473,1,1
2019-01-08,0.3092225283058718,1,0
2019-01-09,0.292289207696268,1,0
2019-01-10,0.27309156475192925,1,0
2019-01-11,0.2555501554511934,1,0
2019-01-14,0.2384471032953276,1,0
2019-01-15,0.22488115424276037,1,0
2019-01-16,0.21710987665762344,1,0
2019-01-17,0.20297788052357227,1,0
2019-01-18,0.19351345189233826,0,1
2019-01-22,0.193606517110416,0,0
2019-01-23,0.1987495453438173,0,0
2019-01-24,0.1860955816840985,0,0
2019-01-25,0.17424028081848905,0,0
2019-01-28,0.16887407858410575,0,0
2019-01-29,0.165123355456229,0,0
2019-01-30,0.15530197365005086,0,0
2019-01-31,0.16725569002868176,0,0
2019-02-01,0.16288719655071937,0,0
2019-02-04,0.15292579162134284,0,0
2019-02-05,0.14767389516214255,0,0
2019-02-06,0.1407462130465862,0,0
2019-02-07,0.13352742987300592,0,0
2019-02-08,0.1376609253227136,0,0
2019-02-11,0.12982004285616422,0,0
2019-02-12,0.12265036782836711,0,0
2019-02-13,0.13423352081068715,0,0
2019-02-14,0.12741759061785918,0,0
2019-02-15,0.12186687966552816,0,0
2019-02-19,0.12839782422949478,0,0
2019-02-20,0.12152519955279018,0,0
2019-02-21,0.11534630026700728,0,0
2019-02-22,0.11194282174605666,0,0
2019-02-25,0.11111779245796818,0,0
2019-02-26,0.1057891837504926,0,0
2019-02-27,0.10122426533810935,0,0
2019-02-28,0.09701825643883173,0,0
2019-03-01,0.09497529659346392,0,0
2019-03-04,0.09751996865278921,0,0
2019-03-05,0.09677702946733735,0,0
2019-03-06,0.09333494699574353,0,0
2019-03-07,0.09812747462629594,0,0
2019-03-08,0.10581160824498115,0,0
2019-03-11,0.10209017753708301,0,0
2019-03-12,0.12427923688720226,0,0
2019-03-13,0.11833035237600871,0,0
2019-03-14,0.11750517675159625,0,0
2019-03-15,0.1118248680505275,0,0
2019-03-18,0.10904267859679737,0,0
2019-03-19,0.10524095638508786,0,0
2019-03-20,0.10054121715012926,0,0
2019-03-21,0.09823308610630099,0,0
2019-03-22,0.10954416738089297,0,0
2019-03-25,0.15105079540616645,0,0
2019-03-26,0.14218658887806088,0,0
2019-03-27,0.1386857769090063,0,0
2019-03-28,0.13394894553991715,0,0
2019-03-29,0.1274984735245064,0,0
2019-04-01,0.12516421582324164,0,0
2019-04-02,0.13273751553242424,0,0
2019-04-03,0.12540419735481795,0,0
2019-04-04,0.11899651098387434,0,0
2019-04-05,0.1131768624714309,0,0
2019-04-08,0.10984251508465497,0,0
2019-04-09,0.1046346839709242,0,0
2019-04-10,0.10655618942031865,0,0
2019-04-11,0.10284166108745542,0,0
2019-04-12,0.09835378578737,0,0
2019-04-15,0.09980917861179982,0,0
2019-04-16,0.09582564661492722,0,0
2019-04-17,0.09199372812352713,0,0
2019-04-18,0.09001015919979663,0,0
2019-04-22,0.08693749056626712,0,0
2019-04-23,0.08406189805538158,0,0
2019-04-24,0.09317407064929575,0,0
2019-04-25,0.09097377161879859,0,0
2019-04-26,0.0878233718649117,0,0
2019-04-29,0.08771184380162958,0,0
2019-04-30,0.08476129914982239,0,0
2019-05-01,0.08211549577322864,0,0
2019-05-02,0.09169730802138332,0,0
2019-05-03,0.08959096694711197,0,0
2019-05-06,0.09956692641994408,0,0
2019-05-07,0.09942988667508783,0,0
2019-05-08,0.1349756747479719,0,0
2019-05-09,0.12785610299737193,0,0
2019-05-10,0.12250891865799377,0,1
2019-05-13,0.11725533298044497,0,0
2019-05-14,0.17807617613537594,0,0
2019-05-15,0.17147341834319432,0,0
2019-05-16,0.1630931879376786,0,0
2019-05-17,0.15956727586746045,0,0
2019-05-20,0.15395143290292343,0,0
2019-05-21,0.15028210601362435,0,0
2019-05-22,0.14775314457469063,0,0
2019-05-23,0.14026670975811253,0,0
2019-05-24,0.1494075089640082,0,0
2019-05-28,0.14052749676436677,0,0
2019-05-29,0.1414830729451255,0,0
2019-05-30,0.13964219994387297,0,0
2019-05-31,0.13183489678688623,0,0
2019-06-03,0.14626132253584648,0,0
2019-06-04,0.1388768388978767,0,0
2019-06-05,0.17344593948845954,0,0
2019-06-06,0.16764146841570404,0,0
2019-06-07,0.16003279713630544,0,0
2019-06-10,0.15967301735500752,0,0
2019-06-11,0.15149700738889346,0,0
2019-06-12,0.14250991667732105,0,0
2019-06-13,0.1350200643640828,0,0
2019-06-14,0.1288075096808454,0,0
2019-06-17,0.12236384542606304,0,0
2019-06-18,0.11588615913070784,0,0
2019-06-19,0.1208352087771912,0,0
2019-06-20,0.11522878049641253,0,0
2019-06-21,0.11972693429150487,0,0
2019-06-24,0.11398733169596147,0,0
2019-06-25,0.10909982804296661,0,0
2019-06-26,0.11817010118956028,0,0
2019-06-27,0.11257938852118418,0,0
2019-06-28,0.10848293347420125,0,0
2019-07-01,0.10713200329838048,0,0
2019-07-02,0.10922217755028737,0,0
2019-07-03,0.1047789278613933,0,0
2019-07-05,0.10723658468237436,0,0
2019-07-08,0.10312417334210554,0,0
2019-07-09,0.10310274336806183,0,0
2019-07-10,0.09856476816776137,0,0
2019-07-11,0.0968138674688055,0,0
2019-07-12,0.09330218279920793,0,0
2019-07-15,0.09236164329673446,0,0
2019-07-16,0.0889127850948618,0,0
2019-07-17,0.0887049874970145,0,0
2019-07-18,0.09446173131984333,0,0
2019-07-19,0.09219748518180251,0,0
2019-07-22,0.0964739667634834,0,0
2019-07-23,0.09333929301287278,0,0
2019-07-24,0.09606057408962529,0,0
2019-07-25,0.09484332063777172,0,0
2019-07-26,0.09680970910070329,0,0
2019-07-29,0.10001807670054443,0,0
2019-07-30,0.09653228489360367,0,0
2019-07-31,0.0943027413600532,0,0
2019-08-01,0.11100205597985316,0,0
2019-08-02,0.11839708073590735,0,1
2019-08-05,0.12055590442277556,0,1
2019-08-06,0.20738549553414437,1,0
2019-08-07,0.2051100520735244,1,0
2019-08-08,0.19101176670671843,0,0
2019-08-09,0.20472578965722923,1,1
2019-08-12,0.1950384293419772,0,0
2019-08-13,0.19601301972236462,0,1
2019-08-14,0.19977283438034849,0,1
2019-08-15,0.2527735609885994,1,0
2019-08-16,0.23490326878208673,1,0
2019-08-19,0.23152871157618796,1,0
2019-08-20,0.22460218794732353,1,0
2019-08-21,0.21444032861878987,1,0
2019-08-22,0.20412039576744923,1,0
2019-08-23,0.1903093333869096,0,0
2019-08-26,0.23314012720482177,1,1
2019-08-27,0.22437192902962827,1,0
2019-08-28,0.20990531080364427,1,0
2019-08-29,0.19830329174754446,0,0
2019-08-30,0.19669295418750965,0,0
2019-09-03,0.18343297038823492,0,0
2019-09-04,0.17645214404574736,0,0
2019-09-05,0.17442526100903505,0,0
2019-09-06,0.17699006467989578,0,0
2019-09-09,0.1654009894561712,0,0
2019-09-10,0.1548446778663415,0,0
2019-09-11,0.14514791378019973,0,0
2019-09-12,0.14119372718635323,0,0
2019-09-13,0.1332779637749528,0,0
2019-09-16,0.12571989355922847,0,0
2019-09-17,0.12053951723821248,0,0
2019-09-18,0.1144528411001751,0,0
2019-09-19,0.10844389436297365,0,0
2019-09-20,0.10307835593454587,0,0
2019-09-23,0.10318723981929764,0,0
2019-09-24,0.09842832289490407,0,0
2019-09-25,0.10736159531778024,0,0
2019-09-26,0.1067652173262361,0,0
2019-09-27,0.10308712508646468,0,0
2019-09-30,0.10395418251772087,0,0
2019-10-01,0.10216597610248329,0,1
2019-10-02,0.12193900535859872,0,0
2019-10-03,0.15635026914362335,0,0
2019-10-04,0.1520869078707013,0,0
2019-10-07,0.1616471936844526,0,1
2019-10-08,0.15393298580738463,0,0
2019-10-09,0.17122736551295098,0,0
2019-10-10,0.16686008910484265,0,0
2019-10-11,0.15929879445356096,0,0
2019-10-14,0.15991844282216727,0,0
2019-10-15,0.150076828044157,0,0
2019-10-16,0.1501223858585407,0,0
2019-10-17,0.14153844273167046,0,0
2019-10-18,0.13350031218763939,0,0
2019-10-21,0.12830415892282288,0,0
2019-10-22,0.1259589980381882,0,0
2019-10-23,0.12122974531485797,0,0
2019-10-24,0.115265389585106,0,0
2019-10-25,0.10945303651438458,0,0
2019-10-28,0.10577712064962774,0,0
2019-10-29,0.10448389009723283,0,0
2019-10-30,0.099892511599872,0,0
2019-10-31,0.09656570186716498,0,0
2019-11-01,0.09480509208826088,0,0
2019-11-04,0.10420262921840906,0,0
2019-11-05,0.10078817932413883,0,0
2019-11-06,0.09681763650149643,0,0
2019-11-07,0.09271341888439169,0,0
2019-11-08,0.08983556705162923,0,0
2019-11-11,0.08718080954995207,0,0
2019-11-12,0.08547476158883606,0,0
2019-11-13,0.08281206120003975,0,0
2019-11-14,0.08030197977604604,0,0
2019-11-15,0.07809782419917778,0,0
2019-11-18,0.08604272012394842,0,0
2019-11-19,0.08314759879330817,0,0
2019-11-20,0.08090875916558608,0,0
2019-11-21,0.08258156077862665,0,0
2019-11-22,0.08110261210146827,0,0
2019-11-25,0.07925570621537209,0,0
2019-11-26,0.08643055205856662,0,0
2019-11-27,0.08391378451356495,0,0
2019-11-29,0.0836563247869679,0,0
2019-12-02,0.08531283664382452,0,0
2019-12-03,0.0981456899511347,0,0
2019-12-04,0.10266492013641813,0,0
2019-12-05,0.10300454723639978,0,0
2019-12-06,0.0982663924420009,0,0
2019-12-09,0.10550830937431456,0,0
2019-12-10,0.10272317566929062,0,0
2019-12-11,0.09841658296812404,0,0
2019-12-12,0.09494069621066688,0,0
2019-12-13,0.1014228964206356,0,0
2019-12-16,0.0968100217672271,0,0
2019-12-17,0.09965704161101313,0,0
2019-12-18,0.09519748752939924,0,0
2019-12-19,0.09143001674720976,0,0
2019-12-20,0.09046398345473419,0,0
2019-12-23,0.0903258997962156,0,0
2019-12-24,0.08689406438322357,0,0
2019-12-26,0.0839973757613715,0,0
2019-12-27,0.08513826264779674,0,0
2019-12-30,0.08237570781019844,0,0
2019-12-31,0.08797857618207328,0,0
2020-01-02,0.08577907262779534,0,0
2020-01-03,0.09366694264803996,0,0
2020-01-06,0.10010554198538602,0,0
2020-01-07,0.0969201570788468,0,0
2020-01-08,0.09480795678705757,0,0
2020-01-09,0.09395964143434697,0,0
2020-01-10,0.09625260498768629,0,0
2020-01-13,0.09429389799598106,0,0
2020-01-14,0.09717476480218948,0,0
2020-01-15,0.09377700111570152,0,0
2020-01-16,0.0901807748469702,0,0
2020-01-17,0.09703791928504764,0,0
2020-01-21,0.0945510765031957,0,0
2020-01-22,0.09257785493151503,0,0
2020-01-23,0.08888745361870591,0,0
2020-01-24,0.0856276104937356,0,0
2020-01-27,0.09961337335055945,0,0
2020-01-28,0.13377893529229837,0,0
2020-01-29,0.13654470572955435,0,0
2020-01-30,0.12853450061398466,0,0
2020-01-31,0.12184481758484549,0,0
2020-02-03,0.15611735323539552,0,0
2020-02-04,0.15067218516620465,0,0
2020-02-05,0.1626503870550588,0,0
2020-02-06,0.16331286498317915,0,0
2020-02-07,0.15324120859183676,0,0
2020-02-10,0.1475174006189019,0,0
2020-02-11,0.14325451816045126,0,0
2020-02-12,0.13447350393762494,0,0
2020-02-13,0.13059109535250815,0,0
2020-02-14,0.12360399227930134,0,0
2020-02-18,0.11678585046044217,0,0
2020-02-19,0.11234736548131251,0,0
2020-02-20,0.10889869273045638,0,0
2020-02-21,0.10651537529790453,0,1
2020-02-24,0.11981509413533187,0,1
2020-02-25,0.22816378064634008,1,1
2020-02-26,0.2784961941779546,1,1
2020-02-27,0.25867864528375106,1,1
2020-02-28,0.35770694488625554,1,1
2020-03-02,0.33374814354910437,1,1
2020-03-03,0.4016594513822743,1,1
2020-03-04,0.40708581537461874,1,1
2020-03-05,0.4435803640010482,1,1
2020-03-06,0.4569816144095893,1,1
2020-03-09,0.43326461634634456,1,1
2020-03-10,0.6143448797060981,1,1
2020-03-11,0.629864824920261,1,1
2020-03-12,0.6511896104617204,1,1
2020-03-13,0.8437318364990919,1,1
2020-03-16,0.934230830734197,1,1
2020-03-17,1.148780042884279,1,1
2020-03-18,1.107102284949371,1,1
2020-03-19,1.064227451034913,1,1
2020-03-20,0.9759388270279559,1,1
2020-03-23,0.9339912260130316,1,1
2020-03-24,0.875379344444014,1,1
2020-03-25,0.9610885355597698,1,1
2020-03-26,0.8837704234952811,1,1
2020-03-27,0.8849921468284778,1,1
2020-03-30,0.8377860552118802,1,1
2020-03-31,0.791943022532368,1,1
2020-04-01,0.7331937221053622,1,1
2020-04-02,0.7254167064301734,1,1
2020-04-03,0.6778692814168139,1,1
2020-04-06,0.6287540743615263,1,1
2020-04-07,0.7019470264866593,1,1
2020-04-08,0.6441177228212034,1,1
2020-04-09,0.6221253463427326,1,1
2020-04-13,0.5764226181591595,1,1
2020-04-14,0.5325391319627802,1,1
2020-04-15,0.5188634129945348,1,1
2020-04-16,0.49507161119663656,1,1
2020-04-17,0.4549218982711961,1,1
2020-04-20,0.4445856942705994,1,1
2020-04-21,0.42270622143329445,1,1
2020-04-22,0.43188812416036654,1,1
2020-04-23,0.4173296981426806,1,1
2020-04-24,0.38289299785510006,1,1
2020-04-27,0.35988391545495385,1,1
2020-04-28,0.34047516857368626,1,1
2020-04-29,0.3143144526939607,1,1
2020-04-30,0.3268098810074496,1,1
2020-05-01,0.3058426217988401,1,1
2020-05-04,0.33073550174371485,1,1
2020-05-05,0.3045387232756694,1,1
2020-05-06,0.28418118127843217,1,1
2020-05-07,0.2651927900284868,1,1
2020-05-08,0.252192628140068,1,1
2020-05-11,0.25116184111518325,1,1
2020-05-12,0.2311002353376846,1,1
2020-05-13,0.24856738354883806,1,1
2020-05-14,0.2536252042015667,1,1
2020-05-15,0.24220683413011745,1,1
2020-05-18,0.22394658300736278,1,1
2020-05-19,0.2745666819597332,1,1
2020-05-20,0.26140032079371006,1,1
2020-05-21,0.2584845066082324,1,1
2020-05-22,0.24337952935591564,1,1
2020-05-26,0.2245456511488086,1,1
2020-05-27,0.2182350545816904,1,1
2020-05-28,0.2180598546564379,1,1
2020-05-29,0.20197362357719698,1,1
2020-06-01,0.1882464696281556,0,1
2020-06-02,0.1751154090640335,0,1
2020-06-03,0.16830150752438117,0,1
2020-06-04,0.17399873706121188,0,1
2020-06-05,0.1631151648857881,0,1
2020-06-08,0.21311478877704854,1,1
2020-06-09,0.2079494684912355,1,1
2020-06-10,0.19875154553390045,0,1
2020-06-11,0.18730502000767602,0,1
2020-06-12,0.4039302030385012,1,1
2020-06-15,0.37815795382139095,1,1
2020-06-16,0.3505149835950464,1,1
2020-06-17,0.3398513702934221,1,1
2020-06-18,0.313763742728563,1,1
2020-06-19,0.2889409046210491,1,1
2020-06-22,0.2689069475402744,1,1
2020-06-23,0.2503325704665013,1,1
2020-06-24,0.2319860625779392,1,1
2020-06-25,0.26687976404131675,1,1
2020-06-26,0.25348661990768934,1,1
2020-06-29,0.2773328583849819,1,1
2020-06-30,0.2686091938132871,1,1
2020-07-01,0.2623909418760402,1,1
2020-07-02,0.24345247674403844,1,1
2020-07-06,0.2259579168015273,1,1
2020-07-07,0.22707221078242668,1,1
2020-07-08,0.2206999655764115,1,1
2020-07-09,0.20834881777830286,1,1
2020-07-10,0.19640297953457087,0,1
2020-07-13,0.19081456422433254,0,1
2020-07-14,0.18664032374459552,0,1
2020-07-15,0.18852583924719762,0,1
2020-07-16,0.18164021385504417,0,1
2020-07-17,0.1702510405466594,0,1
2020-07-20,0.15868620124888663,0,1
2020-07-21,0.15456377181762523,0,1
2020-07-22,0.14407029482472125,0,1
2020-07-23,0.13776160503886456,0,1
2020-07-24,0.15043589703941798,0,1
2020-07-27,0.146096293097211,0,1
2020-07-28,0.14200718169160706,0,1
2020-07-29,0.1393259970306266,0,1
2020-07-30,0.14747037366229407,0,1
2020-07-31,0.14011379229648047,0,1
2020-08-03,0.137322205692923,0,1
2020-08-04,0.13407596469733452,0,1
2020-08-05,0.12675519228135793,0,1
2020-08-06,0.12372574125807342,0,1
2020-08-07,0.12111206990541144,0,1
2020-08-10,0.1139409537298295,0,1
2020-08-11,0.10821103344967983,0,1
2020-08-12,0.11468573300786082,0,1
2020-08-13,0.13351869398188496,0,1
2020-08-14,0.12612373203892632,0,1
2020-08-17,0.11856378394116958,0,1
2020-08-18,0.11232710809032352,0,1
2020-08-19,0.10655207721756003,0,1
2020-08-20,0.10541881726043789,0,1
2020-08-21,0.10104036680746507,0,1
2020-08-24,0.09746282511335495,0,1
2020-08-25,0.1080434298760142,0,1
2020-08-26,0.10373723609618185,0,1
2020-08-27,0.1132540994320635,0,1
2020-08-28,0.10710054818486117,0,1
2020-08-31,0.10752114794489882,0,1
2020-09-01,0.10328968373191956,0,1
2020-09-02,0.10601248099212403,0,1
2020-09-03,0.1323483530163114,0,1
2020-09-04,0.2513763867962149,1,1
2020-09-08,0.2373204115467492,1,1
2020-09-09,0.2792567503820197,1,1
2020-09-10,0.2816816668868515,1,1
2020-09-11,0.2816393881806039,1,1
2020-09-14,0.25882250598980167,1,1
2020-09-15,0.24878703259894588,1,1
2020-09-16,0.2306549117342601,1,1
2020-09-17,0.21497227496415225,1,1
2020-09-18,0.20578998595633285,1,1
2020-09-21,0.20306346114743276,1,1
2020-09-22,0.20160159478122514,1,1
2020-09-23,0.19527730854738837,0,1
2020-09-24,0.23350375313285784,1,1
2020-09-25,0.21565268227823356,1,1
2020-09-28,0.2188210204689945,1,1
2020-09-29,0.22176314997516788,1,1
2020-09-30,0.20720867243936628,1,1
2020-10-01,0.19662753049517065,0,1
2020-10-02,0.18384731920168385,0,1
2020-10-05,0.18106544311525452,0,1
2020-10-06,0.19663451965446632,0,1
2020-10-07,0.20214959880830288,1,1
2020-10-08,0.2115340405709428,1,1
2020-10-09,0.20012368028392752,1,1
2020-10-12,0.19116942323959674,0,1
2020-10-13,0.20001893620976627,1,1
2020-10-14,0.18957709499916564,0,1
2020-10-15,0.1808220994853926,0,1
2020-10-16,0.16800966447508345,0,1
2020-10-19,0.15592944856179372,0,1
2020-10-20,0.17773950319457568,0,1
2020-10-21,0.1664883697481953,0,1
2020-10-22,0.15551982902245465,0,1
2020-10-23,0.1471766421921994,0,1
2020-10-26,0.13813377577020028,0,1
2020-10-27,0.1737519905005672,0,1
2020-10-28,0.16268625880614326,0,1
2020-10-29,0.26613150030269894,1,1
2020-10-30,0.2539561974339039,1,1
2020-11-02,0.24628783555110598,1,1
2020-11-03,0.23728062682419052,1,1
2020-11-04,0.24118698581202963,1,1
2020-11-05,0.2557891577903581,1,1
2020-11-06,0.2605848588793581,1,1
2020-11-09,0.24003772740537394,1,1
2020-11-10,0.2307873700505127,1,1
2020-11-11,0.21326527319430258,1,1
2020-11-12,0.20129827544430245,1,1
2020-11-13,0.196827274184702,0,1
2020-11-16,0.19757572984682426,0,1
2020-11-17,0.19400580911020193,0,1
2020-11-18,0.1824765357436266,0,1
2020-11-19,0.18440446286907056,0,1
2020-11-20,0.17191130084781606,0,1
2020-11-23,0.16568008565669468,0,1
2020-11-24,0.15666524262681908,0,1
2020-11-25,0.1722604799901272,0,1
2020-11-27,0.1604116873993002,0,1
2020-11-30,0.14947413817347283,0,1
2020-12-01,0.142811354960716,0,1
2020-12-02,0.14739325202680692,0,1
2020-12-03,0.13755400716950314,0,1
2020-12-04,0.12878144707786035,0,1
2020-12-07,0.13008232458872898,0,1
2020-12-08,0.12286182585790037,0,1
2020-12-09,0.11606082421925831,0,1
2020-12-10,0.1210658636635931,0,1
2020-12-11,0.1144143128487194,0,1
2020-12-14,0.10850480583504414,0,1
2020-12-15,0.10700734122413844,0,1
2020-12-16,0.12475330265911518,0,1
2020-12-17,0.11729255561908161,0,1
2020-12-18,0.11451728078654556,0,1
2020-12-21,0.11088952862703666,0,1
2020-12-22,0.10833334589650909,0,1
2020-12-23,0.1038281138421602,0,1
2020-12-24,0.0985133398519409,0,1
2020-12-28,0.09535047739388611,0,1
2020-12-29,0.10287165648959543,0,1
2020-12-30,0.099224679688814,0,1
2020-12-31,0.09452888611564123,0,1
2021-01-04,0.09661081375080707,0,1
2021-01-05,0.13098870005022942,0,1
2021-01-06,0.1284557774348374,0,1
2021-01-07,0.12407814164975704,0,1
2021-01-08,0.14367438437481012,0,1
2021-01-11,0.13704562770876463,0,1
2021-01-12,0.1352728616724616,0,1
2021-01-13,0.12652788310585728,0,1
2021-01-14,0.11908337967213466,0,1
2021-01-15,0.11518336767719212,0,1
2021-01-19,0.11842161423055678,0,1
2021-01-20,0.11995964406145378,0,1
2021-01-21,0.13750323327752517,0,1
2021-01-22,0.1285366172305701,0,1
2021-01-25,0.12252497330710146,0,1
2021-01-26,0.11645195088041664,0,1
2021-01-27,0.11050679300779134,0,1
2021-01-28,0.1903147290538757,0,1
2021-01-29,0.18422392268456497,0,1
2021-02-01,0.20898450166468002,1,1
2021-02-02,0.21350696785635773,1,1
2021-02-03,0.21219163794748003,1,1
2021-02-04,0.19598956977886128,0,1
2021-02-05,0.1911017270199431,0,1
2021-02-08,0.17794441772405337,0,1
2021-02-09,0.1697620220851841,0,1
2021-02-10,0.157990168448452,0,1
2021-02-11,0.14712392511132605,0,0
2021-02-12,0.13731904146270818,0,1
2021-02-16,0.13058719798085294,0,1
2021-02-17,0.12255760906825833,0,1
2021-02-18,0.11529085294865948,0,1
2021-02-19,0.11289579110622149,0,1
2021-02-22,0.10761401089675257,0,1
2021-02-23,0.11375141725192094,0,1
2021-02-24,0.10737874032338003,0,1
2021-02-25,0.11983744790183293,0,1
2021-02-26,0.1892310242062689,0,1
2021-03-01,0.1781201769524379,0,1
2021-03-02,0.21437052761970443,1,1
2021-03-03,0.20475234390920127,1,1
2021-03-04,0.20650237868638174,1,1
2021-03-05,0.20880929876737384,1,1
2021-03-08,0.2228076382033564,1,1
2021-03-09,0.20871491753267973,1,1
2021-03-10,0.2087377835583102,1,1
2021-03-11,0.19543802382211914,0,1
2021-03-12,0.18977592956061345,0,1
2021-03-15,0.17567176462859413,0,0
2021-03-16,0.1665297962714357,0,0
2021-03-17,0.1552236019533959,0,1
2021-03-18,0.14501987363681967,0,1
2021-03-19,0.1641783405048102,0,0
2021-03-22,0.1527413293660711,0,1
2021-03-23,0.14715821743511273,0,1
2021-03-24,0.1459799496776467,0,0
2021-03-25,0.1410428234211425,0,0
2021-03-26,0.13449290768732217,0,1
2021-03-29,0.1573387996615785,0,0
2021-03-30,0.14669339017629437,0,0
2021-03-31,0.1387359728045821,0,0
2021-04-01,0.13085244288937034,0,0
2021-04-05,0.139271926300993,0,0
2021-04-06,0.1535165377554305,0,0
2021-04-07,0.14330564025271267,0,0
2021-04-08,0.13387117765290812,0,0
2021-04-09,0.12707171231652228,0,0
2021-04-12,0.12633130692996575,0,0
2021-04-13,0.11869637541071396,0,0
2021-04-14,0.11282569282964121,0,0
2021-04-15,0.11031453053947096,0,0
2021-04-16,0.12120288188228912,0,0
2021-04-19,0.11531405499717556,0,0
2021-04-20,0.11453769714766722,0,0
2021-04-21,0.11701461561753135,0,0
2021-04-22,0.121544568091554,0,0
2021-04-23,0.12878707161985198,0,0
2021-04-26,0.13517239174473705,0,0
2021-04-27,0.12664525165188462,0,0
2021-04-28,0.11898973826981502,0,0
2021-04-29,0.11241703268425866,0,0
2021-04-30,0.11214464521618533,0,0
2021-05-03,0.11599105005522334,0,0
2021-05-04,0.1100552400430234,0,0
2021-05-05,0.11304797698643708,0,0
2021-05-06,0.10675991074974564,0,0
2021-05-07,0.11047758216736271,0,0
2021-05-10,0.11174444170837348,0,1
2021-05-11,0.12488726449565316,0,1
2021-05-12,0.12999450298051046,0,1
2021-05-13,0.1810014925729576,0,0
2021-05-14,0.18104905851747388,0,0
2021-05-17,0.187833684280645,0,1
2021-05-18,0.17486645983477014,0,1
2021-05-19,0.17129668592949482,0,1
2021-05-20,0.16039794327076232,0,1
2021-05-21,0.16022127782172754,0,0
2021-05-24,0.14921202104457068,0,0
2021-05-25,0.1494551930601671,0,0
2021-05-26,0.14028500558566812,0,0
2021-05-27,0.13122587459186585,0,0
2021-05-28,0.12294656536403994,0,0
2021-06-01,0.11550982531975039,0,0
2021-06-02,0.10910824427375833,0,0
2021-06-03,0.10328684463200745,0,0
2021-06-04,0.10142489516031211,0,0
2021-06-07,0.10797350365281552,0,0
2021-06-08,0.10259920284251482,0,0
2021-06-09,0.09750538445773559,0,0
2021-06-10,0.09419022535743395,0,0
2021-06-11,0.09312118194957322,0,0
2021-06-14,0.08943358995516631,0,0
2021-06-15,0.08615114893568446,0,0
2021-06-16,0.08462053028660149,0,0
2021-06-17,0.08958181821855431,0,1
2021-06-18,0.08629032847826644,0,0
2021-06-21,0.11782048892150114,0,0
2021-06-22,0.13641134720943557,0,0
2021-06-23,0.13018450823734007,0,0
2021-06-24,0.1223787439404801,0,0
2021-06-25,0.11897344917138268,0,0
2021-06-28,0.11305941438961215,0,0
2021-06-29,0.10715054785871149,0,0
2021-06-30,0.1015152649971664,0,0
2021-07-01,0.09658445259346289,0,0
2021-07-02,0.09605718008028209,0,0
2021-07-06,0.10029522382950944,0,0
2021-07-07,0.09682210093582953,0,0
2021-07-08,0.09373388619314296,0,0
2021-07-09,0.10559979621519042,0,0
2021-07-12,0.11830238881732923,0,0
2021-07-13,0.11254984067918337,0,0
2021-07-14,0.10922300820187764,0,0
2021-07-15,0.1033479249205504,0,0
2021-07-16,0.10096184621238877,0,1
2021-07-19,0.10802771733652097,0,0
2021-07-20,0.14305152512351085,0,0
2021-07-21,0.15889440768730037,0,0
2021-07-22,0.15434233209995843,0,0
2021-07-23,0.1437439401079478,0,0
2021-07-26,0.14540928970028447,0,0
2021-07-27,0.13591438578135648,0,0
2021-07-28,0.13114377661552198,0,0
2021-07-29,0.12291094323000525,0,0
2021-07-30,0.11734131273000266,0,0
2021-08-02,0.11642725776299727,0,0
2021-08-03,0.11074348534247709,0,0
2021-08-04,0.11382553693262475,0,0
2021-08-05,0.11205256203019487,0,0
2021-08-06,0.11045334611406289,0,0
2021-08-09,0.10455677800716515,0,0
2021-08-10,0.0996676654774021,0,0
2021-08-11,0.09488417907031534,0,0
2021-08-12,0.09072998588433866,0,0
2021-08-13,0.08944408908827578,0,0
2021-08-16,0.0860731918954834,0,0
2021-08-17,0.08375750494765863,0,1
2021-08-18,0.09357055121779399,0,1
2021-08-19,0.11307704080030904,0,0
2021-08-20,0.10673537343338406,0,0
2021-08-23,0.11044519598922184,0,0
2021-08-24,0.1143530255293893,0,0
2021-08-25,0.10792485236158478,0,0
2021-08-26,0.10254508191177532,0,0
2021-08-27,0.10500662327818885,0,0
2021-08-30,0.11070279623047327,0,0
2021-08-31,0.1067915746659933,0,0
2021-09-01,0.10188896158705325,0,0
2021-09-02,0.09684950816053454,0,0
2021-09-03,0.09327376955060909,0,0
2021-09-07,0.08947375425735411,0,0
2021-09-08,0.0894008907955447,0,0
2021-09-09,0.0867222853722066,0,1
2021-09-10,0.08943012744276213,0,0
2021-09-13,0.09974545871008908,0,0
2021-09-14,0.0953919564398618,0,0
2021-09-15,0.09898662616475362,0,0
2021-09-16,0.10508959295576903,0,1
2021-09-17,0.10052834252195197,0,1
2021-09-20,0.11236708922160903,0,1
2021-09-21,0.15074333183320632,0,1
2021-09-22,0.14048898285083827,0,0
2021-09-23,0.14130697404038386,0,0
2021-09-24,0.1484753275117187,0,0
2021-09-27,0.13829205623632101,0,1
2021-09-28,0.1307952154842826,0,1
2021-09-29,0.17697193112877402,0,1
2021-09-30,0.16389531474314195,0,1
2021-10-01,0.1700759038626479,0,1
2021-10-04,0.17034679876417208,0,1
2021-10-05,0.1782402637336799,0,1
2021-10-06,0.17516108523464835,0,0
2021-10-07,0.16351172949980372,0,0
2021-10-08,0.15842241187424366,0,0
2021-10-11,0.14800951072078602,0,0
2021-10-12,0.14514448084350492,0,0
2021-10-13,0.1365433732154208,0,0
2021-10-14,0.12832342536956662,0,0
2021-10-15,0.15472922314188706,0,0
2021-10-18,0.14945006346828316,0,0
2021-10-19,0.14006801948419412,0,0
2021-10-20,0.13671690044374604,0,0
2021-10-21,0.1289646857170129,0,0
2021-10-22,0.12158735298520369,0,0
2021-10-25,0.11472256887507389,0,0
2021-10-26,0.1108066688949315,0,0
2021-10-27,0.10486187684930506,0,0
2021-10-28,0.10527648648625919,0,0
2021-10-29,0.11371931035175029,0,0
2021-11-01,0.10750711126583458,0,0
2021-11-02,0.1019599464061141,0,0
2021-11-03,0.09848041924740288,0,0
2021-11-04,0.0999276153702184,0,0
2021-11-05,0.09731646023884168,0,0
2021-11-08,0.09452199128364212,0,0
2021-11-09,0.09032196960277572,0,0
2021-11-10,0.09030145618436142,0,0
2021-11-11,0.10208145937217532,0,0
2021-11-12,0.09696377592154753,0,0
2021-11-15,0.10036554731375309,0,0
2021-11-16,0.0955471203249793,0,0
2021-11-17,0.09316790936324185,0,0
2021-11-18,0.0913416728977169,0,0
2021-11-19,0.0890054613052128,0,0
2021-11-22,0.08644058109723694,0,0
2021-11-23,0.08653426062072281,0,0
2021-11-24,0.08354422936354487,0,1
2021-11-26,0.08131144850584653,0,1
2021-11-29,0.16223946537412223,0,1
2021-11-30,0.1680184424146356,0,1
2021-12-01,0.1961427686534252,0,1
2021-12-02,0.19621882771717078,0,1
2021-12-03,0.19826246146674958,0,1
2021-12-06,0.19113540747860563,0,1
2021-12-07,0.18848394970867205,0,0
2021-12-08,0.21090209516417063,1,1
2021-12-09,0.19498851180078822,0,0
2021-12-10,0.18624536094723532,0,1
2021-12-13,0.1801447182214311,0,1
2021-12-14,0.17692133669971966,0,0
2021-12-15,0.17103038103207374,0,1
2021-12-16,0.18378369359455643,0,1
2021-12-17,0.17925168373543887,0,1
2021-12-20,0.1786169063810588,0,1
2021-12-21,0.18065840366438418,0,0
2021-12-22,0.19557010740261915,0,0
2021-12-23,0.18929531165779517,0,0
2021-12-27,0.17808515472265157,0,0
2021-12-28,0.1824694510577761,0,0
2021-12-29,0.16915947221199407,0,0
2021-12-30,0.15691397677697058,0,0
2021-12-31,0.1475060265265967,0,0
2022-01-03,0.13882627124298563,0,0
2022-01-04,0.13396931841030113,0,0
2022-01-05,0.12551307443065904,0,0
2022-01-06,0.16910036285149732,0,0
2022-01-07,0.15718641216359483,0,0
2022-01-10,0.14888972617188664,0,0
2022-01-11,0.1393062559714766,0,0
2022-01-12,0.13951450358861447,0,1
2022-01-13,0.13093921057421576,0,0
2022-01-14,0.1519409400023816,0,1
2022-01-18,0.14148054002642615,0,1
2022-01-19,0.17495081708311935,0,1
2022-01-20,0.17366501411999719,0,1
2022-01-21,0.1756709805028904,0,1
2022-01-24,0.2011353400043141,1,1
2022-01-25,0.1861889761773107,0,1
2022-01-26,0.18877781336007454,0,1
2022-01-27,0.17512334373718408,0,1
2022-01-28,0.16632704638085283,0,1
2022-01-31,0.20806280376509406,1,1
2022-02-01,0.22020193449994002,1,1
2022-02-02,0.2063510908028178,1,1
2022-02-03,0.19747183247891806,0,1
2022-02-04,0.23724639852188187,1,1
2022-02-07,0.22012397198522354,1,1
2022-02-08,0.20470639443109778,1,0
2022-02-09,0.1945454938136811,0,1
2022-02-10,0.19763742726962674,0,1
2022-02-11,0.2148847744322918,1,1
2022-02-14,0.23095083700915525,1,1
2022-02-15,0.21454269648441407,1,1
2022-02-16,0.21717510573266915,1,1
2022-02-17,0.20037397081921585,1,1
2022-02-18,0.22724712183087972,1,1
2022-02-22,0.21469843863169175,1,1
2022-02-23,0.2084814869219525,1,1
2022-02-24,0.22418325789154575,1,1
2022-02-25,0.2233457816168195,1,1
2022-02-28,0.24250814483126135,1,1
2022-03-01,0.22412103291764116,1,1
2022-03-02,0.2283514316428621,1,1
2022-03-03,0.23576769281613102,1,1
2022-03-04,0.22012158207844776,1,1
2022-03-07,0.20950546609326257,1,1
2022-03-08,0.26618687364166377,1,1
2022-03-09,0.2494124590383126,1,1
2022-03-10,0.2729091091842096,1,1
2022-03-11,0.2527430229036852,1,1
2022-03-14,0.24667353554051824,1,1
2022-03-15,0.2322947983053761,1,1
2022-03-16,0.24658880002163622,1,1
2022-03-17,0.2607006907738543,1,1
2022-03-18,0.24968595817774641,1,1
2022-03-21,0.2389531006811219,1,1
2022-03-22,0.22027781665552237,1,1
2022-03-23,0.21274728708536314,1,1
2022-03-24,0.2112201220541198,1,1
2022-03-25,0.21110822655554382,1,0
2022-03-28,0.1966410417218504,0,0
2022-03-29,0.18579617942303958,0,0
2022-03-30,0.1851531245056828,0,1
2022-03-31,0.1764186029680366,0,0
2022-04-01,0.1907646566459465,0,0
2022-04-04,0.1772479126890332,0,1
2022-04-05,0.17006157315669368,0,1
2022-04-06,0.17665781861403523,0,1
2022-04-07,0.17520200086855545,0,1
2022-04-08,0.1638322115278083,0,1
2022-04-11,0.15348420660593173,0,1
2022-04-12,0.1776227928287027,0,1
2022-04-13,0.16646416790065358,0,1
2022-04-14,0.16661320273719213,0,1
2022-04-18,0.1727339696769386,0,1
2022-04-19,0.16034453813317295,0,1
2022-04-20,0.17455514272329814,0,1
2022-04-21,0.1620931163691145,0,1
2022-04-22,0.1767888491727922,0,1
2022-04-25,0.2374321580121836,1,1
2022-04-26,0.22078464737684242,1,1
2022-04-27,0.26834240445040103,1,1
2022-04-28,0.24692435724084053,1,1
2022-04-29,0.26813935695328683,1,1
2022-05-02,0.3343792520347662,1,1
2022-05-03,0.3081726364184389,1,1
2022-05-04,0.28406000814823784,1,1
2022-05-05,0.31277231669320155,1,1
2022-05-06,0.3629889344387936,1,1
2022-05-09,0.33498281088614157,1,1
2022-05-10,0.3664757191010213,1,1
2022-05-11,0.3361694381098221,1,1
2022-05-12,0.3253898177933725,1,1
2022-05-13,0.29888485618775984,1,1
2022-05-16,0.3069830935297441,1,1
2022-05-17,0.2832679407383806,1,1
2022-05-18,0.2848532930376787,1,1
2022-05-19,0.3629071779618658,1,1
2022-05-20,0.3351500201602436,1,1
2022-05-23,0.30763311708391944,1,1
2022-05-24,0.3018186404816183,1,1
2022-05-25,0.2822677960538319,1,1
2022-05-26,0.26468169367889904,1,1
2022-05-27,0.2687923733827342,1,1
2022-05-31,0.28526685818819375,1,1
2022-06-01,0.26552127171582884,1,1
2022-06-02,0.24911997375569028,1,1
2022-06-03,0.25236464640670053,1,1
2022-06-06,0.25400689031835566,1,1
2022-06-07,0.23424998980201084,1,1
2022-06-08,0.222163374819243,1,1
2022-06-09,0.21618273725487527,1,1
2022-06-10,0.2485484320201227,1,1
2022-06-13,0.2917015291549454,1,1
2022-06-14,0.3607441085263554,1,1
2022-06-15,0.3319120261660426,1,1
2022-06-16,0.3157186603688948,1,1
2022-06-17,0.3535594443407466,1,1
2022-06-21,0.32449140467633314,1,1
2022-06-22,0.32959953116433943,1,1
2022-06-23,0.30281290264003363,1,1
2022-06-24,0.28316807962051166,1,1
2022-06-27,0.31446273922150786,1,1
2022-06-28,0.2896547196948279,1,1
2022-06-29,0.2945297029764271,1,1
2022-06-30,0.2708120360173182,1,1
2022-07-01,0.255466899060422,1,1
2022-07-05,0.24237421160827705,1,1
2022-07-06,0.22325330323152992,1,1
2022-07-07,0.2065046113575638,1,1
2022-07-08,0.20878114288315958,1,1
2022-07-11,0.1928661405261304,0,1
2022-07-12,0.19291191623759713,0,1
2022-07-13,0.18808019610955867,0,1
2022-07-14,0.1766496664039579,0,1
2022-07-15,0.1650643156268523,0,1
2022-07-18,0.18877625393711805,0,1
2022-07-19,0.1829144672974922,0,1
2022-07-20,0.23245305783222528,1,1
2022-07-21,0.21650089370477493,1,1
2022-07-22,0.20714130149886434,1,1
2022-07-25,0.2005574688470152,1,1
2022-07-26,0.18540062903883717,0,1
2022-07-27,0.18672912976292977,0,1
2022-07-28,0.22914369136875734,1,1
2022-07-29,0.2219824241431424,1,1
2022-08-01,0.21997955297756674,1,1
2022-08-02,0.2040643920120275,1,1
2022-08-03,0.19363909117391548,0,1
2022-08-04,0.1998818134617106,0,1
2022-08-05,0.1849865967167534,0,1
2022-08-08,0.17185236634566559,0,1
2022-08-09,0.1598302479026058,0,0
2022-08-10,0.15147754724113804,0,1
2022-08-11,0.1864555639599094,0,0
2022-08-12,0.17287795970122882,0,0
2022-08-15,0.18818529821894014,0,0
2022-08-16,0.17533863852524997,0,0
2022-08-17,0.1627932789406114,0,0
2022-08-18,0.15858145227055837,0,1
2022-08-19,0.1478211902521372,0,1
2022-08-22,0.1601735776640607,0,1
2022-08-23,0.1997459493971064,0,1
2022-08-24,0.18553673580616198,0,1
2022-08-25,0.17240150457689615,0,1
2022-08-26,0.17860538570321022,0,1
2022-08-29,0.266483379015903,1,1
2022-08-30,0.24915361955975238,1,1
2022-08-31,0.24006056127084857,1,1
2022-09-01,0.22707763652486584,1,1
2022-09-02,0.2099989707954359,1,1
2022-09-06,0.20574636203992352,1,1
2022-09-07,0.19232080321131698,0,1
2022-09-08,0.20636094095342164,1,1
2022-09-09,0.19399747131259887,0,1
2022-09-12,0.19922358636483936,0,1
2022-09-13,0.193422646370558,0,1
2022-09-14,0.32216337911133053,1,1
2022-09-15,0.29650576364369335,1,1
2022-09-16,0.282097650439196,1,1
2022-09-19,0.2639034079031443,1,1
2022-09-20,0.24591416815890074,1,1
2022-09-21,0.2377866164216472,1,1
2022-09-22,0.24399500379806993,1,1
2022-09-23,0.23151843343332904,1,1
2022-09-26,0.23918915848375757,1,1
2022-09-27,0.23028750917919089,1,1
2022-09-28,0.21323279356003763,1,1
2022-09-29,0.22669433244431092,1,1
2022-09-30,0.2469626479319187,1,1
2022-10-03,0.24651721258794632,1,1
2022-10-04,0.27141692870728923,1,1
2022-10-05,0.3055802890352948,1,1
2022-10-06,0.2815462105230771,1,1
2022-10-07,0.26734002110502436,1,1
2022-10-10,0.30115644871976693,1,1
2022-10-11,0.2813598031282065,1,1
2022-10-12,0.2626105729912275,1,1
2022-10-13,0.24315432318869104,1,1
2022-10-14,0.26912208309342245,1,1
2022-10-17,0.2880579041099165,1,1
2022-10-18,0.3055798213699189,1,1
2022-10-19,0.2882924552188791,1,1
2022-10-20,0.2690165112518201,1,1
2022-10-21,0.2531517494643532,1,1
2022-10-24,0.26997615510794415,1,1
2022-10-25,0.25743467877136733,1,1
2022-10-26,0.2545525808060271,1,1
2022-10-27,0.23957471728278795,1,1
2022-10-28,0.22468847397507186,1,1
2022-10-31,0.2508277190946728,1,1
2022-11-01,0.23635456196556595,1,1
2022-11-02,0.21999007707107543,1,1
2022-11-03,0.2554207465484517,1,1
2022-11-04,0.24494904068644716,1,1
2022-11-07,0.23858928335878404,1,1
2022-11-08,0.22648425374613138,1,1
2022-11-09,0.21122791258162696,1,1
2022-11-10,0.23399254223943255,1,1
2022-11-11,0.3841761664946932,1,1
2022-11-14,0.3565685556560365,1,1
2022-11-15,0.33281726368273545,1,1
2022-11-16,0.30987147258992653,1,1
2022-11-17,0.29020647190814325,1,1
2022-11-18,0.2682712471371392,1,1
2022-11-21,0.24849756551068766,1,1
2022-11-22,0.2308623394565599,1,1
2022-11-23,0.22642476278560505,1,1
2022-11-25,0.21142494637584555,1,1
2022-11-28,0.1955279791197992,0,1
2022-11-29,0.20533808753182958,1,1
2022-11-30,0.1904361903730226,0,0
2022-12-01,0.25015471045227033,1,0
2022-12-02,0.23109338634503648,1,1
2022-12-05,0.21384445332214297,1,1
2022-12-06,0.22689383197072338,1,1
2022-12-07,0.22821681374602,1,1
2022-12-08,0.21148413521735152,1,1
2022-12-09,0.19985307190300783,0,1
2022-12-12,0.19118620305109335,0,1
2022-12-13,0.19452007281935874,0,1
2022-12-14,0.18448209150167838,0,1
2022-12-15,0.17578914687196415,0,1
2022-12-16,0.22412408363957856,1,1
2022-12-19,0.21884978264368746,1,1
2022-12-20,0.21048015174532952,1,1
2022-12-21,0.19489038565799474,0,1
2022-12-22,0.1990026106986081,0,1
2022-12-23,0.20524496331632336,1,1
2022-12-27,0.19258019472924462,0,1
2022-12-28,0.1807865542935085,0,1
2022-12-29,0.18407776906777676,0,1
2022-12-30,0.19721305838919986,0,1
2023-01-03,0.1838165797950727,0,1
2023-01-04,0.17289354101180088,0,1
2023-01-05,0.16577540316883135,0,1
2023-01-06,0.17079294717838225,0,1
2023-01-09,0.20498157521548982,1,1
2023-01-10,0.19009441735841445,0,1
2023-01-11,0.180256342577317,0,0
2023-01-12,0.18206486123261967,0,0
2023-01-13,0.16988018644340747,0,0
2023-01-17,0.15926814692813937,0,1
2023-01-18,0.14930532392024673,0,1
2023-01-19,0.16965176299701346,0,0
2023-01-20,0.16535679514849239,0,0
2023-01-23,0.18731116331053116,0,0
2023-01-24,0.1858991071395832,0,0
2023-01-25,0.1728003291825556,0,0
2023-01-26,0.16081685774903975,0,0
2023-01-27,0.161672740980189,0,0
2023-01-30,0.15104193732632928,0,0
2023-01-31,0.16263738331578612,0,0
2023-02-01,0.17218471120543727,0,0
2023-02-02,0.17013641450986372,0,0
2023-02-03,0.1783362391260898,0,0
2023-02-06,0.17818235321873202,0,0
2023-02-07,0.17044891133357534,0,0
2023-02-08,0.1739595743272103,0,1
2023-02-09,0.17616006430398243,0,1
2023-02-10,0.17317934982692376,0,1
2023-02-13,0.16133968047298744,0,0
2023-02-14,0.16308857729542925,0,0
2023-02-15,0.15205964750447065,0,1
2023-02-16,0.14251733035242212,0,1
2023-02-17,0.15859734867822933,0,1
2023-02-21,0.14928839527751794,0,1
2023-02-22,0.1860943055672663,0,1
2023-02-23,0.17332123533268307,0,1
2023-02-24,0.1635614366895533,0,1
2023-02-27,0.16619336543523916,0,1
2023-02-28,0.1554510641620583,0,1
2023-03-01,0.1467165816082466,0,0
2023-03-02,0.14082673001824075,0,0
2023-03-03,0.13797972543368542,0,0
2023-03-06,0.15774024991094615,0,0
2023-03-07,0.1471699013823603,0,0
2023-03-08,0.16706983325793529,0,1
2023-03-09,0.15567677718170383,0,1
2023-03-10,0.18435261027086325,0,1
2023-03-13,0.19335896268260158,0,1
2023-03-14,0.17989424450727748,0,1
2023-03-15,0.19100472019762565,0,1
2023-03-16,0.18296460684354143,0,1
2023-03-17,0.19651753739120775,0,1
2023-03-20,0.19498683867752784,0,1
2023-03-21,0.18728528223915192,0,1
2023-03-22,0.18824761097501858,0,1
2023-03-23,0.20219639516953422,1,1
2023-03-24,0.18799037948638941,0,1
2023-03-27,0.17701718747202846,0,0
2023-03-28,0.16473923873683902,0,0
2023-03-29,0.1540649158516755,0,0
2023-03-30,0.16421962294570464,0,0
2023-03-31,0.1558709388003115,0,0
2023-04-03,0.1661868003977509,0,0
2023-04-04,0.15584024910259053,0,0
2023-04-05,0.15037066712856456,0,0
2023-04-06,0.14174126004523466,0,0
2023-04-10,0.13381060554969176,0,0
2023-04-11,0.12557769443066885,0,0
2023-04-12,0.11822946889925147,0,0
2023-04-13,0.11512373399071882,0,0
2023-04-14,0.13141369440454467,0,0
2023-04-17,0.1244876351483544,0,0
2023-04-18,0.11823081382629154,0,0
2023-04-19,0.11161314932302047,0,0
2023-04-20,0.10578570918960198,0,0
2023-04-21,0.10786659642774767,0,0
2023-04-24,0.10237040984070053,0,0
2023-04-25,0.0974787785390009,0,0
2023-04-26,0.1349275642791827,0,0
2023-04-27,0.1293568795434991,0,0
2023-04-28,0.16393310945790726,0,0
2023-05-01,0.15907707696533954,0,0
2023-05-02,0.14851674304007384,0,0
2023-05-03,0.156577157915466,0,1
2023-05-04,0.15295236324424197,0,0
2023-05-05,0.1502224266721699,0,0
2023-05-08,0.1744919686818931,0,0
2023-05-09,0.16235015545413314,0,0
2023-05-10,0.15448590795868464,0,0
2023-05-11,0.14598801906567396,0,0
2023-05-12,0.13730581026810496,0,0
2023-05-15,0.12945219164006758,0,0
2023-05-16,0.12244375936739622,0,0
2023-05-17,0.12264110875051268,0,0
2023-05-18,0.1328284902872737,0,0
2023-05-19,0.13484116976805324,0,0
2023-05-22,0.12716950575518282,0,0
2023-05-23,0.11970663554623799,0,1
2023-05-24,0.13295760649658958,0,0
2023-05-25,0.1334066044276996,0,0
2023-05-26,0.13387219880162438,0,0
2023-05-30,0.14489049059089476,0,0
2023-05-31,0.13566587733966923,0,0
2023-06-01,0.1333954224194229,0,0
2023-06-02,0.13622587962433647,0,0
2023-06-05,0.15112239277072295,0,0
2023-06-06,0.14210347147306665,0,0
2023-06-07,0.13347041202341098,0,0
2023-06-08,0.12807512902180498,0,0
2023-06-09,0.1247161548079495,0,0
2023-06-12,0.11750943435097329,0,0
2023-06-13,0.12192256844184991,0,0
2023-06-14,0.12062292722940507,0,0
2023-06-15,0.11380982059543553,0,0
2023-06-16,0.12681363072883375,0,0
2023-06-20,0.12206327165492804,0,0
2023-06-21,0.11941377781526541,0,0
2023-06-22,0.11797592021912517,0,0
2023-06-23,0.11284724651605574,0,0
2023-06-26,0.11756084986218177,0,0
2023-06-27,0.11513061019537144,0,0
2023-06-28,0.12568174828878254,0,0
2023-06-29,0.11850316995433786,0,0
2023-06-30,0.11409450875338828,0,0
2023-07-03,0.12728382562019463,0,0
2023-07-05,0.11982076343193346,0,0
2023-07-06,0.11416652829843141,0,0
2023-07-07,0.11927963082808282,0,0
2023-07-10,0.11451967814674846,0,0
2023-07-11,0.10883917936657003,0,0
2023-07-12,0.10917849828355436,0,0
2023-07-13,0.11077282758140188,0,0
2023-07-14,0.11438931267027626,0,0
2023-07-17,0.10871117685244656,0,0
2023-07-18,0.10482944126636669,0,0
2023-07-19,0.1065355030442779,0,0
2023-07-20,0.10171268170549125,0,0
2023-07-21,0.10636589092346577,0,0
2023-07-24,0.1011211274611736,0,0
2023-07-25,0.0983978307679607,0,0
2023-07-26,0.09484043178209822,0,0
2023-07-27,0.0910114196543789,0,0
2023-07-28,0.09697309859273273,0,0
2023-07-31,0.1070945318983877,0,0
2023-08-01,0.10183820856019739,0,0
2023-08-02,0.09904056592410096,0,0
2023-08-03,0.1275427881828525,0,0
2023-08-04,0.1214815051484647,0,0
2023-08-07,0.1198209593865917,0,0
2023-08-08,0.12308607749724025,0,0
2023-08-09,0.11951883353556074,0,0
2023-08-10,0.12156681090988283,0,0
2023-08-11,0.11470065067220094,0,0
2023-08-14,0.10901686213078268,0,0
2023-08-15,0.10760329318087777,0,0
2023-08-16,0.12489698500650591,0,0
2023-08-17,0.12715633889196792,0,0
2023-08-18,0.129378080732974,0,0
2023-08-21,0.12177676841154521,0,0
2023-08-22,0.12041536903550852,0,0
2023-08-23,0.11542816633964276,0,0
2023-08-24,0.12467854478143801,0,0
2023-08-25,0.14385474982373375,0,0
2023-08-28,0.13923137737479485,0,0
2023-08-29,0.13454725789591868,0,0
2023-08-30,0.14962677068621916,0,0
2023-08-31,0.1411281232933711,0,0
2023-09-01,0.13293835632078163,0,0
2023-09-05,0.12507672243852216,0,0
2023-09-06,0.12123232901920625,0,0
2023-09-07,0.12283220305449709,0,0
2023-09-08,0.11803111648309489,0,0
2023-09-11,0.11161644170012097,0,0
2023-09-12,0.11148366254907208,0,0
2023-09-13,0.11205061470119394,0,0
2023-09-14,0.10623485956464351,0,0
2023-09-15,0.11058754393595968,0,0
2023-09-18,0.1290941960327054,0,0
2023-09-19,0.12144665781371512,0,0
2023-09-20,0.11576873155160636,0,0
2023-09-21,0.12434262785244543,0,0
2023-09-22,0.15428745248555606,0,0
2023-09-25,0.14516062111311054,0,0
2023-09-26,0.137311780084697,0,0
2023-09-27,0.15741584975182288,0,0
2023-09-28,0.14699997351861382,0,0
2023-09-29,0.14090444546404082,0,0
2023-10-02,0.13355086524067253,0,0
2023-10-03,0.1255230542342434,0,0
2023-10-04,0.14529438655711296,0,0
2023-10-05,0.1427571946612844,0,0
2023-10-06,0.1342684283930233,0,0
2023-10-09,0.14167237950041336,0,0
2023-10-10,0.13677383979967228,0,0
2023-10-11,0.13106905590478665,0,0
2023-10-12,0.12504101971292458,0,0
2023-10-13,0.12455007482092464,0,0
2023-10-16,0.1219854026640197,0,0
2023-10-17,0.1286374707588706,0,0
2023-10-18,0.12115453660761853,0,1
2023-10-19,0.14090018301937376,0,1
2023-10-20,0.14249170401027667,0,1
2023-10-23,0.15441888468562529,0,0
2023-10-24,0.14495401334058702,0,1
2023-10-25,0.14107095836018246,0,1
2023-10-26,0.15877433981517194,0,1
2023-10-27,0.16530099180827212,0,0
2023-10-30,0.15741102862288633,0,0
2023-10-31,0.16103514655968526,0,0
2023-11-01,0.15405657924124222,0,0
2023-11-02,0.154862971044644,0,0
2023-11-03,0.178749827174889,0,0
2023-11-06,0.17389179823586348,0,0
2023-11-07,0.16209541422047163,0,0
2023-11-08,0.15181332040453724,0,0
2023-11-09,0.14199446421813508,0,0
2023-11-10,0.14256356318841779,0,0
2023-11-13,0.15903299954813707,0,0
2023-11-14,0.14877617928544878,0,0
2023-11-15,0.17498893760122905,0,0
2023-11-16,0.1630734684943314,0,0
2023-11-17,0.15222104461773664,0,0
2023-11-20,0.14241126894237913,0,0
2023-11-21,0.13904494704881387,0,0
2023-11-22,0.13139226174587249,0,0
2023-11-24,0.12510667666684677,0,0
2023-11-27,0.1178924346529183,0,0
2023-11-28,0.11245824623766722,0,0
2023-11-29,0.10655619134351621,0,0
2023-11-30,0.10170822497579209,0,0
2023-12-01,0.09863376111900109,0,0
2023-12-04,0.09897815622264228,0,0
2023-12-05,0.1010395267118153,0,0
2023-12-06,0.09665460903965763,0,0
2023-12-07,0.09629773286901065,0,0
2023-12-08,0.10147886946764076,0,0
2023-12-11,0.09880409018583526,0,0
2023-12-12,0.09627944268597602,0,0
2023-12-13,0.0949530538217577,0,0
2023-12-14,0.11802932655050931,0,0
2023-12-15,0.11210060129484299,0,0
2023-12-18,0.10632176753040837,0,0
2023-12-19,0.1035245414729207,0,0
2023-12-20,0.10308741973081718,0,0
2023-12-21,0.13335543169738842,0,0
2023-12-22,0.1371492153650385,0,0
2023-12-26,0.12880529464499868,0,0
2023-12-27,0.12294025607628907,0,0
2023-12-28,0.11602396094391015,0,0
2023-12-29,0.10976987544560729,0,0
2024-01-02,0.1061567134927197,0,0
2024-01-03,0.10751587316919653,0,0
2024-01-04,0.11407869477743661,0,0
2024-01-05,0.11062520782219344,0,0
2024-01-08,0.10515066673295044,0,0
2024-01-09,0.1266425383199933,0,0
2024-01-10,0.11992414972481939,0,0
2024-01-11,0.1168839426856378,0,0
2024-01-12,0.11081367642697304,0,0
2024-01-16,0.1051162571714564,0,0
2024-01-17,0.10328094182003027,0,0
2024-01-18,0.10501767915211524,0,0
2024-01-19,0.11046521541854971,0,0
2024-01-22,0.12449685287764554,0,0
2024-01-23,0.1176716134812226,0,0
2024-01-24,0.11199356359420691,0,0
2024-01-25,0.10617044177345772,0,0
2024-01-26,0.10439749589609751,0,0
2024-01-29,0.09970235515360155,0,0
2024-01-30,0.10319942892384237,0,0
2024-01-31,0.09861667767470271,0,0
2024-02-01,0.13616543246728488,0,0
2024-02-02,0.1449227856890883,0,0
2024-02-05,0.14754357587221179,0,0
2024-02-06,0.13991954947776847,0,0
2024-02-07,0.13158025425665934,0,0
2024-02-08,0.13121810243352794,0,0
2024-02-09,0.12342016494321434,0,0
2024-02-12,0.1200309272952793,0,0
2024-02-13,0.11377340156384326,0,0
2024-02-14,0.13651207303695212,0,0
2024-02-15,0.13809214925367103,0,0
2024-02-16,0.13297547766865786,0,0
2024-02-20,0.12900707953053045,0,0
2024-02-21,0.12750393135124083,0,0
2024-02-22,0.12014736212292426,0,0
2024-02-23,0.16310672706759619,0,0
2024-02-26,0.15224164694319453,0,0
2024-02-27,0.14475991753640213,0,0
2024-02-28,0.13579890017612944,0,0
2024-02-29,0.1283091753658286,0,0
2024-03-01,0.12365596672909608,0,0
2024-03-04,0.12404857833242207,0,0
2024-03-05,0.11752183884760489,0,0
2024-03-06,0.1278823081312791,0,0
2024-03-07,0.12317839737247703,0,0
2024-03-08,0.1287271121956317,0,0
2024-03-11,0.12824021059009527,0,0
2024-03-12,0.12124170883898878,0,0
2024-03-13,0.12947175688684637,0,0
2024-03-14,0.12283105359107686,0,0
2024-03-15,0.11774678242496128,0,0
2024-03-18,0.11886886469706436,0,0
2024-03-19,0.1169707416379131,0,0
2024-03-20,0.11431314128987685,0,0
2024-03-21,0.11816062401777039,0,0
2024-03-22,0.11270448345263269,0,0
2024-03-25,0.10754389024245517,0,0
2024-03-26,0.10452504311200242,0,0
2024-03-27,0.10158928290808207,0,0
2024-03-28,0.10719039525982009,0,0
2024-04-01,0.10196648088304344,0,0
2024-04-02,0.0985373006871554,0,0
2024-04-03,0.10487094154699046,0,0
2024-04-04,0.09989866466172007,0,0
2024-04-05,0.12181211963918483,0,0
2024-04-08,0.12966700585490426,0,0
2024-04-09,0.12221152480981307,0,0
2024-04-10,0.11546018663283576,0,0
2024-04-11,0.12414410123429241,0,0
2024-04-12,0.12340454383432463,0,0
2024-04-15,0.14635329389747398,0,0
2024-04-16,0.1557608520518223,0,0
2024-04-17,0.14644815870040845,0,0
2024-04-18,0.1422025103330951,0,0
2024-04-19,0.1344058086810019,0,0
2024-04-22,0.1376700608669577,0,0
2024-04-23,0.1373369601562963,0,0
2024-04-24,0.14434875105292572,0,0
2024-04-25,0.13534237408639915,0,0
2024-04-26,0.13077455041687208,0,0
2024-04-29,0.13469870086168517,0,0
2024-04-30,0.12743326891796075,0,0
2024-05-01,0.15337383591117273,0,0
2024-05-02,0.14543524121007614,0,0
2024-05-03,0.14469976219984873,0,0
2024-05-06,0.15178761251234965,0,0
2024-05-07,0.15246664073729585,0,0
2024-05-08,0.14272284124213633,0,0
2024-05-09,0.13392845246963261,0,0
2024-05-10,0.12846090024965162,0,0
2024-05-13,0.12113533696671698,0,0
2024-05-14,0.11454233131592628,0,0
2024-05-15,0.11110713917387215,0,0
2024-05-16,0.12297425170017391,0,0
2024-05-17,0.11717367283138248,0,0
2024-05-20,0.11090725168959183,0,0
2024-05-21,0.10526993254686838,0,0
2024-05-22,0.10077018067784868,0,0
2024-05-23,0.0982086171694513,0,0
2024-05-24,0.10496256775043723,0,0
2024-05-28,0.10636061030271039,0,0
2024-05-29,0.10123939989276329,0,0
2024-05-30,0.1073216001819109,0,0
2024-05-31,0.10909086321425092,0,0
2024-06-03,0.1119145924218376,0,0
2024-06-04,0.10619173054035545,0,0
2024-06-05,0.10116942033788562,0,0
2024-06-06,0.11588431531338227,0,0
2024-06-07,0.1098315768278394,0,0
2024-06-10,0.10482542471193886,0,0
2024-06-11,0.10043980493956893,0,0
2024-06-12,0.09664901879664425,0,0
2024-06-13,0.10288818831901436,0,0
2024-06-14,0.09857773890106916,0,0
2024-06-17,0.09449807256298444,0,0
2024-06-18,0.09913185590534294,0,0
2024-06-20,0.0953576979596507,0,0
2024-06-21,0.09331139371645465,0,0
2024-06-24,0.09056708944091844,0,0
2024-06-25,0.08986887237985079,0,0
2024-06-26,0.08857156672962464,0,0
2024-06-27,0.08558386236976118,0,0
2024-06-28,0.08281192384906798,0,0
2024-07-01,0.08501230903575652,0,0
2024-07-02,0.08308946083441034,0,0
2024-07-03,0.08662620672355431,0,0
2024-07-05,0.08744502457392404,0,0
2024-07-08,0.08874922128730815,0,0
2024-07-09,0.08558335967128561,0,0
2024-07-10,0.08277924227469044,0,0
2024-07-11,0.09718721196215144,0,0
2024-07-12,0.10805024668431804,0,0
2024-07-15,0.10634751128110513,0,0
2024-07-16,0.10188911373088731,0,0
2024-07-17,0.10255022619611838,0,0
2024-07-18,0.1296635660334206,0,0
2024-07-19,0.13164553403713342,0,0
2024-07-22,0.13188205077390275,0,0
2024-07-23,0.13695134976798554,0,0
2024-07-24,0.12924326071878395,0,0
2024-07-25,0.18533490655776225,0,0
2024-07-26,0.17563213212605364,0,0
2024-07-29,0.17420370218811337,0,0
2024-07-30,0.16227269279983844,0,0
2024-07-31,0.1549820302508494,0,0
2024-08-01,0.1688423848611887,0,1
2024-08-02,0.1783871250352759,0,1
2024-08-05,0.20011625265734753,1,1
2024-08-06,0.25964816010078445,1,1
2024-08-07,0.24643595656470002,1,1
2024-08-08,0.23322110538659788,1,1
2024-08-09,0.251371265007568,1,1
2024-08-12,0.2336336739964726,1,0
2024-08-13,0.21636623801364796,1,0
2024-08-14,0.22115277974743458,1,0
2024-08-15,0.20576203945608132,1,0
2024-08-16,0.2106522192786185,1,0
2024-08-19,0.19553606657123807,0,0
2024-08-20,0.1889657807010446,0,0
2024-08-21,0.1763254378295504,0,0
2024-08-22,0.16540673302559,0,0
2024-08-23,0.16416240406321053,0,0
2024-08-26,0.16530748385015445,0,0
2024-08-27,0.15575645308343336,0,0
2024-08-28,0.14555610360778173,0,0
2024-08-29,0.14170066169957,0,0
2024-08-30,0.1328118001859604,0,1
2024-09-03,0.13612044591973832,0,1
2024-09-04,0.18105251544449896,0,0
2024-09-05,0.16900697366274822,0,1
2024-09-06,0.15902331507940234,0,0
2024-09-09,0.18186045753211802,0,0
2024-09-10,0.18050388465064976,0,0
2024-09-11,0.1694190546402023,0,0
2024-09-12,0.16808045573744998,0,0
2024-09-13,0.1615729454143042,0,0
2024-09-16,0.15326701054387204,0,0
2024-09-17,0.14333845949645557,0,0
2024-09-18,0.1343390585873799,0,0
2024-09-19,0.1279022003779502,0,0
2024-09-20,0.15250817969129432,0,0
2024-09-23,0.1434558536724068,0,0
2024-09-24,0.13500814660516172,0,0
2024-09-25,0.12726104082564293,0,0
2024-09-26,0.1207649008425344,0,0
2024-09-27,0.1156329426070249,0,0
2024-09-30,0.10999100238167195,0,0
2024-10-01,0.10634894129547842,0,0
2024-10-02,0.11680413206578323,0,1
2024-10-03,0.11052364043962115,0,0
2024-10-04,0.10576211102738377,0,1
2024-10-07,0.11137593449985612,0,1
2024-10-08,0.12140771643063354,0,1
2024-10-09,0.1257837367292722,0,1
2024-10-10,0.12417423645791308,0,1
2024-10-11,0.11817767507106743,0,0
2024-10-14,0.11590515368402275,0,1
2024-10-15,0.11688565830236235,0,0
2024-10-16,0.12064843946832972,0,0
2024-10-17,0.11621812664185156,0,0
2024-10-18,0.11007278656694956,0,0
2024-10-21,0.1061625250420547,0,0
2024-10-22,0.10203541608891752,0,0
2024-10-23,0.09754581293234282,0,0
2024-10-24,0.1096600914499644,0,1
2024-10-25,0.10443863445819132,0,0
2024-10-28,0.09961838985780519,0,0
2024-10-29,0.0958394094023173,0,1
2024-10-30,0.09197296017261263,0,1
2024-10-31,0.091399309246118,0,1
2024-11-01,0.14289345472094547,0,1
2024-11-04,0.13537756780236104,0,1
2024-11-05,0.12879366762792732,0,0
2024-11-06,0.13827399286324,0,0
2024-11-07,0.1915080728262037,0,0
2024-11-08,0.18214232459781135,0,0
2024-11-11,0.17038468849511276,0,0
2024-11-12,0.1588346551779093,0,0
2024-11-13,0.14982882659810165,0,0
2024-11-14,0.14026602197567373,0,0
2024-11-15,0.13728923218597094,0,0
2024-11-18,0.15215385124347905,0,0
2024-11-19,0.14355554183324673,0,0
2024-11-20,0.13589416303887467,0,0
2024-11-21,0.12773033246102686,0,0
2024-11-22,0.12325705909888486,0,0
2024-11-25,0.1173894707242247,0,0
2024-11-26,0.11183629301142306,0,0
2024-11-27,0.10994496178464207,0,0
2024-11-29,0.1075858185795837,0,0
2024-12-02,0.10611902185069745,0,0
2024-12-03,0.10146593186310345,0,0
2024-12-04,0.09683165929489143,0,0
2024-12-05,0.09773005025802846,0,0
2024-12-06,0.09469603851844743,0,0
2024-12-09,0.09141481203599988,0,0
2024-12-10,0.09654536337327445,0,0
2024-12-11,0.0948802414887909,0,0
2024-12-12,0.10068543889922128,0,0
2024-12-13,0.10248413130710078,0,0
2024-12-16,0.09781650904914725,0,0
2024-12-17,0.09529108054368432,0,1
2024-12-18,0.09512060283123086,0,1
2024-12-19,0.19930457440055369,0,0
2024-12-20,0.18521843079293485,0,0
2024-12-23,0.18195960535662678,0,0
2024-12-24,0.17354671003672306,0,0
2024-12-26,0.17230194140151972,0,0
2024-12-27,0.16074202968450566,0,0
2024-12-30,0.16487354786507888,0,0
2024-12-31,0.16746189772396358,0,0
