date,sp500_return,vix_diff,t2y_diff,t10y_diff,fedfunds_diff,credit_diff,realized_vol,yield_spread_diff,regime
2005-02-02,0.0031730069431805674,-0.3699999999999992,0.029999999999999805,0.0,-0.10999999999999988,-0.010000000000000009,0.10116486748235404,-0.029999999999999805,0
2005-02-03,-0.002769526922576482,0.129999999999999,0.020000000000000018,0.02999999999999936,0.20000000000000018,-0.030000000000000027,0.09287597896187033,0.009999999999999343,0
2005-02-04,0.010982508461376383,-0.5799999999999983,-0.04999999999999982,-0.08999999999999986,0.019999999999999574,-0.010000000000000009,0.0991157660940965,-0.040000000000000036,0
2005-02-07,-0.0010895104518837684,0.5199999999999996,0.020000000000000018,-0.019999999999999574,-0.009999999999999787,-0.040000000000000036,0.09879751866761229,-0.03999999999999959,0
2005-02-08,0.0004825251131466146,-0.13000000000000078,0.020000000000000018,-0.020000000000000462,-0.020000000000000018,-0.020000000000000018,0.09853550601328978,-0.04000000000000048,0
2005-02-09,-0.008612209652503644,0.40000000000000036,-0.08999999999999986,-0.04999999999999982,0.020000000000000018,0.010000000000000009,0.1029785907920354,0.040000000000000036,0
2005-02-10,0.004202601413597407,-0.4900000000000002,0.04999999999999982,0.07000000000000028,0.009999999999999787,0.030000000000000027,0.10135813728719346,0.020000000000000462,0
2005-02-11,0.006901717852340283,-0.08000000000000007,0.04999999999999982,0.02999999999999936,-0.009999999999999787,-0.020000000000000018,0.10309302931291352,-0.020000000000000462,0
2005-02-14,0.0006966791908364911,0.08999999999999986,0.040000000000000036,-0.019999999999999574,0.009999999999999787,-0.020000000000000018,0.09731278927149076,-0.05999999999999961,0
2005-02-15,0.0032943504419993275,-0.25,-0.009999999999999787,0.019999999999999574,0.020000000000000018,0.010000000000000009,0.09606446455469353,0.02999999999999936,0
2005-02-16,0.00018178362840615137,-0.16999999999999993,0.040000000000000036,0.0600000000000005,-0.04999999999999982,-0.019999999999999796,0.09082710931490948,0.020000000000000462,0
2005-02-17,-0.007954950310606002,0.6699999999999999,-0.03000000000000025,0.03000000000000025,0.020000000000000018,0.019999999999999796,0.08875314663150541,0.0600000000000005,0
2005-02-18,0.0006993181932894998,-0.5899999999999999,0.07000000000000028,0.07999999999999918,0.009999999999999787,-0.019999999999999796,0.08326163565408892,0.009999999999998899,0
2005-02-22,-0.014612017289066692,1.9600000000000009,0.009999999999999787,0.020000000000000462,0.06000000000000005,0.019999999999999796,0.0963168702191303,0.010000000000000675,0
2005-02-23,0.005591687692464653,-0.75,0.0,-0.020000000000000462,-0.040000000000000036,0.0,0.09649807309230478,-0.020000000000000462,0
2005-02-24,0.007862859413791057,-0.8200000000000003,0.06000000000000005,0.020000000000000462,0.020000000000000018,-0.019999999999999796,0.09886382596087,-0.03999999999999959,0
2005-02-25,0.00926374094976623,-0.08000000000000007,0.020000000000000018,-0.020000000000000462,-0.009999999999999787,0.0,0.10201262075943776,-0.04000000000000048,0
2005-02-28,-0.00643488474928855,0.5899999999999999,0.04999999999999982,0.09000000000000075,-0.020000000000000018,-0.030000000000000027,0.10561700891681043,0.040000000000000924,0
2005-03-01,0.005642079415787649,-0.040000000000000924,0.0,0.019999999999999574,-0.1299999999999999,-0.010000000000000009,0.10571543050646624,0.019999999999999574,0
2005-03-02,-0.0002726720639580904,0.46000000000000085,-0.020000000000000018,0.0,0.08999999999999986,0.020000000000000018,0.10285562452662884,0.020000000000000018,0
2005-03-03,0.0003222408158265466,0.4299999999999997,0.020000000000000018,0.009999999999999787,0.029999999999999805,-0.010000000000000009,0.10074687500201296,-0.010000000000000231,0
2005-03-04,0.009578341659389977,-0.9900000000000002,-0.020000000000000018,-0.0699999999999994,-0.009999999999999787,-0.020000000000000018,0.10497397363999282,-0.04999999999999938,0
2005-03-07,0.0026068176057902903,0.3200000000000003,0.040000000000000036,-0.010000000000000675,0.009999999999999787,-0.020000000000000018,0.1040990428436354,-0.05000000000000071,0
2005-03-08,-0.004810336754233369,0.14000000000000057,0.010000000000000231,0.07000000000000028,-0.019999999999999574,-0.010000000000000009,0.10007329712717233,0.06000000000000005,0
2005-03-09,-0.01023730936713907,0.29999999999999893,0.040000000000000036,0.13999999999999968,0.009999999999999787,-0.010000000000000009,0.1068580628775975,0.09999999999999964,0
2005-03-10,0.0018541056357390673,-0.20999999999999908,0.020000000000000018,-0.03999999999999915,0.020000000000000018,-0.020000000000000018,0.10700779849766756,-0.059999999999999165,0
2005-03-11,-0.007612111482457884,0.3100000000000005,0.04999999999999982,0.07999999999999918,-0.010000000000000231,-0.030000000000000027,0.10601275817169774,0.02999999999999936,0
2005-03-14,0.005608865886875591,-0.41000000000000014,0.020000000000000018,-0.040000000000000036,0.08000000000000007,0.020000000000000018,0.1067705607113721,-0.06000000000000005,0
2005-03-15,-0.007552290344278845,0.7599999999999998,0.0,0.020000000000000462,0.020000000000000018,0.010000000000000009,0.1074001704966721,0.020000000000000462,0
2005-03-16,-0.008114655017585015,0.33999999999999986,-0.029999999999999805,-0.020000000000000462,-0.040000000000000036,0.020000000000000018,0.11065864642459976,0.009999999999999343,0
2005-03-17,0.0017996203790611176,-0.20000000000000107,-0.020000000000000018,-0.04999999999999982,0.11000000000000032,0.040000000000000036,0.11009533182672876,-0.029999999999999805,0
2005-03-18,-0.0004706159272691579,-0.14999999999999858,0.020000000000000018,0.040000000000000036,0.020000000000000018,0.020000000000000018,0.11004595947552082,0.020000000000000018,0
2005-03-21,-0.004946437829265626,0.46999999999999886,0.0,0.020000000000000462,0.009999999999999787,0.010000000000000009,0.10806421328955636,0.020000000000000462,0
2005-03-22,-0.010248488122647892,0.6600000000000001,0.13999999999999968,0.09999999999999964,0.010000000000000231,-0.040000000000000036,0.11285479083463362,-0.040000000000000036,0
2005-03-23,0.0006995871015282873,-0.20999999999999908,-0.020000000000000018,-0.019999999999999574,0.009999999999999787,0.010000000000000009,0.10185355383976598,4.440892098500626e-16,0
2005-03-24,-0.0009471192499628245,-0.6400000000000006,0.040000000000000036,-0.010000000000000675,0.020000000000000018,0.010000000000000009,0.0994403697762346,-0.05000000000000071,0
2005-03-28,0.0024385057059328474,0.33000000000000007,0.020000000000000018,0.040000000000000036,0.040000000000000036,0.0,0.09518329361466116,0.020000000000000018,0
2005-03-29,-0.007625141662331636,0.7400000000000002,-0.029999999999999805,-0.040000000000000036,-0.06999999999999984,0.020000000000000018,0.08998634720277404,-0.010000000000000231,0
2005-03-30,0.013678588230223276,-0.8499999999999996,-0.010000000000000231,-0.040000000000000036,0.020000000000000018,0.010000000000000009,0.10307851310941973,-0.029999999999999805,0
2005-03-31,-0.0006943268695538407,0.379999999999999,-0.06000000000000005,-0.05999999999999961,0.21999999999999975,0.029999999999999805,0.10032235523357128,4.440892098500626e-16,0
2005-04-01,-0.006517947367213672,0.07000000000000028,-0.04999999999999982,-0.040000000000000036,-0.1299999999999999,0.010000000000000009,0.10192440874813764,0.009999999999999787,0
2005-04-04,0.002724518934940967,0.019999999999999574,-0.009999999999999787,0.009999999999999787,-0.050000000000000266,0.0,0.10279716327968744,0.019999999999999574,0
2005-04-05,0.0044708262346180305,-0.4299999999999997,0.009999999999999787,0.010000000000000675,-0.05999999999999961,0.010000000000000009,0.09731923606583517,8.881784197001252e-16,0
2005-04-06,0.0022659450142521464,-0.5299999999999994,-0.04999999999999982,-0.040000000000000036,0.009999999999999787,0.010000000000000009,0.09713995424102603,0.009999999999999787,0
2005-04-07,0.005953175407841016,-0.8200000000000003,0.020000000000000018,0.04999999999999982,0.029999999999999805,-0.020000000000000018,0.09981910230579234,0.029999999999999805,0
2005-04-08,-0.008379960856031765,0.28999999999999915,0.04999999999999982,0.009999999999999787,-0.009999999999999787,-0.010000000000000009,0.09786933823099773,-0.040000000000000036,0
2005-04-11,8.465930976697678e-06,-0.6399999999999988,-0.020000000000000018,-0.04999999999999982,0.029999999999999805,0.030000000000000027,0.09739186993073265,-0.029999999999999805,0
2005-04-12,0.005529843510995391,-0.6799999999999997,-0.040000000000000036,-0.07000000000000028,-0.009999999999999787,-0.010000000000000009,0.0969883387625166,-0.03000000000000025,0
2005-04-13,-0.011831350562695242,2.01,-0.04999999999999982,0.0,-0.010000000000000231,0.030000000000000027,0.10186094561012908,0.04999999999999982,0
2005-04-14,-0.010052143003023595,1.2199999999999989,-0.06000000000000005,-0.009999999999999787,0.03000000000000025,0.06000000000000005,0.10413038358922128,0.050000000000000266,0
2005-04-15,-0.016861815670464964,3.209999999999999,-0.06000000000000005,-0.10000000000000053,0.029999999999999805,0.030000000000000027,0.11503205587878351,-0.04000000000000048,0
2005-04-18,0.0029362950398601484,-1.1799999999999997,0.009999999999999787,0.0,-0.06999999999999984,-0.030000000000000027,0.11555358863820869,-0.009999999999999787,0
2005-04-19,0.0059162503562486535,-1.5999999999999979,-0.04999999999999982,-0.05999999999999961,-0.009999999999999787,0.010000000000000009,0.11856067246856647,-0.009999999999999787,0
2005-04-20,-0.013343544646559735,1.9600000000000009,0.020000000000000018,0.009999999999999787,0.0,0.020000000000000018,0.12502893505713852,-0.010000000000000231,0
2005-04-21,0.01954402889804907,-2.5100000000000016,0.1299999999999999,0.10000000000000053,0.009999999999999787,-0.050000000000000044,0.14147380049086367,-0.02999999999999936,0
2005-04-22,-0.006773177225621652,0.9700000000000006,-0.029999999999999805,-0.0600000000000005,-0.009999999999999787,0.010000000000000009,0.1430480503310343,-0.030000000000000693,0
2005-04-25,0.00862498973129533,-0.7600000000000016,0.020000000000000018,0.0,0.07999999999999963,-0.030000000000000027,0.14674975634931806,-0.020000000000000018,0
2005-04-26,-0.00887673130687805,0.2900000000000009,0.029999999999999805,0.020000000000000462,-0.040000000000000036,-0.010000000000000009,0.1492250577258931,-0.009999999999999343,0
2005-04-27,0.003942454017065167,-0.040000000000000924,-0.029999999999999805,-0.03000000000000025,-0.1499999999999999,0.020000000000000018,0.1480507493614805,-4.440892098500626e-16,0
2005-04-28,-0.011445593724814351,1.9900000000000002,-0.050000000000000266,-0.05999999999999961,0.26000000000000023,0.030000000000000027,0.1435276322563383,-0.009999999999999343,0
2005-04-29,0.011851951939489958,-1.549999999999999,0.07000000000000028,0.019999999999999574,0.08000000000000007,0.010000000000000009,0.15087839370086303,-0.05000000000000071,0
2005-05-02,0.004579548410937662,-0.19000000000000128,-0.020000000000000018,0.0,0.009999999999999787,0.010000000000000009,0.15063156627055713,0.020000000000000018,0
2005-05-03,-0.0008522250906404238,-0.5899999999999999,0.040000000000000036,0.0,-0.029999999999999805,0.0,0.15019406862583617,-0.040000000000000036,0
2005-05-04,0.012393068639626748,-0.6799999999999997,-0.050000000000000266,-0.009999999999999787,0.040000000000000036,0.06000000000000005,0.15596658699073776,0.04000000000000048,0
2005-05-05,-0.002572096738843399,0.13000000000000078,-0.04999999999999982,-0.009999999999999787,0.0,0.010000000000000009,0.15589072617212876,0.040000000000000036,0
2005-05-06,-0.0010921595979773713,0.07000000000000028,0.1499999999999999,0.08999999999999986,-0.010000000000000231,-0.020000000000000018,0.15413804858736024,-0.06000000000000005,0
2005-05-09,0.006373974324071163,-0.3000000000000007,0.029999999999999805,0.009999999999999787,0.010000000000000231,-0.040000000000000036,0.15346544229906695,-0.020000000000000018,0
2005-05-10,-0.010763154742834402,1.1600000000000001,-0.06999999999999984,-0.05999999999999961,0.0,0.040000000000000036,0.15784747774346095,0.010000000000000231,0
2005-05-11,0.004184267634049554,-0.46000000000000085,-0.009999999999999787,-0.020000000000000462,0.0,-0.010000000000000009,0.15725591305160386,-0.010000000000000675,0
2005-05-12,-0.01008388828536777,1.6700000000000017,-0.020000000000000018,-0.03000000000000025,0.019999999999999574,0.020000000000000018,0.15580328237025448,-0.010000000000000231,0
2005-05-13,-0.004590634020953388,0.1999999999999993,-0.050000000000000266,-0.05999999999999961,0.0,0.04999999999999982,0.15274223952573243,-0.009999999999999343,0
2005-05-16,0.01003569166673035,-0.6400000000000006,0.0,0.009999999999999787,0.050000000000000266,0.010000000000000009,0.14424163716739702,0.009999999999999787,0
2005-05-17,0.006933162771744605,-1.1099999999999994,0.0,-0.009999999999999787,-0.06999999999999984,0.020000000000000018,0.14559265950813488,-0.009999999999999787,0
2005-05-18,0.009968887656810033,-0.9399999999999995,-0.04999999999999982,-0.04999999999999982,0.009999999999999787,0.010000000000000009,0.14792520365706255,0.0,0
2005-05-19,0.004645221763426299,-0.3100000000000005,0.08000000000000007,0.040000000000000036,0.020000000000000018,-0.010000000000000009,0.13824217684527879,-0.040000000000000036,0
2005-05-20,-0.0015123765674873724,-0.17999999999999972,0.04999999999999982,0.019999999999999574,-0.010000000000000231,-0.020000000000000018,0.12338515431232948,-0.03000000000000025,0
2005-05-23,0.0038436731695785653,-0.19000000000000128,-0.040000000000000036,-0.05999999999999961,0.0,0.0,0.12019251600367696,-0.019999999999999574,0
2005-05-24,0.00017588455318318097,-0.2599999999999998,-0.040000000000000036,-0.03000000000000025,-0.019999999999999574,0.020000000000000018,0.11758955330270228,0.009999999999999787,0
2005-05-25,-0.003405929268133434,-0.10999999999999943,0.0,0.040000000000000036,0.019999999999999574,0.0,0.1130686055054731,0.040000000000000036,0
2005-05-26,0.006374543601162408,-0.33999999999999986,0.03000000000000025,0.0,0.0,0.0,0.11402607703798368,-0.03000000000000025,0
2005-05-27,0.0009681189205492657,-0.08999999999999986,0.0,0.0,0.0,0.0,0.10367582293240331,0.0,0
2005-05-31,-0.006091355414525879,1.1399999999999988,-0.040000000000000036,-0.08000000000000007,0.08000000000000007,-0.010000000000000009,0.1013652877547232,-0.040000000000000036,0
2005-06-01,0.008956830094912327,-0.9299999999999997,-0.10000000000000009,-0.08999999999999986,-0.06999999999999984,0.010000000000000009,0.10418727010635032,0.010000000000000231,0
2005-06-02,0.0017203340194074102,-0.5199999999999996,0.020000000000000018,-0.020000000000000018,-0.020000000000000018,-0.020000000000000018,0.10380046341566448,-0.040000000000000036,0
2005-06-03,-0.006890803874330942,0.3100000000000005,0.04999999999999982,0.08999999999999986,-0.009999999999999787,-0.04999999999999982,0.10029082045665975,0.040000000000000036,0
2005-06-06,0.0012450232021059549,0.129999999999999,0.020000000000000018,-0.020000000000000018,0.009999999999999787,-0.020000000000000018,0.09953388577715616,-0.040000000000000036,0
2005-06-07,-0.00020878831863413438,0.11000000000000121,-0.020000000000000018,-0.040000000000000036,-0.040000000000000036,0.0,0.09934681702178721,-0.020000000000000018,0
2005-06-08,-0.0021656160608678476,0.3099999999999987,0.03000000000000025,0.03000000000000025,0.0,0.0,0.0979664371885244,0.0,0
2005-06-09,0.005226260017272999,-0.6199999999999992,0.040000000000000036,0.029999999999999805,0.04999999999999982,0.010000000000000009,0.08984756728494542,-0.010000000000000231,0
2005-06-10,-0.0023509414589399924,-0.11999999999999922,0.06999999999999984,0.06999999999999984,0.0,0.010000000000000009,0.09014432175392764,0.0,0
2005-06-13,0.002259341583784824,-0.3100000000000005,0.0,0.040000000000000036,0.03000000000000025,0.0,0.08049884345723447,0.040000000000000036,0
2005-06-14,0.002569936500711023,0.1399999999999988,0.0,0.040000000000000036,-0.03000000000000025,0.030000000000000027,0.07723385694204613,0.040000000000000036,0
2005-06-15,0.002215318123658605,-0.3299999999999983,0.010000000000000231,-0.009999999999999787,0.040000000000000036,0.0,0.07154113842788931,-0.020000000000000018,0
2005-06-16,0.0036235220864320183,-0.3100000000000005,-0.020000000000000018,-0.03000000000000025,-0.04999999999999982,-0.010000000000000009,0.06934161547093265,-0.010000000000000231,0
2005-06-17,0.004942512285585288,0.33000000000000007,0.020000000000000018,0.0,-0.009999999999999787,-0.010000000000000009,0.06353515741284414,-0.020000000000000018,0
2005-06-20,-0.000706928752941316,-0.009999999999999787,0.0,0.020000000000000462,0.019999999999999574,0.0,0.06262453738998694,0.020000000000000462,0
2005-06-21,-0.0020496280393151878,-0.39000000000000057,-0.010000000000000231,-0.05000000000000071,-0.04999999999999982,0.0,0.06292197106027836,-0.04000000000000048,0
2005-06-22,0.00022245199866066656,-0.02999999999999936,-0.08999999999999986,-0.10999999999999943,-0.029999999999999805,0.039999999999999813,0.06207883040665876,-0.019999999999999574,0
2005-06-23,-0.01089213579658832,1.08,0.009999999999999787,0.009999999999999787,0.11999999999999966,-0.010000000000000009,0.07413239472568846,0.0,0
2005-06-24,-0.00765793986114538,0.049999999999998934,-0.040000000000000036,-0.040000000000000036,0.020000000000000018,0.010000000000000009,0.0781402241029631,0.0,0
2005-06-27,-0.000738794287799216,0.33999999999999986,0.010000000000000231,-0.020000000000000018,0.10000000000000009,0.0,0.07471008131285353,-0.03000000000000025,0
2005-06-28,0.009096063986378411,-0.9399999999999995,0.04999999999999982,0.07000000000000028,0.0,-0.019999999999999796,0.08142023617676139,0.020000000000000462,0
2005-06-29,-0.0014324860242043158,0.1899999999999995,0.0,0.020000000000000018,0.03000000000000025,0.0,0.07849568633286155,0.020000000000000018,0
2005-06-30,-0.007126218901041703,0.2699999999999996,0.010000000000000231,-0.050000000000000266,0.1499999999999999,0.0,0.07596174739655129,-0.0600000000000005,0
2005-07-01,0.002607126220535605,-0.6399999999999988,0.09999999999999964,0.11999999999999966,0.009999999999999787,-0.040000000000000036,0.07633971257114675,0.020000000000000018,0
2005-07-05,0.008793811852699562,0.27999999999999936,0.03000000000000025,0.05000000000000071,-0.08999999999999986,0.010000000000000009,0.07880867781322956,0.020000000000000462,0
2005-07-06,-0.00837529323506736,0.5899999999999999,-0.020000000000000018,-0.03000000000000025,-0.2799999999999998,0.010000000000000009,0.08429613553175298,-0.010000000000000231,0
2005-07-07,0.0024490046969205537,0.22000000000000064,-0.06000000000000005,-0.03000000000000025,0.18999999999999995,-0.010000000000000009,0.08475537168667617,0.029999999999999805,0
2005-07-08,0.011611389809145223,-1.040000000000001,0.06999999999999984,0.0600000000000005,0.040000000000000036,-0.010000000000000009,0.09327841597363024,-0.009999999999999343,0
2005-07-11,0.006235367547454018,-0.16999999999999993,0.03000000000000025,0.0,0.009999999999999787,-0.020000000000000018,0.09396107656422527,-0.03000000000000025,0
2005-07-12,0.0022689584407018515,-0.33000000000000007,0.009999999999999787,0.040000000000000036,0.0,-0.010000000000000009,0.09341471632631568,0.03000000000000025,0
2005-07-13,0.000883255015508233,-0.10999999999999943,0.020000000000000018,0.019999999999999574,0.040000000000000036,-0.010000000000000009,0.09329293055667194,-4.440892098500626e-16,0
2005-07-14,0.002620634288748036,-0.02999999999999936,0.020000000000000018,0.020000000000000462,0.04999999999999982,-0.010000000000000009,0.09330464706563393,4.440892098500626e-16,0
2005-07-15,0.0011570963066089845,-0.4800000000000004,0.0,-0.010000000000000675,0.0,-0.010000000000000009,0.09318651006238132,-0.010000000000000675,0
2005-07-18,-0.00554502145551794,0.4399999999999995,0.03000000000000025,0.040000000000000036,-0.1299999999999999,0.030000000000000027,0.09512179515282694,0.009999999999999787,0
2005-07-19,0.006708914850568348,-0.3200000000000003,-0.010000000000000231,-0.019999999999999574,-0.06000000000000005,-0.020000000000000018,0.09637363961824538,-0.009999999999999343,0
2005-07-20,0.004747325870308572,-0.21999999999999886,0.020000000000000018,-0.03000000000000025,0.1200000000000001,-0.010000000000000009,0.09737248203218313,-0.050000000000000266,0
2005-07-21,-0.006628135253962775,0.7400000000000002,0.06000000000000005,0.11000000000000032,0.020000000000000018,-0.010000000000000009,0.10027490648125666,0.050000000000000266,0
2005-07-22,0.005396807532851433,-0.45000000000000107,-0.040000000000000036,-0.04999999999999982,-0.020000000000000018,-0.010000000000000009,0.10167111590947935,-0.009999999999999787,0
2005-07-25,-0.003776332191783638,0.5800000000000001,0.03000000000000025,0.019999999999999574,0.029999999999999805,-0.030000000000000027,0.09409205519945635,-0.010000000000000675,0
2005-07-26,0.0017315740103054367,-0.10999999999999943,0.0,-0.009999999999999787,-0.029999999999999805,0.0,0.08852570710847743,-0.009999999999999787,0
2005-07-27,0.004562499050917879,-0.6300000000000008,0.040000000000000036,0.02999999999999936,0.020000000000000018,-0.010000000000000009,0.08869847951514882,-0.010000000000000675,0
2005-07-28,0.005587575160040714,0.16000000000000014,-0.03000000000000025,-0.0699999999999994,0.0,-0.030000000000000027,0.08585362615916643,-0.03999999999999915,0
2005-07-29,-0.007700106652253069,1.0500000000000007,0.05999999999999961,0.08000000000000007,0.040000000000000036,-0.010000000000000009,0.09125682167400316,0.020000000000000462,0
2005-08-01,0.0009475487947421257,0.5099999999999998,0.020000000000000462,0.040000000000000036,-0.010000000000000231,0.0,0.08594665655216707,0.019999999999999574,0
2005-08-02,0.007074121948003942,-0.33000000000000007,0.019999999999999574,0.019999999999999574,-0.09999999999999964,0.010000000000000009,0.0878934557170295,0.0,0
2005-08-03,0.0007392052273802463,0.08000000000000007,-0.040000000000000036,-0.040000000000000036,0.1499999999999999,0.020000000000000018,0.08433697995436382,0.0,0
2005-08-04,-0.00740057390290616,0.6899999999999995,0.020000000000000462,0.020000000000000462,0.08999999999999986,-0.010000000000000009,0.08294673977646963,0.0,0
2005-08-05,-0.0076677276761953905,-0.03999999999999915,0.07000000000000028,0.08000000000000007,0.050000000000000266,-0.020000000000000018,0.08884119277252336,0.009999999999999787,0
2005-08-08,-0.002686209286040686,0.7300000000000004,0.04999999999999982,0.019999999999999574,0.009999999999999787,0.0,0.08103308549116531,-0.03000000000000025,0
2005-08-09,0.00672234463745891,-0.8100000000000005,-0.03000000000000025,-0.009999999999999787,-0.029999999999999805,-0.010000000000000009,0.08148813792760669,0.020000000000000462,0
2005-08-10,-0.001828889642518483,-0.019999999999999574,0.0,-0.009999999999999787,0.009999999999999787,0.020000000000000018,0.08158083903368304,-0.009999999999999787,0
2005-08-11,0.007037087095646655,0.03999999999999915,-0.03000000000000025,-0.08000000000000007,0.029999999999999805,0.030000000000000027,0.08488314610041497,-0.04999999999999982,0
2005-08-12,-0.006012496842078718,0.3200000000000003,-0.04999999999999982,-0.08000000000000007,0.040000000000000036,0.0,0.08747359897075054,-0.03000000000000025,0
2005-08-15,0.0028243791753821412,-0.4800000000000004,0.03000000000000025,0.02999999999999936,0.06000000000000005,0.0,0.08790488586415676,-8.881784197001252e-16,0
2005-08-16,-0.011845842719186095,1.2599999999999998,-0.04999999999999982,-0.03999999999999915,-0.1499999999999999,0.0,0.09550217004242983,0.010000000000000675,0
2005-08-17,0.0007378319553614787,-0.21999999999999886,0.040000000000000036,0.04999999999999982,0.10999999999999988,0.0,0.09234988029468316,0.009999999999999787,0
2005-08-18,-0.0010003034541039568,0.11999999999999922,-0.0600000000000005,-0.07000000000000028,-0.06999999999999984,0.020000000000000018,0.09047661720748365,-0.009999999999999787,0
2005-08-19,0.000565868315403506,0.0,0.020000000000000462,0.0,0.040000000000000036,-0.010000000000000009,0.08785945767313773,-0.020000000000000462,0
2005-08-22,0.0016547615021762496,0.0,0.0,0.009999999999999787,-0.03000000000000025,0.0,0.08574087380096478,0.009999999999999787,0
2005-08-23,-0.0033943918592509448,-0.08000000000000007,-0.020000000000000462,-0.019999999999999574,-0.019999999999999574,0.0,0.08556496011576216,8.881784197001252e-16,0
2005-08-24,-0.006592036000575341,0.8300000000000001,-0.019999999999999574,-0.009999999999999787,0.009999999999999787,0.0,0.0877276330973984,0.009999999999999787,0
2005-08-25,0.002295662373366092,-0.4399999999999995,0.009999999999999787,-0.010000000000000675,0.04999999999999982,-0.020000000000000018,0.08630811159031003,-0.020000000000000462,0
2005-08-26,-0.006014570535347374,-0.009999999999999787,0.05999999999999961,0.020000000000000462,-0.009999999999999787,-0.010000000000000009,0.08457599414282031,-0.03999999999999915,0
2005-08-29,0.005940333016495991,-0.20000000000000107,0.0,0.0,0.0,-0.010000000000000009,0.08517831122693746,0.0,0
2005-08-30,-0.0031974381660715423,0.13000000000000078,-0.08999999999999941,-0.040000000000000036,-0.020000000000000018,-0.010000000000000009,0.08528474100322446,0.04999999999999938,0
2005-08-31,0.009815868070497835,-1.0500000000000007,-0.13000000000000034,-0.14000000000000057,0.10999999999999988,0.10000000000000009,0.08902247633496319,-0.010000000000000231,0
2005-09-01,0.0010319749310561122,0.5500000000000007,-0.11999999999999966,0.0,-0.06000000000000005,0.040000000000000036,0.08909695068913288,0.11999999999999966,0
2005-09-02,-0.002926699389046661,0.41999999999999993,0.029999999999999805,0.010000000000000675,-0.07999999999999963,0.030000000000000027,0.08629126212481582,-0.01999999999999913,0
2005-09-06,0.012539886358391428,-0.6400000000000006,0.04999999999999982,0.05999999999999961,0.07999999999999963,-0.010000000000000009,0.09377791322164236,0.009999999999999787,0
2005-09-07,0.0024051028903073757,-0.41000000000000014,0.07000000000000028,0.0600000000000005,-0.08999999999999986,0.0,0.09341352855727421,-0.009999999999999787,0
2005-09-08,-0.0038006066745008837,0.41000000000000014,0.0,0.0,0.010000000000000231,0.0,0.09169574417007173,0.0,0
2005-09-09,0.007933244203079504,-0.9499999999999993,0.009999999999999787,-0.010000000000000675,0.0,-0.010000000000000009,0.09538880765596504,-0.020000000000000462,0
2005-09-12,-0.0007413257176622778,-0.33000000000000007,0.040000000000000036,0.040000000000000036,0.009999999999999787,0.0,0.0924067427039608,0.0,0
2005-09-13,-0.007573587031223461,0.7400000000000002,-0.040000000000000036,-0.040000000000000036,-0.04999999999999982,0.010000000000000009,0.09385593125732705,0.0,0
2005-09-14,-0.003286746967011034,0.5199999999999996,0.020000000000000018,0.03000000000000025,0.08999999999999986,0.0,0.09395188600057872,0.010000000000000231,0
2005-09-15,0.0004643792677008207,-0.41999999999999993,0.0,0.04999999999999982,0.1299999999999999,0.010000000000000009,0.08397154415669066,0.04999999999999982,0
2005-09-16,0.00825753787672312,-1.2699999999999996,0.07000000000000028,0.040000000000000036,-0.04999999999999982,0.010000000000000009,0.08836125607889292,-0.03000000000000025,0
2005-09-19,-0.005581379695913213,0.9199999999999999,-0.040000000000000036,-0.009999999999999787,0.0,0.0,0.09085185152086044,0.03000000000000025,0
2005-09-20,-0.007894477379871923,0.5,0.06999999999999984,0.009999999999999787,0.04999999999999982,-0.040000000000000036,0.09535091078340174,-0.06000000000000005,0
2005-09-21,-0.009162981438076478,1.1499999999999986,-0.040000000000000036,-0.0699999999999994,0.050000000000000266,0.030000000000000027,0.10031109391875,-0.02999999999999936,0
2005-09-22,0.003645635466048347,-0.4599999999999991,-0.009999999999999787,0.0,0.04999999999999982,0.0,0.10067259381991814,0.009999999999999787,0
2005-09-23,0.0005514607676655459,-0.3699999999999992,0.0699999999999994,0.05999999999999961,-0.010000000000000231,-0.010000000000000009,0.0978855872581864,-0.009999999999999787,0
2005-09-26,0.0002797294869569811,0.0799999999999983,0.05000000000000071,0.04999999999999982,0.07000000000000028,0.0,0.09759664873723206,-8.881784197001252e-16,0
2005-09-27,2.467825722352046e-05,-0.27999999999999936,0.009999999999999787,0.0,-0.10000000000000009,0.010000000000000009,0.09501559526722733,-0.009999999999999787,0
2005-09-28,0.0010112845407705962,-0.129999999999999,0.009999999999999787,-0.040000000000000036,0.029999999999999805,-0.020000000000000018,0.09291530282475638,-0.04999999999999982,0
2005-09-29,0.00882778572246945,-0.39000000000000057,0.040000000000000036,0.03000000000000025,0.06000000000000005,0.010000000000000009,0.09666859484591322,-0.009999999999999787,0
2005-09-30,0.0009200119517718264,-0.3200000000000003,0.04999999999999982,0.04999999999999982,0.11000000000000032,-0.020000000000000018,0.09090028341559976,0.0,0
2005-10-03,-0.0017185843424210034,0.5400000000000009,0.03000000000000025,0.04999999999999982,-0.06000000000000005,0.010000000000000009,0.09113163487938622,0.019999999999999574,0
2005-10-04,-0.010019869424827021,0.7399999999999984,0.009999999999999787,-0.009999999999999787,-0.1200000000000001,-0.010000000000000009,0.09730058668215386,-0.019999999999999574,0
2005-10-05,-0.014999078301577207,1.3500000000000014,-0.009999999999999787,-0.019999999999999574,0.0,0.0,0.09883940097430145,-0.009999999999999787,0
2005-10-06,-0.004104064590932488,0.41000000000000014,-0.009999999999999787,0.009999999999999787,0.009999999999999787,0.010000000000000009,0.0982101880586735,0.019999999999999574,0
2005-10-07,0.0036944152533919805,-0.370000000000001,-0.020000000000000462,-0.020000000000000462,-0.029999999999999805,0.0,0.09966939929056676,0.0,0
2005-10-10,-0.007191951208771918,0.9600000000000009,0.0,0.0,0.0,0.0,0.09550146604668198,0.0,0
2005-10-11,-0.002074024856102419,0.08000000000000007,0.040000000000000036,0.040000000000000036,-0.009999999999999787,-0.020000000000000018,0.0953699024502023,0.0,0
2005-10-12,-0.006086662460129233,0.5899999999999981,0.020000000000000462,0.0600000000000005,-0.3600000000000003,0.030000000000000027,0.09444636873980419,0.040000000000000036,0
2005-10-13,-0.0007135212575288818,0.25,0.0,0.03000000000000025,0.3900000000000001,0.030000000000000027,0.09446522293079626,0.03000000000000025,0
2005-10-14,0.008233911993479559,-1.5999999999999996,0.02999999999999936,0.0,0.020000000000000018,0.010000000000000009,0.10064470797562107,-0.02999999999999936,0
2005-10-17,0.002970545002685121,-0.1999999999999993,0.020000000000000462,0.019999999999999574,0.04999999999999982,-0.030000000000000027,0.09564658907155113,-8.881784197001252e-16,0
2005-10-18,-0.010100413537579733,0.6600000000000001,-0.020000000000000462,-0.009999999999999787,-0.10999999999999988,0.0,0.0990724251340453,0.010000000000000675,0
2005-10-19,0.014845042826745036,-1.83,-0.019999999999999574,-0.020000000000000462,0.0,0.020000000000000018,0.1126705021164307,-8.881784197001252e-16,0
2005-10-20,-0.01513367496708895,2.6099999999999994,0.019999999999999574,-0.009999999999999787,0.06000000000000005,0.0,0.11978920003386764,-0.02999999999999936,0
2005-10-21,0.0015186289447344237,0.019999999999999574,-0.04999999999999982,-0.07000000000000028,-0.010000000000000231,-0.010000000000000009,0.11890781571847354,-0.020000000000000462,0
2005-10-24,0.01663783613600689,-1.3899999999999988,0.03000000000000025,0.0600000000000005,0.0,0.0,0.13428620338370345,0.03000000000000025,0
2005-10-25,-0.002370697961631585,-0.21000000000000085,0.08999999999999986,0.08999999999999986,-0.019999999999999574,-0.040000000000000036,0.1343744229359889,0.0,0
2005-10-26,-0.004321759549203996,0.0600000000000005,0.040000000000000036,0.05999999999999961,0.009999999999999787,0.030000000000000027,0.13489968192729843,0.019999999999999574,0
2005-10-27,-0.01053049878229384,1.4299999999999997,-0.019999999999999574,-0.02999999999999936,0.10000000000000009,0.0,0.1386467377560346,-0.009999999999999787,0
2005-10-28,0.016413877889337236,-1.7699999999999996,0.040000000000000036,0.009999999999999787,0.04999999999999982,-0.010000000000000009,0.14795213171518257,-0.03000000000000025,0
2005-10-31,0.007150548879934604,1.0700000000000003,0.0,-0.009999999999999787,0.11999999999999966,0.0,0.15060057904240817,-0.009999999999999787,0
2005-11-01,-0.0035273112425784348,-0.47000000000000064,0.019999999999999574,0.009999999999999787,-0.02999999999999936,0.010000000000000009,0.1508617705571279,-0.009999999999999787,0
2005-11-02,0.009927610573885026,-1.3699999999999992,0.009999999999999787,0.03000000000000025,0.0,0.0,0.1515556387910177,0.020000000000000462,0
2005-11-03,0.004255150791380835,-0.4800000000000004,0.040000000000000036,0.040000000000000036,0.019999999999999574,-0.020000000000000018,0.14189660948137436,0.0,0
2005-11-04,0.00016392905187423423,0.16999999999999993,0.0,0.009999999999999787,-0.009999999999999787,0.0,0.14075509091045119,0.009999999999999787,0
2005-11-07,0.002185882693565233,-0.07000000000000028,0.0,-0.009999999999999787,-0.009999999999999787,0.0,0.1405057772781222,-0.009999999999999787,0
2005-11-08,-0.0034570362929482457,-0.019999999999999574,-0.040000000000000036,-0.08000000000000007,-0.040000000000000036,0.010000000000000009,0.13832075009256392,-0.040000000000000036,0
2005-11-09,0.0016890510894755906,-0.27999999999999936,0.0600000000000005,0.0699999999999994,0.0699999999999994,-0.010000000000000009,0.13779887196777726,0.009999999999998899,0
2005-11-10,0.008410849017114863,-0.9000000000000004,-0.04999999999999982,-0.08999999999999986,-0.03999999999999959,0.020000000000000018,0.13700149491533306,-0.040000000000000036,0
2005-11-11,0.0030498709601696206,-0.2699999999999996,0.0,0.0,0.0,0.0,0.13664505708367447,0.0,0
2005-11-14,-0.0007778066246419968,0.5499999999999989,0.05999999999999961,0.0600000000000005,0.050000000000000266,-0.010000000000000009,0.13526166998391992,8.881784197001252e-16,0
2005-11-15,-0.0038574498552170766,0.05000000000000071,-0.03000000000000025,-0.05000000000000071,-0.06000000000000005,0.0,0.1366147737063207,-0.020000000000000462,0
2005-11-16,0.0017884584194964859,0.02999999999999936,-0.04999999999999982,-0.0699999999999994,-0.010000000000000231,0.010000000000000009,0.12990257448304385,-0.019999999999999574,0
2005-11-17,0.009369472869962259,-1.0099999999999998,-0.04999999999999982,-0.03000000000000025,0.020000000000000018,0.010000000000000009,0.12440090477940416,0.019999999999999574,0
2005-11-18,0.004391694164872284,-0.13000000000000078,0.03000000000000025,0.040000000000000036,0.020000000000000018,0.010000000000000009,0.10816672625239555,0.009999999999999787,0
2005-11-21,0.005257450826456456,-0.29999999999999893,-0.010000000000000675,-0.040000000000000036,0.03000000000000025,0.010000000000000009,0.10839811766386394,-0.02999999999999936,0
2005-11-22,0.0050713917474300985,-0.22000000000000064,-0.0699999999999994,-0.03000000000000025,-0.040000000000000036,0.039999999999999813,0.09677029291956273,0.03999999999999915,0
2005-11-23,0.0034667841151669876,0.3600000000000012,0.040000000000000036,0.040000000000000036,0.019999999999999574,0.0,0.09524932766287383,0.0,0
2005-11-25,0.0020837780739810796,-0.08000000000000007,-0.03000000000000025,-0.040000000000000036,0.020000000000000462,0.0,0.09184668275127943,-0.009999999999999787,0
2005-11-28,-0.008544184123955745,0.9599999999999991,0.0,-0.019999999999999574,-0.020000000000000462,-0.020000000000000018,0.08835733218562812,-0.019999999999999574,0
2005-11-29,1.5904952006984274e-05,0.05000000000000071,0.07000000000000028,0.07000000000000028,-0.019999999999999574,-0.010000000000000009,0.07430000565358401,0.0,0
2005-11-30,-0.006382253530508031,0.16999999999999993,0.019999999999999574,0.009999999999999787,0.040000000000000036,0.010000000000000009,0.07785207491972414,-0.009999999999999787,0
2005-12-01,0.012083753819677412,-0.8200000000000003,0.03000000000000025,0.02999999999999936,0.0,-0.019999999999999796,0.08336635836260989,-8.881784197001252e-16,0
2005-12-02,0.00032414270468539286,-0.23000000000000043,-0.020000000000000462,0.0,-0.03000000000000025,0.0,0.07894642437150927,0.020000000000000462,0
2005-12-05,-0.0023662843379419485,0.5899999999999999,0.040000000000000036,0.05000000000000071,0.019999999999999574,-0.010000000000000009,0.07981949134977655,0.010000000000000675,0
2005-12-06,0.0012748488338720776,-0.08000000000000007,-0.04999999999999982,-0.08000000000000007,-0.04999999999999938,0.019999999999999796,0.07965719093699616,-0.03000000000000025,0
2005-12-07,-0.00502168785646262,0.6600000000000001,0.0,0.02999999999999936,0.009999999999999787,0.0,0.08291579299576056,0.02999999999999936,0
2005-12-08,-0.0012175665296689786,0.030000000000001137,-0.04999999999999982,-0.04999999999999982,0.10999999999999988,0.0,0.08164077409342242,0.0,0
2005-12-09,0.002806924525337706,-0.5200000000000014,0.05999999999999961,0.07000000000000028,0.07000000000000028,0.0,0.08177653485613337,0.010000000000000675,0
2005-12-12,0.0008413366636448316,-0.21999999999999886,0.020000000000000462,0.019999999999999574,0.08000000000000007,-0.019999999999999796,0.0778090337435777,-8.881784197001252e-16,0
2005-12-13,0.005538295548337402,-0.3600000000000012,-0.020000000000000462,-0.019999999999999574,-0.009999999999999787,0.019999999999999796,0.07905161558861427,8.881784197001252e-16,0
2005-12-14,0.004180828633201905,-0.629999999999999,-0.05999999999999961,-0.08999999999999986,0.02999999999999936,0.0,0.07931858348079886,-0.03000000000000025,0
2005-12-15,-0.0014152725975353775,0.25,0.0,0.019999999999999574,0.03000000000000025,-0.009999999999999787,0.07768173103490073,0.019999999999999574,0
2005-12-16,-0.0028523496051064967,-0.05000000000000071,0.0,-0.019999999999999574,-0.040000000000000036,-0.020000000000000018,0.07918690558766876,-0.019999999999999574,0
2005-12-19,-0.005856207680058567,0.7000000000000011,0.009999999999999787,0.0,0.0,-0.010000000000000009,0.07736685668727605,-0.009999999999999787,0
2005-12-20,-0.00023813870898425904,-0.19000000000000128,0.040000000000000036,0.019999999999999574,0.04999999999999982,0.0,0.07620025358896293,-0.020000000000000462,0
2005-12-21,0.0025134705847831285,-0.379999999999999,0.009999999999999787,0.020000000000000462,-0.21999999999999975,0.0,0.07458614167213018,0.010000000000000675,0
2005-12-22,0.004211930001202013,-0.5200000000000014,-0.02999999999999936,-0.04999999999999982,0.16999999999999993,-0.010000000000000009,0.07395014193024092,-0.020000000000000462,0
2005-12-23,0.00042573657010613886,-0.019999999999999574,-0.03000000000000025,-0.0600000000000005,-0.040000000000000036,0.0,0.0730329074256293,-0.03000000000000025,0
2005-12-27,-0.009599313375686869,1.3000000000000007,-0.020000000000000462,-0.040000000000000036,0.04999999999999982,0.0,0.0799499428554325,-0.019999999999999574,0
2005-12-28,0.0012963723278458517,-0.22000000000000064,0.020000000000000462,0.040000000000000036,-0.0699999999999994,-0.010000000000000009,0.0744631864029719,0.019999999999999574,0
2005-12-29,-0.002984969918998992,0.2599999999999998,0.009999999999999787,-0.009999999999999787,-0.010000000000000675,0.0,0.07519081760532831,-0.019999999999999574,0
2005-12-30,-0.004898699616490809,0.46000000000000085,0.03000000000000025,0.019999999999999574,-0.08999999999999986,0.0,0.07379568801136689,-0.010000000000000675,0
2006-01-03,0.016296957150482072,-0.9299999999999997,-0.07000000000000028,-0.019999999999999574,0.25,0.020000000000000018,0.08334626012117459,0.05000000000000071,0
2006-01-04,0.0036660335442650904,0.22999999999999865,-0.03000000000000025,-0.009999999999999787,-0.1200000000000001,0.0,0.08423087844268465,0.020000000000000462,0
2006-01-05,1.57051206555181e-05,-0.05999999999999872,0.010000000000000675,0.0,0.020000000000000462,0.0,0.0836780538481971,-0.010000000000000675,0
2006-01-06,0.009355541032545212,-0.3100000000000005,0.040000000000000036,0.019999999999999574,-0.020000000000000462,0.0,0.08920802093323399,-0.020000000000000462,0
2006-01-09,0.003649639087549339,0.13000000000000078,0.0,0.0,0.03000000000000025,0.0,0.08709464334540157,0.0,0
2006-01-10,-0.0003566112664934451,-0.27000000000000135,0.04999999999999982,0.04999999999999982,-0.009999999999999787,0.0,0.08684103926407061,0.0,0
2006-01-11,0.003475410542606916,0.08000000000000007,0.03000000000000025,0.03000000000000025,0.0,0.0,0.08702113405381684,0.0,0
2006-01-12,-0.006294008933918072,0.2599999999999998,-0.05000000000000071,-0.040000000000000036,0.040000000000000036,-0.010000000000000009,0.0909165248534416,0.010000000000000675,0
2006-01-13,0.001204505773777953,0.030000000000001137,-0.04999999999999982,-0.05999999999999961,0.019999999999999574,-0.010000000000000009,0.08939260907872693,-0.009999999999999787,0
2006-01-17,-0.003641262280242863,0.6799999999999997,-0.009999999999999787,-0.020000000000000462,0.020000000000000462,0.010000000000000009,0.08971857816924343,-0.010000000000000675,0
2006-01-18,-0.003904943146890716,0.33999999999999986,0.0,0.0,-0.08000000000000007,0.010000000000000009,0.09075474155210912,0.0,0
2006-01-19,0.005548264895072208,-0.2699999999999996,0.040000000000000036,0.040000000000000036,-0.009999999999999787,-0.010000000000000009,0.09178315023720181,0.0,0
2006-01-20,-0.018496284270764995,2.58,0.0,-0.009999999999999787,0.009999999999999787,-0.020000000000000018,0.11143337797040015,-0.009999999999999787,0
2006-01-23,0.0018453185242019998,-0.6300000000000008,-0.020000000000000462,-0.009999999999999787,0.019999999999999574,0.010000000000000009,0.11159691172120526,0.010000000000000675,0
2006-01-24,0.0024025174753532497,-0.6199999999999992,0.020000000000000462,0.040000000000000036,0.020000000000000462,-0.010000000000000009,0.1115680685983119,0.019999999999999574,0
2006-01-25,-0.001722272244455425,-0.4400000000000013,0.08999999999999986,0.08999999999999986,0.08000000000000007,-0.010000000000000009,0.1107387257293732,0.0,0
2006-01-26,0.0072089845040412825,-0.4499999999999993,0.03000000000000025,0.040000000000000036,0.009999999999999787,0.0,0.11362262193846637,0.009999999999999787,0
2006-01-27,0.00773400269579394,-0.4499999999999993,0.019999999999999574,-0.010000000000000675,0.04999999999999982,-0.020000000000000018,0.11062485859688267,-0.03000000000000025,0
2006-01-30,0.0011444543876182323,0.41999999999999993,0.009999999999999787,0.020000000000000462,0.0600000000000005,0.010000000000000009,0.11062131184299809,0.010000000000000675,0
2006-01-31,-0.003983991360679617,0.5599999999999987,0.020000000000000462,-0.009999999999999787,-0.010000000000000675,-0.010000000000000009,0.11112907712200981,-0.03000000000000025,0
2006-02-01,0.0018575325140952614,-0.5899999999999999,0.04999999999999982,0.040000000000000036,0.0,-0.020000000000000018,0.10908356088278445,-0.009999999999999787,0
2006-02-02,-0.009102009339277295,0.870000000000001,0.0,0.0,0.010000000000000675,-0.020000000000000018,0.10016324330396997,0.0,0
2006-02-03,-0.005373069533070485,-0.2699999999999996,0.0,-0.03000000000000025,0.02999999999999936,-0.020000000000000018,0.10097275321946311,-0.03000000000000025,0
2006-02-06,0.0007829027109522713,0.0799999999999983,0.03000000000000025,0.009999999999999787,0.0,-0.030000000000000027,0.10104309148376414,-0.020000000000000462,0
2006-02-07,-0.008127673918846945,0.5500000000000007,-0.009999999999999787,0.020000000000000462,-0.040000000000000036,0.020000000000000018,0.09806112864005252,0.03000000000000025,0
2006-02-08,0.008625565791762213,-0.7599999999999998,0.02999999999999936,-0.010000000000000675,0.010000000000000675,0.040000000000000036,0.1025423695201652,-0.040000000000000036,0
2006-02-09,-0.001478594260912125,0.28999999999999915,0.020000000000000462,-0.019999999999999574,0.03999999999999915,-0.020000000000000018,0.10253932331920856,-0.040000000000000036,0
2006-02-10,0.0025367787048438117,-0.25,0.03000000000000025,0.04999999999999982,-0.009999999999999787,-0.020000000000000018,0.10207752170636351,0.019999999999999574,0
2006-02-13,-0.0032650186129101755,0.4800000000000004,-0.010000000000000675,-0.009999999999999787,-0.0699999999999994,0.010000000000000009,0.10063136244940594,8.881784197001252e-16,0
2006-02-14,0.00998278847617673,-1.0999999999999996,0.010000000000000675,0.040000000000000036,0.009999999999999787,-0.010000000000000009,0.10728273380898096,0.02999999999999936,0
2006-02-15,0.0034982994202303885,0.0600000000000005,0.019999999999999574,-0.009999999999999787,0.04999999999999982,-0.010000000000000009,0.1074564903989674,-0.02999999999999936,0
2006-02-16,0.007301404752129592,-0.8300000000000001,-0.019999999999999574,-0.020000000000000462,-0.019999999999999574,0.010000000000000009,0.10946175391766658,-8.881784197001252e-16,0
2006-02-17,-0.0016610912684544843,0.5299999999999994,-0.03000000000000025,-0.04999999999999982,0.0,-0.010000000000000009,0.10804978544329187,-0.019999999999999574,0
2006-02-21,-0.003275923358268429,0.40000000000000036,0.04999999999999982,0.03000000000000025,0.05999999999999961,-0.020000000000000018,0.08561027715557948,-0.019999999999999574,0
2006-02-22,0.007485378740881288,-0.5299999999999994,-0.03000000000000025,-0.040000000000000036,-0.04999999999999982,0.0,0.08864833637124822,-0.009999999999999787,0
2006-02-23,-0.003782275886945463,-0.010000000000001563,0.040000000000000036,0.02999999999999936,-0.020000000000000462,-0.010000000000000009,0.09005895299918068,-0.010000000000000675,0
2006-02-24,0.0012726893484948931,-0.40999999999999837,0.020000000000000462,0.020000000000000462,0.010000000000000675,-0.030000000000000027,0.0896067871085777,0.0,0
2006-02-27,0.003630667222902062,0.129999999999999,0.0,0.009999999999999787,0.03999999999999915,0.010000000000000009,0.08727078959432648,0.009999999999999787,0
2006-02-28,-0.010455357439631108,0.75,-0.04999999999999982,-0.040000000000000036,0.0,0.0,0.09157678211401796,0.009999999999999787,0
2006-03-01,0.008227426945400573,-0.8000000000000007,0.019999999999999574,0.040000000000000036,0.0,0.010000000000000009,0.09598379191436744,0.020000000000000462,0
2006-03-02,-0.0016276676021576009,0.1800000000000015,0.009999999999999787,0.04999999999999982,-0.019999999999999574,0.0,0.09502457065140453,0.040000000000000036,0
2006-03-03,-0.0014827065599387623,0.2400000000000002,0.040000000000000036,0.040000000000000036,0.009999999999999787,0.010000000000000009,0.09505508331330098,0.0,0
2006-03-06,-0.006992844682792487,0.7799999999999994,0.009999999999999787,0.0600000000000005,0.0,0.0,0.09271286301338659,0.05000000000000071,0
2006-03-07,-0.0018636415300985476,-0.08000000000000007,0.0,0.0,0.0,0.0,0.09079520787983196,0.0,0
2006-03-08,0.0020279138627046223,-0.33999999999999986,-0.04999999999999982,-0.009999999999999787,0.0,0.010000000000000009,0.09095599275533549,0.040000000000000036,0
2006-03-09,-0.004892784293292429,0.35999999999999943,0.0,0.009999999999999787,0.0,-0.010000000000000009,0.08772086429315594,0.009999999999999787,0
2006-03-10,0.007197571847350481,-0.8300000000000001,0.020000000000000462,0.019999999999999574,0.0,0.0,0.08621305951692218,-8.881784197001252e-16,0
2006-03-13,0.0021126082188374085,-0.4800000000000004,0.0,0.009999999999999787,0.009999999999999787,0.020000000000000018,0.086024870192534,0.009999999999999787,0
2006-03-14,0.010342475432269183,-0.629999999999999,-0.08000000000000007,-0.05999999999999961,-0.009999999999999787,-0.010000000000000009,0.09209120826025838,0.020000000000000462,0
2006-03-15,0.004260725538161481,0.6099999999999994,0.03000000000000025,0.020000000000000462,-0.040000000000000036,0.020000000000000018,0.09124950401115385,-0.009999999999999787,0
2006-03-16,0.0017712351516667724,0.6300000000000008,-0.07000000000000028,-0.08000000000000007,0.08000000000000007,0.020000000000000018,0.08589737556422267,-0.009999999999999787,0
2006-03-17,0.0014698117153582047,0.1399999999999988,0.03000000000000025,0.02999999999999936,0.04999999999999982,-0.020000000000000018,0.08547002935887994,-8.881784197001252e-16,0
2006-03-20,-0.0016613525083863934,-0.33000000000000007,0.0,-0.019999999999999574,-0.04999999999999982,0.0,0.08274393772995875,-0.019999999999999574,0
2006-03-21,-0.006033119659604402,-0.16999999999999993,0.0699999999999994,0.04999999999999982,-0.009999999999999787,0.0,0.08557127199954898,-0.019999999999999574,0
2006-03-22,0.00600246972779761,-0.40999999999999837,0.020000000000000462,-0.009999999999999787,0.040000000000000036,-0.010000000000000009,0.08662256191499192,-0.03000000000000025,0
2006-03-23,-0.002585636206187125,-0.040000000000000924,0.02999999999999936,0.03000000000000025,0.05999999999999961,0.010000000000000009,0.08382375206142224,8.881784197001252e-16,0
2006-03-24,0.0009828689813051739,0.019999999999999574,-0.04999999999999982,-0.0600000000000005,0.05000000000000071,0.0,0.08249269581025162,-0.010000000000000675,0
2006-03-27,-0.0010289646759753523,0.27000000000000135,0.0,0.03000000000000025,0.07999999999999918,0.0,0.08262640352657866,0.03000000000000025,0
2006-03-28,-0.006458994877124091,0.11999999999999922,0.08999999999999986,0.08999999999999986,-0.0699999999999994,-0.020000000000000018,0.08508488891929035,0.0,0
2006-03-29,0.007441909143242498,-0.6300000000000008,0.010000000000000675,0.019999999999999574,-0.009999999999999787,0.030000000000000027,0.07989040536677562,0.009999999999998899,0
2006-03-30,-0.002028320340126122,0.620000000000001,0.019999999999999574,0.05000000000000071,0.0699999999999994,-0.010000000000000009,0.07569741246482391,0.030000000000001137,0
2006-03-31,-0.004146249658951717,-0.17999999999999972,-0.019999999999999574,0.0,0.2400000000000002,-0.010000000000000009,0.07700998823410209,0.019999999999999574,0
2006-04-03,0.002267924510663377,0.17999999999999972,0.040000000000000036,0.019999999999999574,-0.1299999999999999,-0.010000000000000009,0.07706649722951912,-0.020000000000000462,0
2006-04-04,0.006237202120131791,-0.4299999999999997,-0.020000000000000462,-0.009999999999999787,-0.11000000000000032,0.010000000000000009,0.07468805009425773,0.010000000000000675,0
2006-04-05,0.004301837777646256,-0.009999999999999787,-0.03000000000000025,-0.03000000000000025,0.0,0.010000000000000009,0.07474264513826225,0.0,0
2006-04-06,-0.0019232242820317325,0.3199999999999985,0.03000000000000025,0.0600000000000005,0.0,0.0,0.07551593500241145,0.03000000000000025,0
2006-04-07,-0.010397323118475299,0.8100000000000005,0.04999999999999982,0.0699999999999994,0.0,0.0,0.08307251052155139,0.019999999999999574,0
2006-04-10,0.0008641575773484789,-0.07000000000000028,0.0,0.0,0.020000000000000462,0.0,0.07982102298446977,0.0,0
2006-04-11,-0.0077811161447893795,0.8100000000000005,-0.009999999999999787,-0.040000000000000036,-0.040000000000000036,0.010000000000000009,0.0846126842308038,-0.03000000000000025,0
2006-04-12,0.001204028591597961,-0.2400000000000002,0.03000000000000025,0.05000000000000071,0.040000000000000036,0.0,0.07616102135516915,0.020000000000000462,0
2006-04-13,0.0007760240025644904,-0.379999999999999,0.04999999999999982,0.0699999999999994,0.040000000000000036,-0.020000000000000018,0.07444319905905919,0.019999999999999574,0
2006-04-17,-0.002944320330918515,0.1999999999999993,-0.04999999999999982,-0.040000000000000036,-0.040000000000000036,0.010000000000000009,0.07441411013102908,0.009999999999999787,0
2006-04-18,0.016933148045561452,-1.1799999999999997,-0.07000000000000028,-0.019999999999999574,-0.0600000000000005,0.0,0.09626058062349546,0.05000000000000071,0
2006-04-19,0.0020250579094582832,-0.08000000000000007,0.020000000000000462,0.04999999999999982,-0.019999999999999574,0.0,0.09630543992947946,0.02999999999999936,0
2006-04-20,0.0011673197606887342,0.3200000000000003,0.02999999999999936,0.0,0.03000000000000025,0.0,0.09364895534652028,-0.02999999999999936,0
2006-04-21,-0.00013726103257116762,-0.05000000000000071,0.010000000000000675,-0.03000000000000025,0.009999999999999787,0.0,0.09151039735235239,-0.040000000000000924,0
2006-04-24,-0.002420412040660125,0.16000000000000014,-0.010000000000000675,-0.019999999999999574,0.02999999999999936,-0.030000000000000027,0.09144817643778967,-0.009999999999998899,0
2006-04-25,-0.004881516293526289,0.0,0.0600000000000005,0.08000000000000007,-0.02999999999999936,0.010000000000000009,0.09308566618722598,0.019999999999999574,0
2006-04-26,0.0028153366120644563,0.009999999999999787,0.040000000000000036,0.04999999999999982,-0.009999999999999787,-0.040000000000000036,0.09352480286109074,0.009999999999999787,0
2006-04-27,0.0032962062324521924,0.08000000000000007,-0.08000000000000007,-0.03000000000000025,0.05999999999999961,0.030000000000000027,0.09092254065018229,0.04999999999999982,0
2006-04-28,0.0006793037779395661,-0.25,-0.040000000000000036,-0.019999999999999574,0.07000000000000028,0.0,0.0874659455968875,0.020000000000000462,0
2006-05-01,-0.004144053640607659,0.9499999999999993,0.07000000000000028,0.0699999999999994,-0.020000000000000462,-0.040000000000000036,0.08847117989196158,-8.881784197001252e-16,0
2006-05-02,0.006125897555969928,-0.5499999999999989,-0.020000000000000462,-0.019999999999999574,-0.04999999999999982,-0.019999999999999796,0.08929344979682267,8.881784197001252e-16,0
2006-05-03,-0.003883529656469875,0.0,0.020000000000000462,0.03000000000000025,0.019999999999999574,0.0,0.09044145761852983,0.009999999999999787,0
2006-05-04,0.003152229204141932,-0.13000000000000078,0.02999999999999936,0.009999999999999787,0.020000000000000462,-0.010000000000000009,0.08853398462550215,-0.019999999999999574,0
2006-05-05,0.010242658756627776,-0.2400000000000002,-0.02999999999999936,-0.040000000000000036,0.0,0.0,0.09418806679261543,-0.010000000000000675,0
2006-05-08,-0.0008300571706802984,0.3800000000000008,0.02999999999999936,0.0,0.04999999999999982,-0.010000000000000009,0.09390753541866478,-0.02999999999999936,0
2006-05-09,0.0003622914976597613,-0.009999999999999787,0.0,0.009999999999999787,-0.09999999999999964,0.0,0.08506203093153981,0.009999999999999787,0
2006-05-10,-0.0017296142137164239,-0.21000000000000085,0.040000000000000036,0.0,0.09999999999999964,-0.010000000000000009,0.08561662592727226,-0.040000000000000036,0
2006-05-11,-0.012880726784858965,0.7100000000000009,-0.019999999999999574,0.009999999999999787,0.11000000000000032,0.030000000000000027,0.09362046445368694,0.02999999999999936,0
2006-05-12,-0.01130477624726911,1.6999999999999993,0.019999999999999574,0.05000000000000071,0.019999999999999574,0.019999999999999796,0.10240593477015984,0.030000000000001137,0
2006-05-15,0.0025215232214206296,-0.6199999999999992,-0.019999999999999574,-0.040000000000000036,0.0,0.010000000000000009,0.10272586851440867,-0.020000000000000462,0
2006-05-16,-0.0018711972613347783,-0.22000000000000064,-0.03000000000000025,-0.05000000000000071,-0.02999999999999936,0.020000000000000018,0.10237889291590047,-0.020000000000000462,0
2006-05-17,-0.016984485712415953,2.910000000000002,0.009999999999999787,0.0600000000000005,-0.020000000000000462,0.0,0.10013151178296961,0.05000000000000071,0
2006-05-18,-0.006721639126294754,0.7299999999999969,-0.02999999999999936,-0.08000000000000007,0.040000000000000036,0.0,0.10098017212523971,-0.05000000000000071,0
2006-05-19,0.004128380928752229,0.19000000000000128,0.019999999999999574,-0.03000000000000025,0.0,-0.010000000000000009,0.10257826421225683,-0.04999999999999982,0
2006-05-22,-0.003922348945520682,0.5399999999999991,-0.019999999999999574,-0.009999999999999787,0.0,0.010000000000000009,0.10271694037520422,0.009999999999999787,0
2006-05-23,-0.004359485196303581,0.5400000000000027,0.02999999999999936,0.03000000000000025,-0.05999999999999961,-0.010000000000000009,0.1030784059759452,8.881784197001252e-16,0
2006-05-24,0.0015824109220128335,-0.9000000000000021,-0.02999999999999936,-0.040000000000000036,-0.040000000000000036,0.030000000000000027,0.10316554819077373,-0.010000000000000675,0
2006-05-25,0.011305893799113065,-1.8599999999999994,0.040000000000000036,0.040000000000000036,0.10999999999999943,-0.010000000000000009,0.11159838693647224,0.0,0
2006-05-26,0.00570302050221283,-1.2400000000000002,-0.020000000000000462,-0.010000000000000675,-0.019999999999999574,0.0,0.11312169152206451,0.009999999999999787,0
2006-05-30,-0.01597652908233016,4.4,0.03000000000000025,0.03000000000000025,0.02999999999999936,0.0,0.12403276538259887,0.0,0
2006-05-31,0.008079223063999663,-2.219999999999999,0.04999999999999982,0.03000000000000025,0.03000000000000025,-0.010000000000000009,0.12837328694638112,-0.019999999999999574,0
2006-06-01,0.012223330840670954,-1.9200000000000017,0.0,-0.009999999999999787,-0.03000000000000025,0.0,0.1344120061038324,-0.009999999999999787,0
2006-06-02,0.0019503256076287556,-0.1999999999999993,-0.1200000000000001,-0.11000000000000032,-0.04999999999999982,0.010000000000000009,0.13435855423148318,0.009999999999999787,0
2006-06-05,-0.01796007563184343,2.3299999999999983,0.07000000000000028,0.019999999999999574,0.040000000000000036,0.0,0.14606684161126207,-0.05000000000000071,0
2006-06-06,-0.0011387271211589223,0.6900000000000013,0.0,-0.009999999999999787,-0.019999999999999574,-0.020000000000000018,0.13947951914968465,-0.009999999999999787,0
2006-06-07,-0.00611113012985065,0.46000000000000085,0.02999999999999936,0.009999999999999787,0.0,0.020000000000000018,0.13998789164877912,-0.019999999999999574,0
2006-06-08,0.0014160251841044413,0.5500000000000007,-0.009999999999999787,-0.019999999999999574,0.02999999999999936,-0.010000000000000009,0.14030931464874447,-0.009999999999999787,0
2006-06-09,-0.004485652263047868,-0.23000000000000043,0.0,-0.019999999999999574,-0.019999999999999574,0.0,0.1404486882871415,-0.019999999999999574,1
2006-06-12,-0.011937131151054103,2.84,0.009999999999999787,0.009999999999999787,0.009999999999999787,-0.010000000000000009,0.13961479542890481,0.0,1
2006-06-13,-0.01117384539826638,2.849999999999998,0.0,-0.020000000000000462,-0.009999999999999787,0.020000000000000018,0.13951222165308846,-0.020000000000000462,1
2006-06-14,0.005175805142226153,-2.349999999999998,0.09000000000000075,0.08000000000000007,0.0,0.0,0.1410248423367732,-0.010000000000000675,0
2006-06-15,0.021012759287053484,-5.5600000000000005,0.02999999999999936,0.04999999999999982,0.019999999999999574,0.0,0.16277491576689407,0.020000000000000462,0
2006-06-16,-0.0036846554428544565,1.3499999999999996,0.020000000000000462,0.03000000000000025,-0.07999999999999918,0.0,0.15289152996282449,0.009999999999999787,0
2006-06-19,-0.009158580193524557,0.5799999999999983,0.03000000000000025,0.009999999999999787,0.009999999999999787,0.0,0.15432534151686253,-0.020000000000000462,0
2006-06-20,-8.063703256233623e-06,-1.139999999999997,0.0,0.010000000000000675,-0.03000000000000025,0.0,0.1533142879489018,0.010000000000000675,0
2006-06-21,0.009693855200899826,-1.1700000000000017,0.009999999999999787,0.009999999999999787,-0.009999999999999787,0.010000000000000009,0.15727358285217202,0.0,0
2006-06-22,-0.005284662791421368,0.3600000000000012,0.03000000000000025,0.040000000000000036,0.07000000000000028,0.010000000000000009,0.15760131307415234,0.009999999999999787,0
2006-06-23,-0.0008834987121417726,0.009999999999999787,0.03999999999999915,0.03000000000000025,0.0,0.0,0.15743836810179454,-0.009999999999998899,0
2006-06-26,0.004857608166661365,-0.27000000000000135,0.0,0.019999999999999574,0.04999999999999982,0.0,0.1528451519909321,0.019999999999999574,0
2006-06-27,-0.00912544087164946,0.7799999999999994,-0.02999999999999936,-0.040000000000000036,-0.010000000000000675,0.010000000000000009,0.15347430264711545,-0.010000000000000675,0
2006-06-28,0.005472410244739656,-0.6099999999999994,0.04999999999999982,0.040000000000000036,0.040000000000000036,-0.010000000000000009,0.1458647276478383,-0.009999999999999787,0
2006-06-29,0.02133577302122891,-2.76,-0.08000000000000007,-0.03000000000000025,0.020000000000000462,0.0,0.1620507335101793,0.04999999999999982,0
2006-06-30,-0.0020998249997532525,0.05000000000000071,-0.04999999999999982,-0.0699999999999994,-0.03000000000000025,-0.020000000000000018,0.1560382052040284,-0.019999999999999574,0
2006-07-03,0.007834136029033267,-0.02999999999999936,0.009999999999999787,0.0,0.20000000000000018,0.010000000000000009,0.15855038046195147,-0.009999999999999787,0
2006-07-05,-0.007275325101150365,1.0999999999999996,0.07000000000000028,0.08000000000000007,0.0,-0.010000000000000009,0.1474873211966021,0.009999999999999787,0
2006-07-06,0.002491170212377547,-0.5,-0.020000000000000462,-0.040000000000000036,-0.009999999999999787,-0.010000000000000009,0.14760472888398962,-0.019999999999999574,0
2006-07-07,-0.006772852678868624,0.3200000000000003,-0.04999999999999982,-0.05000000000000071,-0.020000000000000462,0.0,0.14798891058115393,-8.881784197001252e-16,0
2006-07-10,0.0014687189254320998,0.049999999999998934,0.0,-0.009999999999999787,0.020000000000000462,0.0,0.14799379503313576,-0.009999999999999787,0
2006-07-11,0.004008242332701251,-0.879999999999999,0.0,-0.03000000000000025,0.009999999999999787,0.010000000000000009,0.14741715902861852,-0.03000000000000025,0
2006-07-12,-0.010928465995566405,1.3499999999999996,0.0,0.0,0.019999999999999574,-0.010000000000000009,0.14636018443633386,0.0,0
2006-07-13,-0.013051591173687704,3.299999999999999,-0.04999999999999982,-0.019999999999999574,-0.009999999999999787,0.0,0.14842694263180456,0.03000000000000025,0
2006-07-14,-0.004906242693972551,0.26000000000000156,-0.040000000000000036,-0.009999999999999787,0.0,0.030000000000000027,0.1487203410396558,0.03000000000000025,0
2006-07-17,-0.0013842289182717238,0.5899999999999999,0.040000000000000036,0.0,0.020000000000000462,-0.010000000000000009,0.1281086000577918,-0.040000000000000036,0
2006-07-18,0.0019179806393534449,-0.9000000000000021,0.07000000000000028,0.05999999999999961,-0.0600000000000005,0.0,0.1280049127626494,-0.010000000000000675,0
2006-07-19,0.01838500597796955,-2.1899999999999977,-0.07000000000000028,-0.07000000000000028,0.010000000000000675,0.010000000000000009,0.13972140861948154,0.0,0
2006-07-20,-0.008513606948319818,0.6600000000000001,-0.0600000000000005,-0.02999999999999936,0.009999999999999787,0.0,0.143361892749839,0.030000000000001137,0
2006-07-21,-0.007102085752631382,1.1899999999999977,0.020000000000000462,0.019999999999999574,-0.009999999999999787,0.0,0.14135339794962165,-8.881784197001252e-16,0
2006-07-24,0.016488459267507416,-2.419999999999998,0.019999999999999574,0.0,0.009999999999999787,0.0,0.1517224554046466,-0.019999999999999574,0
2006-07-25,0.006300939104524339,-0.13000000000000078,0.010000000000000675,0.020000000000000462,0.0,-0.010000000000000009,0.15288499160210486,0.009999999999999787,0
2006-07-26,-0.0003783579311118501,-0.23000000000000043,-0.05000000000000071,-0.03000000000000025,0.0,0.0,0.15226214003042618,0.020000000000000462,0
2006-07-27,-0.004108079722760394,0.3200000000000003,0.010000000000000675,0.03000000000000025,0.02999999999999936,-0.030000000000000027,0.14915349250179571,0.019999999999999574,0
2006-07-28,0.012078439355172499,-0.6099999999999994,-0.08999999999999986,-0.07000000000000028,-0.009999999999999787,0.020000000000000018,0.1533928971270906,0.019999999999999574,0
2006-07-31,-0.0014793307357718888,0.6199999999999992,-0.010000000000000675,-0.009999999999999787,0.04999999999999982,0.010000000000000009,0.13496280442449354,8.881784197001252e-16,0
2006-08-01,-0.004506244917254598,0.10000000000000142,0.0,0.0,-0.040000000000000036,0.010000000000000009,0.13572166893977922,0.0,0
2006-08-02,0.005093542854709199,-0.7100000000000009,0.0,-0.03000000000000025,-0.019999999999999574,0.0,0.13405713985776602,-0.03000000000000025,0
2006-08-03,0.002236402671188742,0.120000000000001,0.010000000000000675,0.0,0.019999999999999574,-0.010000000000000009,0.1316736213684557,-0.010000000000000675,0
2006-08-04,-0.0007110402974959129,-0.120000000000001,-0.07000000000000028,-0.04999999999999982,-0.019999999999999574,0.010000000000000009,0.131484456585313,0.020000000000000462,0
2006-08-07,-0.0028100349980686445,0.8900000000000006,0.04999999999999982,0.019999999999999574,-0.009999999999999787,-0.020000000000000018,0.1295398997063716,-0.03000000000000025,0
2006-08-08,-0.003368341588847912,0.0,-0.04999999999999982,0.0,0.019999999999999574,0.030000000000000027,0.13011276116380216,0.04999999999999982,0
2006-08-09,-0.0043587478316435835,-0.030000000000001137,0.0,-0.009999999999999787,-0.009999999999999787,0.030000000000000027,0.13021913740757193,-0.009999999999999787,0
2006-08-10,0.004618254220495999,-0.7399999999999984,0.019999999999999574,0.009999999999999787,-0.009999999999999787,0.0,0.12518448535742865,-0.009999999999999787,0
2006-08-11,-0.003994411566542233,-0.16000000000000014,0.03000000000000025,0.040000000000000036,0.0,-0.010000000000000009,0.11646097177874926,0.009999999999999787,0
2006-08-14,0.0011597863190795366,-0.040000000000000924,0.04999999999999982,0.03000000000000025,0.019999999999999574,-0.030000000000000027,0.11451112789167876,-0.019999999999999574,0
2006-08-15,0.013603520937444102,-0.8399999999999999,-0.0699999999999994,-0.07000000000000028,-0.019999999999999574,0.010000000000000009,0.12176123093690093,-8.881784197001252e-16,0
2006-08-16,0.0076327079866036485,-1.0099999999999998,-0.07000000000000028,-0.05999999999999961,-0.07000000000000028,0.010000000000000009,0.12335239169222886,0.010000000000000675,0
2006-08-17,0.001581235312552387,-0.16999999999999993,0.019999999999999574,0.0,0.03000000000000025,0.0,0.10840635364693371,-0.019999999999999574,0
2006-08-18,0.0037080103106035267,-0.5999999999999996,-0.019999999999999574,-0.03000000000000025,0.04999999999999982,0.0,0.10242162275260802,-0.010000000000000675,0
2006-08-21,-0.003677181794222939,0.5800000000000001,-0.020000000000000462,-0.019999999999999574,-0.009999999999999787,0.010000000000000009,0.09923036623885695,8.881784197001252e-16,0
2006-08-22,0.001001409760385208,-0.030000000000001137,0.020000000000000462,0.0,0.0,-0.010000000000000009,0.08442852032630953,-0.020000000000000462,0
2006-08-23,-0.004498794149918162,0.21000000000000085,0.0,0.0,0.009999999999999787,0.010000000000000009,0.08483432382466334,0.0,0
2006-08-24,0.0023715273469742115,0.0,0.009999999999999787,-0.010000000000000675,0.0,0.0,0.08484853181946381,-0.020000000000000462,0
2006-08-25,-0.0007487023486181243,-0.08999999999999986,-0.019999999999999574,-0.019999999999999574,0.0,0.020000000000000018,0.08306599035820916,0.0,0
2006-08-28,0.005152367888948461,-0.13000000000000078,0.019999999999999574,0.009999999999999787,0.0,-0.010000000000000009,0.07466382522962299,-0.009999999999999787,0
2006-08-29,0.0019186056858897516,0.09999999999999964,-0.009999999999999787,-0.009999999999999787,-0.019999999999999574,0.010000000000000009,0.07425056702570106,0.0,0
2006-08-30,0.0008353611123226301,-0.05999999999999872,-0.040000000000000036,-0.03000000000000025,0.019999999999999574,0.0,0.07149659963947427,0.009999999999999787,0
2006-08-31,-0.001188108326592996,0.08999999999999986,-0.040000000000000036,-0.019999999999999574,0.05999999999999961,-0.010000000000000009,0.0705732577858971,0.020000000000000462,0
2006-09-01,0.005499415350848302,-0.34999999999999964,-0.020000000000000462,-0.009999999999999787,-0.05999999999999961,0.0,0.07219499985013823,0.010000000000000675,0
2006-09-05,0.001707148334397779,0.6699999999999999,0.03000000000000025,0.04999999999999982,0.009999999999999787,0.0,0.07190346894058185,0.019999999999999574,0
2006-09-06,-0.009940736381777171,1.1099999999999994,0.020000000000000462,0.019999999999999574,-0.04999999999999982,0.0,0.08067797749179811,-8.881784197001252e-16,0
2006-09-07,-0.004810592560349214,0.14000000000000057,0.0,0.0,0.020000000000000462,-0.010000000000000009,0.08178769266049846,0.0,0
2006-09-08,0.003779498046911023,-0.7200000000000006,-0.020000000000000462,-0.019999999999999574,0.0,0.0,0.08011543936405051,8.881784197001252e-16,0
2006-09-11,0.00047720573860399185,-0.16999999999999993,0.03000000000000025,0.019999999999999574,0.009999999999999787,0.0,0.07918389351067373,-0.010000000000000675,0
2006-09-12,0.010304239625336109,-1.0700000000000003,-0.009999999999999787,-0.019999999999999574,-0.03000000000000025,-0.020000000000000018,0.08315119907021504,-0.009999999999999787,0
2006-09-13,0.0038539501232293105,-0.7400000000000002,-0.020000000000000462,-0.010000000000000675,0.04999999999999982,0.0,0.08345061140123812,0.009999999999999787,0
2006-09-14,-0.0013589692147819576,0.370000000000001,0.03000000000000025,0.020000000000000462,0.0,0.0,0.07220545343027981,-0.009999999999999787,0
2006-09-15,0.002564551433264839,0.20999999999999908,0.040000000000000036,0.009999999999999787,-0.009999999999999787,-0.010000000000000009,0.06848765623230559,-0.03000000000000025,0
2006-09-18,0.00115114900399238,0.019999999999999574,0.009999999999999787,0.009999999999999787,-0.019999999999999574,-0.010000000000000009,0.06844855867735349,0.0,0
2006-09-19,-0.0026830190187920877,0.20000000000000107,-0.08999999999999986,-0.0699999999999994,-0.020000000000000462,0.010000000000000009,0.0686802892951466,0.020000000000000462,0
2006-09-20,0.00570604162057009,-0.5899999999999999,0.019999999999999574,-0.009999999999999787,0.020000000000000462,0.0,0.06908087849583798,-0.02999999999999936,0
2006-09-21,-0.005410101686628366,0.8599999999999994,-0.09999999999999964,-0.08000000000000007,0.009999999999999787,0.020000000000000018,0.07256686224575996,0.019999999999999574,0
2006-09-22,-0.0024688463282833695,0.33999999999999986,-0.040000000000000036,-0.05000000000000071,0.02999999999999936,0.010000000000000009,0.07105982572210313,-0.010000000000000675,0
2006-09-25,0.008776536278300995,-0.47000000000000064,-0.040000000000000036,-0.040000000000000036,0.03000000000000025,0.0,0.07613224863392733,0.0,0
2006-09-26,0.007496129321094891,-0.5899999999999999,0.04999999999999982,0.03000000000000025,-0.04999999999999982,-0.010000000000000009,0.07891497763125475,-0.019999999999999574,0
2006-09-27,0.00017957754431030537,0.05000000000000071,-0.019999999999999574,0.009999999999999787,0.04999999999999982,0.0,0.07788323890205513,0.02999999999999936,0
2006-09-28,0.0017118491773207012,0.14000000000000057,0.019999999999999574,0.03000000000000025,-0.019999999999999574,0.020000000000000018,0.07786438701112415,0.010000000000000675,0
2006-09-29,-0.0022656502122648803,0.2599999999999998,0.03000000000000025,0.009999999999999787,0.05999999999999961,-0.010000000000000009,0.07880614299018432,-0.020000000000000462,0
2006-10-02,-0.0033968621091622353,0.5899999999999999,-0.04999999999999982,-0.019999999999999574,-0.009999999999999787,0.010000000000000009,0.07997661604663613,0.03000000000000025,0
2006-10-03,0.0020934716116798313,-0.33000000000000007,0.009999999999999787,0.0,-0.08000000000000007,-0.010000000000000009,0.07841402716218013,-0.009999999999999787,0
2006-10-04,0.011988326761123602,-0.3800000000000008,-0.07000000000000028,-0.04999999999999982,-0.019999999999999574,0.020000000000000018,0.08742995263297995,0.020000000000000462,0
2006-10-05,0.0022342079708224105,0.120000000000001,0.05000000000000071,0.040000000000000036,0.0,0.0,0.07724928291797833,-0.010000000000000675,0
2006-10-06,-0.002686094977130793,-0.41999999999999993,0.08999999999999986,0.08999999999999986,-0.010000000000000675,-0.010000000000000009,0.07524817916653384,0.0,0
2006-10-09,0.0007925192526654357,0.11999999999999922,0.0,0.0,0.0,0.0,0.07507047347003458,0.0,0
2006-10-10,0.002041360431973338,-0.16000000000000014,0.08000000000000007,0.04999999999999982,0.0600000000000005,-0.010000000000000009,0.07490279943991254,-0.03000000000000025,0
2006-10-11,-0.0025671675765499558,0.09999999999999964,0.02999999999999936,0.03000000000000025,-0.03000000000000025,0.010000000000000009,0.06988347834954038,8.881784197001252e-16,0
2006-10-12,0.00949586533658131,-0.5299999999999994,0.0,0.009999999999999787,0.0,-0.020000000000000018,0.07500479617074854,0.009999999999999787,0
2006-10-13,0.002045117903889171,-0.33999999999999986,0.020000000000000462,0.019999999999999574,-0.040000000000000036,0.010000000000000009,0.07424137547915817,-8.881784197001252e-16,0
2006-10-16,0.0025158349894214282,0.33999999999999986,-0.020000000000000462,-0.019999999999999574,0.07000000000000028,-0.010000000000000009,0.07423485156711487,8.881784197001252e-16,0
2006-10-17,-0.0036661573163865313,0.6400000000000006,-0.019999999999999574,-0.009999999999999787,-0.07000000000000028,0.0,0.07656363415052447,0.009999999999999787,0
2006-10-18,0.0012821219039329534,-0.39000000000000057,0.019999999999999574,-0.010000000000000675,0.020000000000000462,-0.010000000000000009,0.07503748688921417,-0.03000000000000025,0
2006-10-19,0.0008489586130293603,-0.4399999999999995,0.0,0.020000000000000462,-0.010000000000000675,0.0,0.0736514803581889,0.020000000000000462,0
2006-10-20,0.0011990233783789606,-0.2699999999999996,0.020000000000000462,0.0,0.03000000000000025,-0.010000000000000009,0.06929264172682274,-0.020000000000000462,0
2006-10-23,0.006133424433030221,0.4499999999999993,0.03000000000000025,0.040000000000000036,-0.009999999999999787,-0.030000000000000027,0.0690334516091711,0.009999999999999787,0
2006-10-24,0.0002613999434002423,-0.3000000000000007,0.009999999999999787,0.0,0.0,-0.010000000000000009,0.0650003135677845,-0.009999999999999787,0
2006-10-25,0.003507758343789469,-0.11999999999999922,-0.03000000000000025,-0.04999999999999982,0.019999999999999574,0.010000000000000009,0.06199294419281363,-0.019999999999999574,0
2006-10-26,0.004950755249544692,-0.09999999999999964,-0.07000000000000028,-0.04999999999999982,-0.02999999999999936,-0.010000000000000009,0.06280652611921361,0.020000000000000462,0
2006-10-27,-0.008487554657401475,0.2400000000000002,-0.04999999999999982,-0.05000000000000071,0.0,0.0,0.0722804524517605,-8.881784197001252e-16,0
2006-10-30,0.0004282701942228684,0.3999999999999986,0.020000000000000462,0.0,0.03999999999999915,-0.010000000000000009,0.07117717499583748,-0.020000000000000462,0
2006-10-31,7.257236371849274e-06,-0.09999999999999964,-0.07000000000000028,-0.0699999999999994,0.040000000000000036,0.0,0.0691892912269503,8.881784197001252e-16,0
2006-11-01,-0.007378709613703016,0.41000000000000014,-0.04999999999999982,-0.040000000000000036,-0.07999999999999918,0.0,0.07586395258124685,0.009999999999999787,0
2006-11-02,-0.00034367402491675136,-0.08999999999999986,0.009999999999999787,0.02999999999999936,-0.010000000000000675,0.0,0.0649913640986571,0.019999999999999574,0
2006-11-03,-0.0022257700539070058,-0.2599999999999998,0.15000000000000036,0.1200000000000001,0.03000000000000025,-0.04999999999999982,0.065413920174441,-0.03000000000000025,0
2006-11-06,0.011282589583801794,0.0,0.0,-0.009999999999999787,-0.009999999999999787,0.0,0.07441939488383037,-0.009999999999999787,0
2006-11-07,0.0022152892916249556,-0.07000000000000028,-0.05000000000000071,-0.04999999999999982,-0.020000000000000462,0.010000000000000009,0.07451966820275982,8.881784197001252e-16,0
2006-11-08,0.0020805046947440786,-0.33999999999999986,-0.019999999999999574,-0.020000000000000462,0.0,-0.010000000000000009,0.07452588126211969,-8.881784197001252e-16,0
2006-11-09,-0.005347238731927106,0.2599999999999998,0.0,-0.019999999999999574,0.010000000000000675,0.030000000000000027,0.07684650059789565,-0.019999999999999574,0
2006-11-10,0.0018628390842332365,-0.22000000000000064,-0.019999999999999574,-0.03000000000000025,0.0,-0.010000000000000009,0.07048799403273495,-0.010000000000000675,0
2006-11-13,0.002545818857239368,0.07000000000000028,0.02999999999999936,0.020000000000000462,0.03999999999999915,-0.010000000000000009,0.07063608162155202,-0.009999999999998899,0
2006-11-14,0.006336335480975563,-0.35999999999999943,-0.019999999999999574,-0.040000000000000036,-0.019999999999999574,0.010000000000000009,0.07310364373096592,-0.020000000000000462,0
2006-11-15,0.002401615612763308,-0.1899999999999995,0.05999999999999961,0.040000000000000036,0.040000000000000036,0.0,0.07140027162481394,-0.019999999999999574,0
2006-11-16,0.0022815628940806576,-0.15000000000000036,0.04999999999999982,0.04999999999999982,-0.040000000000000036,-0.020000000000000018,0.07151237217084072,0.0,0
2006-11-17,0.0010282189869679215,-0.10999999999999943,-0.08999999999999986,-0.04999999999999982,-0.04999999999999982,0.010000000000000009,0.07150494233252871,0.040000000000000036,0
2006-11-20,-0.0004996966231685107,-0.08000000000000007,0.0,-0.010000000000000675,0.04999999999999982,0.0,0.07174042172080934,-0.010000000000000675,0
2006-11-21,0.0016480521403945403,-0.07000000000000028,-0.009999999999999787,-0.019999999999999574,0.040000000000000036,0.0,0.06941799752434387,-0.009999999999999787,0
2006-11-22,0.0023354348612123488,0.2400000000000002,-0.009999999999999787,-0.009999999999999787,-0.03000000000000025,0.0,0.06955543157731986,0.0,0
2006-11-24,-0.003662224795342617,0.5899999999999999,-0.009999999999999787,-0.020000000000000462,-0.019999999999999574,0.0,0.07070052905956534,-0.010000000000000675,0
2006-11-27,-0.013647796557743064,1.5700000000000003,-0.020000000000000462,-0.009999999999999787,0.08000000000000007,0.010000000000000009,0.0844363523966904,0.010000000000000675,0
2006-11-28,0.0034384650373500136,-0.6800000000000015,-0.040000000000000036,-0.03000000000000025,-0.08000000000000007,0.010000000000000009,0.07974325935098907,0.009999999999999787,0
2006-11-29,0.009159492649209788,-0.7899999999999991,0.020000000000000462,0.009999999999999787,0.019999999999999574,0.0,0.08542199487980252,-0.010000000000000675,0
2006-11-30,0.000821396348470671,0.08000000000000007,-0.07000000000000028,-0.05999999999999961,0.04999999999999982,0.019999999999999796,0.08538067135119524,0.010000000000000675,0
2006-12-01,-0.0028026643639620374,0.75,-0.10000000000000053,-0.03000000000000025,-0.040000000000000036,0.010000000000000009,0.08124388958066069,0.07000000000000028,0
2006-12-04,0.008845925037396007,-0.4299999999999997,0.0,0.0,-0.04999999999999982,0.010000000000000009,0.08546225847534943,0.0,0
2006-12-05,0.003994509327143625,0.03999999999999915,0.0,0.020000000000000462,-0.009999999999999787,-0.010000000000000009,0.08482066777029713,0.020000000000000462,0
2006-12-06,-0.0013155756125309281,0.0600000000000005,0.07000000000000028,0.03000000000000025,0.009999999999999787,0.0,0.0778860666927762,-0.040000000000000036,0
2006-12-07,-0.003978460599928901,1.3399999999999999,-0.009999999999999787,0.009999999999999787,0.03000000000000025,-0.010000000000000009,0.07973156720494963,0.019999999999999574,0
2006-12-08,0.0018103535842808327,-0.5999999999999996,0.09999999999999964,0.0699999999999994,0.0,-0.010000000000000009,0.07968385457877605,-0.03000000000000025,0
2006-12-11,0.002267189091074151,-1.3599999999999994,-0.009999999999999787,-0.040000000000000036,0.0,0.010000000000000009,0.07656073865329731,-0.03000000000000025,0
2006-12-12,-0.0010479360868380638,-0.0600000000000005,-0.05999999999999961,-0.02999999999999936,-0.019999999999999574,0.010000000000000009,0.07689894588647755,0.03000000000000025,0
2006-12-13,0.0011682368388630238,-0.47000000000000064,0.08999999999999986,0.08999999999999986,0.0,-0.010000000000000009,0.07670817726812945,0.0,0
2006-12-14,0.008651901646480553,-0.20999999999999908,0.03000000000000025,0.019999999999999574,0.05999999999999961,0.020000000000000018,0.07912669700354259,-0.010000000000000675,0
2006-12-15,0.0011217916186669896,0.08000000000000007,0.0,0.0,-0.020000000000000462,0.0,0.07898354386732673,0.0,0
2006-12-18,-0.0032355787166675753,0.5499999999999989,-0.020000000000000462,0.0,-0.05999999999999961,-0.010000000000000009,0.08018466737509206,0.020000000000000462,0
2006-12-19,0.002155877002041784,-0.29999999999999893,0.0,0.0,0.0,0.020000000000000018,0.08032603165768686,0.0,0
2006-12-20,-0.0014180018381182435,-0.040000000000000924,0.0,0.0,0.04999999999999982,0.0,0.08057878031915844,0.0,0
2006-12-21,-0.0036807310110544833,0.2699999999999996,-0.04999999999999982,-0.04999999999999982,-0.009999999999999787,0.010000000000000009,0.0819553486833586,0.0,0
2006-12-22,-0.0053304050482942955,0.8300000000000001,0.04999999999999982,0.08000000000000007,-0.009999999999999787,-0.010000000000000009,0.08409353658181228,0.03000000000000025,0
2006-12-26,0.004342820317913443,-0.09999999999999964,0.0,-0.019999999999999574,0.04999999999999982,-0.010000000000000009,0.08408371028547353,-0.019999999999999574,0
2006-12-27,0.006990822284694609,-0.6199999999999992,0.05999999999999961,0.04999999999999982,-0.1200000000000001,0.0,0.06930368134489397,-0.009999999999999787,0
2006-12-28,-0.00147988678874178,0.34999999999999964,0.05000000000000071,0.040000000000000036,0.08000000000000007,-0.010000000000000009,0.06968311042495301,-0.010000000000000675,0
2006-12-29,-0.004523350765571976,0.5700000000000003,0.0,0.009999999999999787,-0.08000000000000007,-0.010000000000000009,0.06624283899358448,0.009999999999999787,0
2007-01-03,-0.0011993369810401333,0.47999999999999865,-0.0600000000000005,-0.040000000000000036,0.11000000000000032,-0.029999999999999805,0.0665408043785481,0.020000000000000462,0
2007-01-04,0.0012275393613228047,-0.5299999999999994,-0.04999999999999982,-0.04999999999999982,-0.040000000000000036,0.010000000000000009,0.06544552287922269,0.0,0
2007-01-05,-0.006103164221244128,0.6300000000000008,0.04999999999999982,0.03000000000000025,-0.03000000000000025,-0.020000000000000018,0.0625147079722184,-0.019999999999999574,0
2007-01-08,0.002217853560082972,-0.14000000000000057,0.020000000000000462,0.009999999999999787,0.020000000000000462,-0.010000000000000009,0.06138418514001269,-0.010000000000000675,0
2007-01-09,-0.0005168233181107595,-0.08999999999999986,0.009999999999999787,0.0,0.019999999999999574,0.0,0.061241287507697195,-0.009999999999999787,0
2007-01-10,0.001938478689480938,-0.4399999999999995,0.019999999999999574,0.03000000000000025,0.009999999999999787,0.0,0.0598445709891843,0.010000000000000675,0
2007-01-11,0.00631988209676404,-0.6000000000000014,0.05000000000000071,0.04999999999999982,0.009999999999999787,0.0,0.06326246181830517,-8.881784197001252e-16,0
2007-01-12,0.004841403021182522,-0.7199999999999989,0.019999999999999574,0.02999999999999936,-0.04999999999999982,0.0,0.06479390960133233,0.009999999999999787,0
2007-01-16,0.0008174301709606979,0.5899999999999999,-0.019999999999999574,-0.019999999999999574,0.0600000000000005,0.0,0.06452050791605683,0.0,0
2007-01-17,-0.0008943169552093622,-0.15000000000000036,0.04999999999999982,0.040000000000000036,-0.03000000000000025,-0.010000000000000009,0.06471966421117038,-0.009999999999999787,0
2007-01-18,-0.0029751613655877307,0.2599999999999998,-0.020000000000000462,-0.040000000000000036,-0.019999999999999574,0.0,0.05870869309528618,-0.019999999999999574,0
2007-01-19,0.002891278131000874,-0.4499999999999993,0.040000000000000036,0.03000000000000025,0.019999999999999574,-0.010000000000000009,0.05943900306374997,-0.009999999999999787,0
2007-01-22,-0.005291852052066837,0.3699999999999992,-0.019999999999999574,-0.020000000000000462,-0.009999999999999787,0.0,0.06129669468175902,-8.881784197001252e-16,0
2007-01-23,0.003535679635791489,-0.4299999999999997,0.03000000000000025,0.04999999999999982,0.019999999999999574,0.0,0.0620849910222397,0.019999999999999574,0
2007-01-24,0.008465526199141316,-0.4499999999999993,-0.010000000000000675,0.0,0.009999999999999787,0.0,0.0682150883003062,0.010000000000000675,0
2007-01-25,-0.01133380148608154,1.33,0.05000000000000071,0.0600000000000005,0.040000000000000036,-0.010000000000000009,0.07856501126012254,0.009999999999999787,0
2007-01-26,-0.0012086801561421723,-0.08999999999999986,0.009999999999999787,0.009999999999999787,-0.04999999999999982,0.0,0.07617859384895968,0.0,0
2007-01-29,-0.0010975096078436053,0.3199999999999985,0.0,0.020000000000000462,0.0,-0.010000000000000009,0.0749372665777063,0.020000000000000462,0
2007-01-30,0.005755532761662074,-0.48999999999999844,-0.009999999999999787,-0.020000000000000462,-0.02999999999999936,0.010000000000000009,0.07362182120490901,-0.010000000000000675,0
2007-01-31,0.006571215040463763,-0.5400000000000009,-0.040000000000000036,-0.04999999999999982,0.09999999999999964,0.010000000000000009,0.07670962764099468,-0.009999999999999787,0
2007-02-01,0.005339485256796728,-0.10999999999999943,0.019999999999999574,0.009999999999999787,-0.040000000000000036,-0.010000000000000009,0.07626089216880792,-0.009999999999999787,0
2007-02-02,0.0016929656156481343,-0.23000000000000043,-0.019999999999999574,-0.009999999999999787,-0.04999999999999982,0.0,0.07590590049042781,0.009999999999999787,0
2007-02-05,-0.0009670579399649881,0.47000000000000064,-0.020000000000000462,-0.020000000000000462,0.009999999999999787,0.0,0.07622374101965126,0.0,0
2007-02-06,0.0006977571880923961,0.09999999999999964,-0.019999999999999574,-0.040000000000000036,-0.009999999999999787,-0.010000000000000009,0.07180459867609473,-0.020000000000000462,0
2007-02-07,0.001394055477282663,-0.33000000000000007,-0.03000000000000025,-0.02999999999999936,-0.009999999999999787,0.010000000000000009,0.07172513331430917,8.881784197001252e-16,0
2007-02-08,-0.0011799899931430602,0.11999999999999922,0.0,-0.009999999999999787,0.019999999999999574,-0.010000000000000009,0.07196582918162577,-0.009999999999999787,0
2007-02-09,-0.007102376401732613,0.6600000000000001,0.04999999999999982,0.05999999999999961,0.0,-0.010000000000000009,0.07741380104719306,0.009999999999999787,0
2007-02-12,-0.003266667946373758,0.5099999999999998,0.020000000000000462,0.009999999999999787,0.03000000000000025,0.0,0.07586923436063811,-0.010000000000000675,0
2007-02-13,0.007568764564710229,-1.2699999999999996,0.009999999999999787,0.020000000000000462,-0.020000000000000462,0.0,0.07846191038495881,0.010000000000000675,0
2007-02-14,0.007614985272875963,-0.10999999999999943,-0.08000000000000007,-0.08000000000000007,0.009999999999999787,0.010000000000000009,0.08230431554820626,0.0,0
2007-02-15,0.0010370488307991366,-0.009999999999999787,-0.040000000000000036,-0.040000000000000036,0.020000000000000462,0.010000000000000009,0.08208329383891505,0.0,0
2007-02-16,-0.0008721479770636975,-0.20000000000000107,0.0,-0.009999999999999787,-0.04999999999999982,-0.010000000000000009,0.08116209847867065,-0.009999999999999787,0
2007-02-20,0.002840267824147702,0.22000000000000064,-0.020000000000000462,-0.010000000000000675,0.02999999999999936,0.0,0.08114702723160663,0.009999999999999787,0
2007-02-21,-0.0014054045250064817,-0.040000000000000924,0.010000000000000675,0.010000000000000675,-0.03999999999999915,-0.010000000000000009,0.07844515288947888,0.0,0
2007-02-22,-0.0008579243562447658,-0.019999999999999574,0.04999999999999982,0.040000000000000036,0.02999999999999936,0.0,0.07823539178782268,-0.009999999999999787,0
2007-02-23,-0.0035699952277354896,0.40000000000000036,-0.04999999999999982,-0.05000000000000071,-0.019999999999999574,-0.010000000000000009,0.07467119288649358,-8.881784197001252e-16,0
2007-02-26,-0.0012549302471605017,0.5700000000000003,-0.05000000000000071,-0.04999999999999982,0.05999999999999961,0.010000000000000009,0.06183539364888631,8.881784197001252e-16,0
2007-02-27,-0.03534269213295271,7.159999999999998,-0.17999999999999972,-0.1299999999999999,-0.03000000000000025,0.050000000000000044,0.13989665678365937,0.04999999999999982,0
2007-02-28,0.005545551052635211,-2.889999999999999,0.0600000000000005,0.05999999999999961,0.14000000000000057,0.010000000000000009,0.14158983421337762,-8.881784197001252e-16,0
2007-03-01,-0.002597875474864786,0.40000000000000036,-0.020000000000000462,0.0,-0.10000000000000053,0.020000000000000018,0.1399128658729068,0.020000000000000462,0
2007-03-02,-0.011468262190986955,2.789999999999999,-0.07000000000000028,-0.040000000000000036,-0.07999999999999918,0.019999999999999796,0.14177905741165298,0.03000000000000025,0
2007-03-05,-0.00945217428159939,1.0199999999999996,-0.02999999999999936,-0.009999999999999787,0.03999999999999915,0.040000000000000036,0.1417560799160267,0.019999999999999574,0
2007-03-06,0.015374752670108016,-3.669999999999998,0.04999999999999982,0.020000000000000462,-0.04999999999999982,-0.020000000000000018,0.15414676340796205,-0.02999999999999936,0
2007-03-07,-0.0024682689453712214,-0.7200000000000006,-0.040000000000000036,-0.03000000000000025,0.020000000000000462,0.0,0.15413540366799328,0.009999999999999787,0
2007-03-08,0.007101316234661148,-0.9500000000000011,0.019999999999999574,0.009999999999999787,0.0,0.010000000000000009,0.15703589128962325,-0.009999999999999787,0
2007-03-09,0.0006774270866207743,-0.1999999999999993,0.10000000000000053,0.08000000000000007,0.0,-0.020000000000000018,0.15688667478467797,-0.020000000000000462,0
2007-03-12,0.0026766916146510056,-0.09999999999999964,-0.040000000000000036,-0.03000000000000025,0.009999999999999787,0.0,0.15757640580259538,0.009999999999999787,0
2007-03-13,-0.02057855742885817,4.139999999999999,-0.10000000000000053,-0.05999999999999961,0.0,0.050000000000000044,0.17014411153135223,0.040000000000000924,0
2007-03-14,0.006668813049787836,-0.8599999999999994,0.020000000000000462,0.03000000000000025,0.019999999999999574,0.020000000000000018,0.17269848379464556,0.009999999999999787,0
2007-03-15,0.0036769905969720185,-0.8399999999999999,0.03000000000000025,0.009999999999999787,0.020000000000000462,-0.020000000000000018,0.1706201111386988,-0.020000000000000462,0
2007-03-16,-0.0038355994534455817,0.35999999999999943,0.009999999999999787,0.009999999999999787,-0.040000000000000036,0.0,0.1672830413866412,0.0,0
2007-03-19,0.010835492046144424,-2.1999999999999993,0.03000000000000025,0.03000000000000025,0.009999999999999787,0.0,0.17308212883656832,0.0,0
2007-03-20,0.006313565230856355,-1.3200000000000003,-0.010000000000000675,-0.020000000000000462,0.0,0.010000000000000009,0.1753551258706953,-0.009999999999999787,0
2007-03-21,0.016936574454318176,-1.08,-0.08999999999999986,-0.02999999999999936,0.0,0.020000000000000018,0.18619682167033333,0.0600000000000005,0
2007-03-22,-0.0003484830567961339,0.7400000000000002,0.07000000000000028,0.0699999999999994,0.009999999999999787,0.020000000000000018,0.18619028316385072,-8.881784197001252e-16,0
2007-03-23,0.0010938290328237343,0.019999999999999574,0.019999999999999574,0.020000000000000462,-0.02999999999999936,0.0,0.1863001209986364,8.881784197001252e-16,0
2007-03-26,0.0009674243257853377,0.21000000000000085,-0.040000000000000036,-0.020000000000000462,0.040000000000000036,0.0,0.1860723090685064,0.019999999999999574,0
2007-03-27,-0.00620355011512963,0.3200000000000003,0.020000000000000462,0.020000000000000462,-0.03000000000000025,0.010000000000000009,0.1871282462015452,0.0,0
2007-03-28,-0.007997681287839065,1.5,-0.04999999999999982,0.0,0.019999999999999574,0.020000000000000018,0.14180598763415486,0.04999999999999982,0
2007-03-29,0.003732714140497251,0.16000000000000014,0.04999999999999982,0.019999999999999574,0.020000000000000462,-0.040000000000000036,0.14114934060239548,-0.03000000000000025,0
2007-03-30,-0.0011746543330488635,-0.5,0.0,0.010000000000000675,0.009999999999999787,0.010000000000000009,0.1408378632318634,0.010000000000000675,0
2007-04-02,0.0025936522810861007,-0.11000000000000121,0.019999999999999574,0.0,-0.04999999999999982,-0.010000000000000009,0.13391358976987144,-0.019999999999999574,0
2007-04-03,0.009237327764279435,-1.0699999999999985,0.03000000000000025,0.019999999999999574,-0.04999999999999982,-0.010000000000000009,0.13067641922690734,-0.010000000000000675,0
2007-04-04,0.0011122157176473024,-0.22000000000000064,-0.019999999999999574,-0.009999999999999787,0.009999999999999787,0.010000000000000009,0.121517078595516,0.009999999999999787,0
2007-04-05,0.003045303814044331,-0.009999999999999787,0.019999999999999574,0.019999999999999574,0.08999999999999986,0.0,0.12076021254597365,0.0,0
2007-04-09,0.0005885672711860579,-0.08999999999999986,0.10000000000000053,0.07000000000000028,-0.019999999999999574,-0.020000000000000018,0.11921426870801993,-0.03000000000000025,0
2007-04-10,0.0026132057733052605,-0.46000000000000085,-0.020000000000000462,-0.019999999999999574,-0.020000000000000462,0.0,0.11924900307529013,8.881784197001252e-16,0
2007-04-11,-0.006594511405362269,0.8100000000000005,0.020000000000000462,0.009999999999999787,-0.019999999999999574,-0.010000000000000009,0.12240065705048801,-0.010000000000000675,0
2007-04-12,0.006187079566869258,-0.7799999999999994,0.0,0.0,0.02999999999999936,0.0,0.09471039975686316,0.0,0
2007-04-13,0.0034819816953204352,-0.5100000000000016,0.02999999999999936,0.019999999999999574,-0.019999999999999574,-0.010000000000000009,0.09351722027998106,-0.009999999999999787,0
2007-04-16,0.010598555997672676,-0.21999999999999886,-0.019999999999999574,-0.019999999999999574,0.040000000000000036,-0.020000000000000018,0.09786459393411184,0.0,0
2007-04-17,0.002142996455902768,0.16000000000000014,-0.0600000000000005,-0.04999999999999982,-0.08999999999999986,0.0,0.09511559602500501,0.010000000000000675,0
2007-04-18,0.0006929395178048026,0.27999999999999936,-0.040000000000000036,-0.03000000000000025,-0.009999999999999787,-0.010000000000000009,0.09073050262265268,0.009999999999999787,0
2007-04-19,-0.001202760377800871,0.11999999999999922,0.0,0.019999999999999574,0.040000000000000036,0.0,0.0903118842986455,0.019999999999999574,0
2007-04-20,0.009218089827972342,-0.46999999999999886,0.0,0.0,0.019999999999999574,0.010000000000000009,0.07720932665544769,0.0,0
2007-04-23,-0.002306697186399198,0.9699999999999989,-0.019999999999999574,-0.019999999999999574,-0.019999999999999574,0.0,0.0781273324965358,0.0,0
2007-04-24,-0.0003511923692274266,0.08000000000000007,-0.040000000000000036,-0.03000000000000025,-0.03000000000000025,0.0,0.07838554073082732,0.009999999999999787,0
2007-04-25,0.010088027404093758,0.09000000000000163,0.04999999999999982,0.03000000000000025,-0.009999999999999787,0.0,0.0838591563550729,-0.019999999999999574,0
2007-04-26,-0.0007826951200167187,-0.4200000000000017,0.040000000000000036,0.03000000000000025,0.04999999999999982,0.010000000000000009,0.07925015949772433,-0.009999999999999787,0
2007-04-27,-0.00012046902622042666,-0.33999999999999986,0.0,0.019999999999999574,0.0,-0.010000000000000009,0.07080233887661297,0.019999999999999574,0
2007-04-30,-0.007861781364552733,1.7700000000000014,-0.07000000000000028,-0.08000000000000007,0.04999999999999982,0.0,0.07918429534267024,-0.009999999999999787,0
2007-05-01,0.0026476518412588135,-0.7100000000000009,0.03000000000000025,0.009999999999999787,-0.03000000000000025,-0.010000000000000009,0.0783793923611245,-0.020000000000000462,0
2007-05-02,0.006451592013855922,-0.4299999999999997,0.020000000000000462,0.010000000000000675,-0.04999999999999982,-0.010000000000000009,0.07978491472596938,-0.009999999999999787,0
2007-05-03,0.0043157712461026065,0.009999999999999787,0.05999999999999961,0.02999999999999936,0.03000000000000025,-0.020000000000000018,0.07615353532688658,-0.03000000000000025,0
2007-05-04,0.002147600068780342,-0.17999999999999972,-0.03000000000000025,-0.02999999999999936,0.0,0.0,0.0760698453363321,8.881784197001252e-16,0
2007-05-07,0.002560447155193657,0.2400000000000002,0.0,-0.010000000000000675,0.0,0.0,0.07601588994915556,-0.010000000000000675,0
2007-05-08,-0.001166644703448405,0.0600000000000005,0.0,-0.009999999999999787,-0.03000000000000025,0.020000000000000018,0.0767014359769359,-0.009999999999999787,0
2007-05-09,0.003218226132884361,-0.33000000000000007,0.05000000000000071,0.040000000000000036,0.0,-0.010000000000000009,0.07678737486113159,-0.010000000000000675,0
2007-05-10,-0.014054591294918595,0.7199999999999989,-0.03000000000000025,-0.019999999999999574,0.040000000000000036,0.010000000000000009,0.09051001959708077,0.010000000000000675,0
2007-05-11,0.00959531203234576,-0.6500000000000004,0.009999999999999787,0.019999999999999574,0.019999999999999574,0.0,0.09335954815477766,0.009999999999999787,0
2007-05-14,-0.0017946166331972435,1.0100000000000016,0.020000000000000462,0.020000000000000462,-0.009999999999999787,-0.010000000000000009,0.09400020040646999,0.0,0
2007-05-15,-0.0013047792713649642,0.049999999999998934,0.019999999999999574,0.019999999999999574,0.03000000000000025,0.0,0.08856235934364934,0.0,0
2007-05-16,0.008589494098609762,-0.5099999999999998,-0.019999999999999574,0.0,-0.040000000000000036,-0.010000000000000009,0.09229789281458103,0.019999999999999574,0
2007-05-17,-0.0009184344972616998,0.009999999999999787,0.04999999999999982,0.04999999999999982,0.0,0.0,0.0926130822288948,0.0,0
2007-05-18,0.006588724214163122,-0.75,0.040000000000000036,0.04999999999999982,-0.009999999999999787,-0.010000000000000009,0.09390086583184051,0.009999999999999787,0
2007-05-21,0.0015420709455442605,0.5400000000000009,-0.010000000000000675,-0.019999999999999574,0.0,0.0,0.08978582051520734,-0.009999999999998899,0
2007-05-22,-0.0006427873579095689,-0.2400000000000002,0.020000000000000462,0.040000000000000036,-0.009999999999999787,0.0,0.08912866683169723,0.019999999999999574,0
2007-05-23,-0.0012079833401701379,0.17999999999999972,0.019999999999999574,0.03000000000000025,0.019999999999999574,0.0,0.08938605656837117,0.010000000000000675,0
2007-05-24,-0.009749927885548182,0.8399999999999999,0.0,0.0,-0.009999999999999787,0.0,0.09128619587787516,0.0,0
2007-05-25,0.005437887998219537,-0.7400000000000002,0.0,0.0,0.04999999999999982,-0.009999999999999787,0.09281549463401526,0.0,0
2007-05-29,0.001568969021588984,0.1899999999999995,0.03000000000000025,0.019999999999999574,0.0,0.0,0.09281649685752637,-0.010000000000000675,0
2007-05-30,0.007951910787607375,-0.6999999999999993,0.009999999999999787,0.0,-0.040000000000000036,-0.010000000000000009,0.09044286207194475,-0.009999999999999787,0
2007-05-31,0.00025483117572555614,0.22000000000000064,0.03000000000000025,0.020000000000000462,0.03000000000000025,-0.010000000000000009,0.09044450359904889,-0.009999999999999787,0
2007-06-01,0.0037300823174133413,-0.27000000000000135,0.04999999999999982,0.04999999999999982,-0.04999999999999982,0.0,0.08900889742106938,0.0,0
2007-06-04,0.0018468426849640451,0.5099999999999998,0.0,-0.020000000000000462,0.009999999999999787,-0.020000000000000018,0.08835274399477212,-0.020000000000000462,0
2007-06-05,-0.0053613493328494854,0.34000000000000163,0.020000000000000462,0.05000000000000071,-0.04999999999999982,-0.010000000000000009,0.09107377223340483,0.03000000000000025,0
2007-06-06,-0.008903294354294822,1.2399999999999984,-0.020000000000000462,-0.010000000000000675,0.05999999999999961,0.030000000000000027,0.09675366290060344,0.009999999999999787,0
2007-06-07,-0.01772593867476946,2.1899999999999995,0.0600000000000005,0.14000000000000057,0.0,0.0,0.11507542849729775,0.08000000000000007,0
2007-06-08,0.01130618802712835,-2.219999999999999,-0.020000000000000462,0.009999999999999787,0.009999999999999787,0.020000000000000018,0.12162778671091959,0.03000000000000025,0
2007-06-11,0.0009612867396526781,-0.129999999999999,0.0,0.019999999999999574,0.009999999999999787,-0.010000000000000009,0.11063166569023783,0.019999999999999574,0
2007-06-12,-0.010739180929705938,1.9600000000000009,0.07000000000000028,0.1200000000000001,-0.009999999999999787,-0.010000000000000009,0.11212232744204836,0.04999999999999982,0
2007-06-13,0.01507006686754675,-1.9400000000000013,0.0,-0.05999999999999961,0.0,-0.020000000000000018,0.12407727121049925,-0.05999999999999961,0
2007-06-14,0.004804790329873576,-1.0899999999999999,0.019999999999999574,0.03000000000000025,0.020000000000000462,-0.010000000000000009,0.12482545290604452,0.010000000000000675,0
2007-06-15,0.006505513996923895,0.29999999999999893,-0.04999999999999982,-0.07000000000000028,-0.020000000000000462,0.030000000000000027,0.1233630525519294,-0.020000000000000462,0
2007-06-18,-0.0012141152159177437,-0.5199999999999996,-0.040000000000000036,-0.009999999999999787,-0.02999999999999936,0.0,0.12341274932539904,0.03000000000000025,0
2007-06-19,0.0017293421391171293,-0.5700000000000003,-0.0699999999999994,-0.0600000000000005,-0.020000000000000462,0.0,0.12156215148046783,0.009999999999998899,0
2007-06-20,-0.013694437625555445,1.8200000000000003,0.02999999999999936,0.04999999999999982,0.05999999999999961,-0.030000000000000027,0.13077493901722828,0.020000000000000462,0
2007-06-21,0.006161408341563757,-0.4599999999999991,0.010000000000000675,0.020000000000000462,-0.009999999999999787,0.030000000000000027,0.132715244365284,0.009999999999999787,0
2007-06-22,-0.012979767316438462,1.5399999999999991,-0.0600000000000005,-0.020000000000000462,-0.019999999999999574,0.0,0.14005956778752485,0.040000000000000036,0
2007-06-25,-0.003213014796247471,0.8999999999999986,-0.04999999999999982,-0.04999999999999982,0.04999999999999982,-0.010000000000000009,0.13647575085352912,0.0,0
2007-06-26,-0.003243466595241884,2.240000000000002,0.03000000000000025,0.009999999999999787,-0.040000000000000036,0.020000000000000018,0.13517632528061385,-0.020000000000000462,0
2007-06-27,0.008969028826473213,-3.360000000000001,0.009999999999999787,-0.009999999999999787,0.009999999999999787,-0.020000000000000018,0.13913009137830679,-0.019999999999999574,0
2007-06-28,-0.00041831975510842057,0.009999999999999787,0.04999999999999982,0.03000000000000025,0.0,0.010000000000000009,0.13580294203986643,-0.019999999999999574,0
2007-06-29,-0.0015685964945184594,0.6900000000000013,-0.08999999999999986,-0.08999999999999986,0.04999999999999982,-0.010000000000000009,0.13577659019911803,0.0,0
2007-07-02,0.010639313268578476,-0.8300000000000001,-0.009999999999999787,-0.03000000000000025,0.0,0.010000000000000009,0.14073604598438183,-0.020000000000000462,0
2007-07-03,0.0035738959959950023,-0.4800000000000004,0.02999999999999936,0.04999999999999982,-0.0699999999999994,0.0,0.1412293964432965,0.020000000000000462,0
2007-07-05,0.0003475102239036687,0.5600000000000005,0.10000000000000053,0.11000000000000032,0.009999999999999787,-0.020000000000000018,0.14010540131904417,0.009999999999999787,0
2007-07-06,0.0032986050119987453,-0.7599999999999998,0.0,0.03000000000000025,-0.03000000000000025,0.010000000000000009,0.1368637363660744,0.03000000000000025,0
2007-07-09,0.0009208795376283163,0.4399999999999995,-0.020000000000000462,-0.03000000000000025,0.0,-0.010000000000000009,0.11992892277761558,-0.009999999999999787,0
2007-07-10,-0.014287037429708604,2.41,-0.1200000000000001,-0.1299999999999999,0.020000000000000462,0.020000000000000018,0.12564660677429404,-0.009999999999999787,0
2007-07-11,0.0057050945792651575,-0.9299999999999997,0.040000000000000036,0.05999999999999961,0.0,-0.010000000000000009,0.12713295133376254,0.019999999999999574,0
2007-07-12,0.018875745489392415,-1.1000000000000014,0.05000000000000071,0.040000000000000036,0.019999999999999574,0.0,0.1358175845268528,-0.010000000000000675,0
2007-07-13,0.003096576888919955,-0.3899999999999988,0.0,-0.019999999999999574,-0.009999999999999787,0.0,0.12703019972585464,-0.019999999999999574,0
2007-07-16,-0.0019213292736504073,0.4399999999999995,-0.05000000000000071,-0.0600000000000005,0.07000000000000028,-0.010000000000000009,0.12672387683507616,-0.009999999999999787,0
2007-07-17,-9.68088574406778e-05,0.040000000000000924,0.020000000000000462,0.03000000000000025,-0.040000000000000036,0.010000000000000009,0.12504630845131592,0.009999999999999787,0
2007-07-18,-0.002067491384296183,0.3699999999999992,-0.07000000000000028,-0.0600000000000005,-0.020000000000000462,-0.010000000000000009,0.12522925097675777,0.009999999999999787,0
2007-07-19,0.004459150729938521,-0.7699999999999996,0.03000000000000025,0.020000000000000462,-0.009999999999999787,0.010000000000000009,0.125930773112045,-0.009999999999999787,0
2007-07-20,-0.012296166171457124,1.7199999999999989,-0.08000000000000007,-0.08000000000000007,0.0,0.020000000000000018,0.12400971221212832,0.0,0
2007-07-23,0.0048574877590885635,-0.14000000000000057,0.009999999999999787,0.009999999999999787,0.009999999999999787,0.0,0.12336203037091065,0.0,0
2007-07-24,-0.020003222152722877,1.740000000000002,-0.03000000000000025,-0.02999999999999936,-0.009999999999999787,0.039999999999999813,0.1349595023339262,8.881784197001252e-16,0
2007-07-25,0.004654810278535315,-0.4499999999999993,-0.02999999999999936,-0.020000000000000462,0.07000000000000028,0.0,0.13515444088362352,0.009999999999998899,1
2007-07-26,-0.023615193886306507,2.639999999999997,-0.1800000000000006,-0.1299999999999999,-0.040000000000000036,0.18000000000000016,0.1588767336317631,0.05000000000000071,1
2007-07-27,-0.016120772961746077,3.4300000000000033,0.0,0.009999999999999787,-0.03000000000000025,0.040000000000000036,0.164067017502788,0.009999999999999787,1
2007-07-30,0.010201734652928174,-3.3000000000000007,0.03000000000000025,0.020000000000000462,0.040000000000000036,0.009999999999999787,0.16901726254039812,-0.009999999999999787,1
2007-07-31,-0.012727283140030465,2.6499999999999986,-0.03000000000000025,-0.040000000000000036,-0.009999999999999787,-0.029999999999999805,0.1738283308340726,-0.009999999999999787,1
2007-08-01,0.007216540281130612,0.15000000000000213,0.0,-0.020000000000000462,0.019999999999999574,0.010000000000000009,0.17118903126186008,-0.020000000000000462,1
2007-08-02,0.004349889943000562,-2.450000000000003,0.03000000000000025,0.009999999999999787,-0.05999999999999961,-0.030000000000000027,0.17151167116527877,-0.020000000000000462,1
2007-08-03,-0.026945862470593163,3.9400000000000013,-0.1299999999999999,-0.05999999999999961,0.0,0.030000000000000027,0.19226310146978992,0.07000000000000028,1
2007-08-06,0.023864091109794927,-2.219999999999999,0.0,0.009999999999999787,0.019999999999999574,0.029999999999999805,0.21281663290349873,0.009999999999999787,1
2007-08-07,0.006140531049157794,-1.3800000000000026,0.09999999999999964,0.04999999999999982,0.0,-0.05999999999999983,0.21447913199086194,-0.04999999999999982,1
2007-08-08,0.013973732858016064,-0.10999999999999943,0.08000000000000007,0.07000000000000028,0.009999999999999787,0.040000000000000036,0.2159948227511874,-0.009999999999999787,1
2007-08-09,-0.03009804970683838,5.030000000000001,-0.14999999999999947,-0.04999999999999982,0.14000000000000057,0.039999999999999813,0.23775605819607423,0.09999999999999964,1
2007-08-10,0.0003784321258351042,1.8200000000000003,-0.020000000000000462,0.019999999999999574,-0.7300000000000004,-0.030000000000000027,0.22550835106747563,0.040000000000000036,1
2007-08-13,-0.0004954310351257263,-1.7300000000000004,-0.009999999999999787,-0.02999999999999936,0.1299999999999999,0.030000000000000027,0.22462922697317997,-0.019999999999999574,1
2007-08-14,-0.018323392635474,1.1099999999999994,-0.07000000000000028,-0.04999999999999982,-0.2699999999999996,0.040000000000000036,0.23059920535167633,0.020000000000000462,1
2007-08-15,-0.014005396155727823,2.990000000000002,-0.1200000000000001,-0.040000000000000036,0.16999999999999993,0.07999999999999985,0.2327039628678176,0.08000000000000007,1
2007-08-16,0.0032434724332830456,0.1599999999999966,-0.1899999999999995,-0.09000000000000075,0.2599999999999998,0.03000000000000025,0.23415499949243754,0.09999999999999876,1
2007-08-17,0.02426962088495266,-0.8399999999999999,0.09999999999999964,0.08000000000000007,-0.05999999999999961,0.009999999999999787,0.25285243446929206,-0.019999999999999574,1
2007-08-20,-0.0002697571164800294,-3.66,-0.0699999999999994,-0.040000000000000036,0.1200000000000001,0.010000000000000231,0.25094821650935145,0.02999999999999936,1
2007-08-21,0.0010855024279736725,-1.0799999999999983,-0.0600000000000005,-0.040000000000000036,-0.14000000000000057,0.009999999999999787,0.24982975491407441,0.020000000000000462,1
2007-08-22,0.011644854192464749,-2.3599999999999994,0.10000000000000053,0.03000000000000025,-0.1200000000000001,-0.020000000000000018,0.24674296886121064,-0.07000000000000028,1
2007-08-23,-0.0010729284798323135,-0.2699999999999996,0.04999999999999982,-0.009999999999999787,0.11000000000000032,-0.029999999999999805,0.2457373836039096,-0.05999999999999961,1
2007-08-24,0.011469021350863251,-1.9000000000000021,0.09999999999999964,0.009999999999999787,0.23000000000000043,-0.03000000000000025,0.23632515285260763,-0.08999999999999986,1
2007-08-27,-0.008539981844983835,2.0,-0.019999999999999574,-0.03000000000000025,0.15999999999999925,-0.009999999999999787,0.2312569135526015,-0.010000000000000675,1
2007-08-28,-0.023752906038097876,3.580000000000002,-0.15000000000000036,-0.0699999999999994,0.03000000000000025,0.06999999999999984,0.2424952697160715,0.08000000000000096,1
2007-08-29,0.021685034082516985,-2.490000000000002,0.009999999999999787,0.040000000000000036,-0.2999999999999998,-0.020000000000000018,0.2513131626348891,0.03000000000000025,1
2007-08-30,-0.004189778156130863,1.25,-0.05999999999999961,-0.0600000000000005,0.0,0.020000000000000018,0.2504493143844219,-8.881784197001252e-16,1
2007-08-31,0.011154319965573478,-1.6799999999999997,0.07000000000000028,0.03000000000000025,-0.040000000000000036,-0.020000000000000018,0.2531244426142004,-0.040000000000000036,1
2007-09-04,0.010413772946765931,-0.5999999999999979,-0.020000000000000462,0.019999999999999574,0.2599999999999998,-0.009999999999999787,0.23536755969993842,0.040000000000000036,1
2007-09-05,-0.011567770658224674,1.7999999999999972,-0.09999999999999964,-0.07999999999999918,-0.040000000000000036,0.020000000000000018,0.22537786423290102,0.020000000000000462,1
2007-09-06,0.004242866025263581,-0.5899999999999999,0.04999999999999982,0.02999999999999936,-0.1999999999999993,0.0,0.22483750794485216,-0.020000000000000462,1
2007-09-07,-0.017053037647482228,2.240000000000002,-0.18000000000000016,-0.1299999999999999,-0.1200000000000001,0.040000000000000036,0.22632827187210716,0.050000000000000266,1
2007-09-10,-0.0012735566646933094,1.1499999999999986,-0.029999999999999805,-0.040000000000000036,0.20999999999999996,0.029999999999999805,0.20090368521930563,-0.010000000000000231,1
2007-09-11,0.013540209396441405,-2.1099999999999994,0.08000000000000007,0.03000000000000025,-0.010000000000000675,-0.020000000000000018,0.20635336700465942,-0.04999999999999982,1
2007-09-12,4.756969811126055e-05,-0.3099999999999987,0.0,0.040000000000000036,0.1200000000000001,0.020000000000000018,0.20632624255024423,0.040000000000000036,1
2007-09-13,0.008384388875406046,-0.1999999999999993,0.1299999999999999,0.08000000000000007,-0.08999999999999986,-0.009999999999999787,0.1959319379590494,-0.04999999999999982,1
2007-09-14,0.00020214271344354273,0.16000000000000014,-0.03000000000000025,-0.020000000000000462,0.16000000000000014,0.0,0.18741543039425254,0.009999999999999787,1
2007-09-17,-0.00513358552512333,1.5599999999999987,0.03000000000000025,0.010000000000000675,0.08000000000000007,-0.020000000000000018,0.18926539024716457,-0.019999999999999574,1
2007-09-18,0.028789578897168155,-6.129999999999999,-0.08000000000000007,0.019999999999999574,-0.41000000000000014,0.009999999999999787,0.19643141404522546,0.09999999999999964,1
2007-09-19,0.006067959880852847,-0.3200000000000003,0.0,0.03000000000000025,-0.17999999999999972,0.0,0.196584409315697,0.03000000000000025,1
2007-09-20,-0.006745919314823823,0.41999999999999815,0.09999999999999964,0.16000000000000014,0.02999999999999936,-0.06999999999999984,0.1992355386381936,0.0600000000000005,0
2007-09-21,0.004598464335745511,-1.4499999999999993,-0.040000000000000036,-0.05000000000000071,-0.009999999999999787,-0.010000000000000231,0.19654863557849447,-0.010000000000000675,0
2007-09-24,-0.005270294901641215,0.370000000000001,-0.009999999999999787,-0.009999999999999787,-0.019999999999999574,-0.009999999999999787,0.1978992618782561,0.0,0
2007-09-25,-0.00034267564109224935,-0.7699999999999996,-0.04999999999999982,0.0,0.08000000000000007,0.0,0.19480737529024514,0.04999999999999982,0
2007-09-26,0.0053966600773804885,-0.9700000000000024,-0.029999999999999805,0.0,0.05999999999999961,0.009999999999999787,0.1919870018653927,0.029999999999999805,0
2007-09-27,0.0038995076893417746,-0.629999999999999,-0.020000000000000018,-0.04999999999999982,0.04999999999999982,-0.020000000000000018,0.16787594855432145,-0.029999999999999805,0
2007-09-28,-0.003027996545348799,1.0,0.020000000000000018,0.009999999999999787,-0.34999999999999964,-0.009999999999999787,0.15488300021153928,-0.010000000000000231,0
2007-10-01,0.013202134631993268,-0.16000000000000014,0.04999999999999938,-0.03000000000000025,0.33999999999999986,-0.010000000000000009,0.15780647246000998,-0.07999999999999963,0
2007-10-02,-0.00026505736061022134,0.6499999999999986,-0.03999999999999959,-0.019999999999999574,-0.13999999999999968,0.010000000000000009,0.15515647468786353,0.020000000000000018,0
2007-10-03,-0.004562223179686242,0.3100000000000023,0.03999999999999959,0.009999999999999787,-0.10000000000000053,-0.010000000000000009,0.15394577320668387,-0.029999999999999805,0
2007-10-04,0.002108726689217022,-0.35999999999999943,-0.019999999999999574,-0.009999999999999787,0.0600000000000005,-0.020000000000000018,0.14633298229051245,0.009999999999999787,0
2007-10-05,0.009514881019684118,-1.5300000000000011,0.08000000000000007,0.11000000000000032,0.02999999999999936,-0.030000000000000027,0.14837264905013745,0.03000000000000025,0
2007-10-08,-0.003221691633162216,0.5500000000000007,0.0,0.0,0.0,0.0,0.13229479623490273,0.0,0
2007-10-09,0.008063602755945531,-1.3399999999999999,0.07000000000000028,0.019999999999999574,0.14000000000000057,-0.040000000000000036,0.13232518442968608,-0.05000000000000071,0
2007-10-10,-0.001713763600391438,0.5500000000000007,0.0,-0.019999999999999574,-0.39000000000000057,0.010000000000000009,0.1283536839186508,-0.019999999999999574,0
2007-10-11,-0.005171850033208081,2.2099999999999973,-0.020000000000000462,0.009999999999999787,0.23000000000000043,-0.010000000000000009,0.13103843005065696,0.03000000000000025,0
2007-10-12,0.004742949835549126,-1.1499999999999986,0.10000000000000053,0.040000000000000036,0.0,-0.029999999999999805,0.12961538034165618,-0.0600000000000005,0
2007-10-15,-0.008416675898817338,1.5199999999999996,-0.010000000000000675,-0.009999999999999787,0.05999999999999961,0.009999999999999787,0.13482018867930928,8.881784197001252e-16,1
2007-10-16,-0.006594911245262125,0.7699999999999996,-0.09999999999999964,-0.03000000000000025,-0.1299999999999999,0.040000000000000036,0.13588857667527163,0.0699999999999994,0
2007-10-17,0.0017598721329452616,-1.4800000000000004,-0.1200000000000001,-0.08999999999999986,0.020000000000000462,-0.010000000000000009,0.09462828941215255,0.03000000000000025,0
2007-10-18,-0.0007529241070711734,-0.03999999999999915,-0.06999999999999984,-0.05000000000000071,-0.009999999999999787,0.030000000000000027,0.09265298749669257,0.01999999999999913,1
2007-10-19,-0.02594934319537945,4.460000000000001,-0.13000000000000034,-0.10999999999999943,0.07999999999999918,0.030000000000000027,0.12821972542373258,0.020000000000000906,1
2007-10-22,0.0037912089467759813,-1.3200000000000003,0.050000000000000266,0.009999999999999787,-0.05999999999999961,-0.010000000000000009,0.12783952876091964,-0.04000000000000048,1
2007-10-23,0.008764332750925696,-1.2300000000000004,-0.040000000000000036,-0.009999999999999787,-0.040000000000000036,0.020000000000000018,0.13060770805363375,0.03000000000000025,1
2007-10-24,-0.0024444332161737137,0.39000000000000057,-0.06999999999999984,-0.04999999999999982,0.07000000000000028,0.0,0.13089163679493254,0.020000000000000018,1
2007-10-25,-0.0009768075014049415,0.370000000000001,0.0,0.009999999999999787,0.1200000000000001,0.010000000000000009,0.1294086597743965,0.009999999999999787,0
2007-10-26,0.013693453914878972,-1.610000000000003,0.029999999999999805,0.040000000000000036,-0.0600000000000005,-0.010000000000000009,0.13764191983791585,0.010000000000000231,0
2007-10-29,0.0037058028405674293,0.3100000000000023,0.020000000000000018,-0.020000000000000462,0.040000000000000036,0.0,0.13767733273101554,-0.04000000000000048,1
2007-10-30,-0.0064843977209179116,1.1999999999999993,0.029999999999999805,0.010000000000000675,-0.05999999999999961,0.010000000000000009,0.1314356899082635,-0.01999999999999913,0
2007-10-31,0.01192067096231142,-2.539999999999999,0.1200000000000001,0.08000000000000007,-0.1800000000000006,0.0,0.1383042424862334,-0.040000000000000036,1
2007-11-01,-0.02677884669440811,4.68,-0.16999999999999993,-0.1200000000000001,-0.009999999999999787,0.019999999999999796,0.16629060707483295,0.04999999999999982,1
2007-11-02,0.0008018316649467394,-0.1999999999999993,-0.10999999999999988,-0.05000000000000071,-0.3099999999999996,0.03000000000000025,0.1660468538209321,0.059999999999999165,1
2007-11-05,-0.004967106519623066,1.2999999999999972,0.029999999999999805,0.040000000000000036,0.009999999999999787,-0.020000000000000018,0.16198131445854622,0.010000000000000231,1
2007-11-06,0.01197722130178036,-2.919999999999998,0.010000000000000231,0.03000000000000025,-0.07000000000000028,0.009999999999999787,0.16863229626856802,0.020000000000000018,1
2007-11-07,-0.029809710205360496,5.099999999999998,-0.0900000000000003,-0.040000000000000036,0.16999999999999993,0.07000000000000028,0.19234803476206916,0.050000000000000266,1
2007-11-08,-0.0005761950274481009,-0.3299999999999983,-0.13999999999999968,-0.05999999999999961,0.1900000000000004,0.06000000000000005,0.19246967358994,0.08000000000000007,1
2007-11-09,-0.014390014979561272,2.34,-0.050000000000000266,-0.04999999999999982,-0.08999999999999986,0.020000000000000018,0.1965367267309584,4.440892098500626e-16,1
2007-11-12,-0.01003852350174217,2.59,0.0,0.0,0.0,0.0,0.19568782573308807,0.0,1
2007-11-13,0.028677788739688737,-6.989999999999998,0.1200000000000001,0.02999999999999936,0.1200000000000001,0.0,0.22489470640917705,-0.09000000000000075,1
2007-11-14,-0.007094414891783529,1.8399999999999999,0.029999999999999805,0.020000000000000462,-0.010000000000000675,-0.020000000000000018,0.2250263548968544,-0.009999999999999343,1
2007-11-15,-0.01330053525589392,2.1199999999999974,-0.21999999999999975,-0.11000000000000032,-0.05999999999999961,0.06000000000000005,0.22775951397980818,0.10999999999999943,1
2007-11-16,0.005216703870488004,-2.5700000000000003,-0.020000000000000018,-0.019999999999999574,-0.03000000000000025,0.03999999999999959,0.2293910099120389,4.440892098500626e-16,1
2007-11-19,-0.017614502402235388,0.5200000000000031,-0.1499999999999999,-0.08000000000000007,0.0,0.040000000000000036,0.22033209875085194,0.06999999999999984,1
2007-11-20,0.004476211541509123,-1.1300000000000026,-0.040000000000000036,-0.010000000000000675,0.0,0.050000000000000266,0.2205789207587451,0.02999999999999936,1
2007-11-21,-0.01605512576556478,1.9600000000000009,-0.1499999999999999,-0.05999999999999961,-0.009999999999999787,0.06000000000000005,0.22185136680534256,0.0900000000000003,1
2007-11-23,0.016749473800682146,-1.2300000000000004,0.07999999999999963,0.009999999999999787,0.05999999999999961,-0.040000000000000036,0.23253011429817796,-0.06999999999999984,1
2007-11-26,-0.023512979624269903,3.3000000000000007,-0.1499999999999999,-0.17999999999999972,0.0600000000000005,0.029999999999999805,0.2436060865448966,-0.029999999999999805,1
2007-11-27,0.014819788412660628,-2.629999999999999,0.1299999999999999,0.1200000000000001,-0.23000000000000043,0.010000000000000231,0.2446365278007463,-0.009999999999999787,1
2007-11-28,0.028159596429260247,-2.1700000000000017,0.1200000000000001,0.08000000000000007,0.14000000000000057,-0.010000000000000231,0.2672591751444337,-0.040000000000000036,1
2007-11-29,0.0004763946543340225,-0.14000000000000057,-0.10999999999999988,-0.0900000000000003,0.019999999999999574,0.06000000000000005,0.2669661420833645,0.019999999999999574,1
2007-11-30,0.0077401550831242005,-1.0999999999999979,-0.020000000000000018,0.03000000000000025,0.11000000000000032,0.010000000000000231,0.2646125853926522,0.050000000000000266,1
2007-12-03,-0.005904755844505338,0.7399999999999984,-0.14000000000000012,-0.08000000000000007,-0.14000000000000057,0.04999999999999982,0.24958050068505272,0.06000000000000005,1
2007-12-04,-0.006561734630711413,0.17999999999999972,0.0,0.0,-0.019999999999999574,0.009999999999999787,0.25015743216022984,0.0,1
2007-12-05,0.015075935173540778,-1.259999999999998,0.0,0.029999999999999805,-0.1900000000000004,0.050000000000000266,0.2562206409435393,0.029999999999999805,1
2007-12-06,0.014925001760924594,-1.5700000000000003,0.1299999999999999,0.09999999999999964,0.1800000000000006,0.009999999999999787,0.2582317713344372,-0.03000000000000025,1
2007-12-07,-0.001779548942397291,-0.10999999999999943,0.0900000000000003,0.10000000000000053,-0.08000000000000007,0.020000000000000018,0.2352505894289126,0.010000000000000231,1
2007-12-10,0.007481942590558788,-0.11000000000000298,0.04999999999999982,0.03000000000000025,0.04999999999999982,-0.020000000000000018,0.23625534151614627,-0.019999999999999574,1
2007-12-11,-0.02559591366014846,2.8500000000000014,-0.22999999999999998,-0.17000000000000037,-0.16999999999999993,0.040000000000000036,0.24851047054457587,0.05999999999999961,1
2007-12-12,0.006031918539722625,-1.120000000000001,0.1299999999999999,0.06999999999999984,-0.009999999999999787,0.0,0.2459188547286155,-0.06000000000000005,1
2007-12-13,0.0012235295644025257,0.08999999999999986,0.14000000000000012,0.1299999999999999,0.019999999999999574,-0.04999999999999982,0.22527331139255016,-0.010000000000000231,1
2007-12-14,-0.013841566425019103,0.7100000000000009,0.10000000000000009,0.0600000000000005,-0.05999999999999961,-0.03000000000000025,0.22921766967406787,-0.03999999999999959,1
2007-12-17,-0.015134904614823697,1.25,-0.06999999999999984,-0.040000000000000036,0.0699999999999994,0.0,0.23063393234605278,0.029999999999999805,1
2007-12-18,0.0062601897725720335,-1.879999999999999,-0.050000000000000266,-0.0600000000000005,-0.14999999999999947,-0.029999999999999805,0.23096924714399514,-0.010000000000000231,1
2007-12-19,-0.0013617702363699635,-0.9600000000000009,-0.06999999999999984,-0.08000000000000007,-0.18000000000000016,0.020000000000000018,0.22215443539182905,-0.010000000000000231,1
2007-12-20,0.0048882395353624375,-1.1000000000000014,-0.03000000000000025,-0.019999999999999574,0.3900000000000001,-0.03000000000000025,0.22224839151213863,0.010000000000000675,0
2007-12-21,0.016532445635784043,-2.1099999999999994,0.10000000000000009,0.13999999999999968,-0.08999999999999986,-0.009999999999999787,0.22000549092077737,0.03999999999999959,0
2007-12-24,0.008044566700138311,0.13000000000000256,0.050000000000000266,0.05000000000000071,-0.28000000000000025,-0.009999999999999787,0.21476736180445524,4.440892098500626e-16,0
2007-12-26,0.0008082535817797165,0.05999999999999872,0.06999999999999984,0.0699999999999994,0.2599999999999998,0.0,0.19417576436685932,-4.440892098500626e-16,1
2007-12-27,-0.014385253762733363,1.6000000000000014,-0.06999999999999984,-0.08999999999999986,-0.10999999999999943,0.029999999999999805,0.1980290515977274,-0.020000000000000018,1
2007-12-28,0.0015026603972758679,0.4799999999999969,-0.1200000000000001,-0.09999999999999964,-0.14000000000000057,-0.010000000000000231,0.17287142383948373,0.020000000000000462,1
2007-12-31,-0.006875164940154832,1.7600000000000016,-0.07000000000000028,-0.07000000000000028,-0.9499999999999997,0.010000000000000231,0.17464680137189084,0.0,1
2008-01-02,-0.014543116598507488,0.6700000000000017,-0.16999999999999993,-0.1299999999999999,1.0500000000000003,0.020000000000000018,0.17913370923368707,0.040000000000000036,1
2008-01-03,0.0,-0.6800000000000033,-0.04999999999999982,0.0,0.13999999999999968,0.029999999999999805,0.17830621194393378,0.04999999999999982,1
2008-01-04,-0.024857950064486545,1.4500000000000028,-0.08999999999999986,-0.03000000000000025,-0.07000000000000028,0.020000000000000018,0.19610095185196547,0.05999999999999961,1
2008-01-07,0.003218040764101815,-0.15000000000000213,0.019999999999999574,-0.020000000000000018,0.08999999999999986,0.010000000000000231,0.18743358245310657,-0.03999999999999959,1
2008-01-08,-0.018522677387938558,1.6400000000000006,0.0,0.0,0.0,0.029999999999999805,0.18458455679753208,0.0,1
2008-01-09,0.01353206422874731,-1.3099999999999987,-0.06999999999999984,-0.040000000000000036,-0.009999999999999787,0.040000000000000036,0.19412553674433003,0.029999999999999805,1
2008-01-10,0.007916746302464972,-0.6700000000000017,0.020000000000000018,0.0900000000000003,0.0,0.06000000000000005,0.19443044405131618,0.07000000000000028,1
2008-01-11,-0.01368869620951596,0.23000000000000043,-0.1200000000000001,-0.0900000000000003,-0.02999999999999936,0.040000000000000036,0.18098415914916904,0.029999999999999805,1
2008-01-14,0.010811990589616016,-0.7800000000000011,-0.009999999999999787,-0.009999999999999787,0.009999999999999787,-0.010000000000000231,0.18455759884123193,0.0,1
2008-01-15,-0.02524086523644531,0.4400000000000013,-0.050000000000000266,-0.08999999999999986,0.0,0.020000000000000018,0.20027618915303563,-0.03999999999999959,1
2008-01-16,-0.005627885522233811,1.0399999999999991,-0.020000000000000018,0.020000000000000018,-0.020000000000000462,-0.009999999999999787,0.19696126863447116,0.040000000000000036,1
2008-01-17,-0.02952421210282541,4.080000000000002,-0.06999999999999984,-0.08000000000000007,0.010000000000000675,0.040000000000000036,0.2135751030180729,-0.010000000000000231,1
2008-01-18,-0.006063725114230145,-1.2800000000000011,-0.08000000000000007,0.0,-0.0600000000000005,0.06000000000000005,0.2104593626172069,0.08000000000000007,1
2008-01-22,-0.01114710160302046,3.830000000000002,-0.2799999999999998,-0.14000000000000012,-0.48999999999999977,0.10999999999999988,0.21137835493032098,0.13999999999999968,1
2008-01-23,0.02121554790308089,-1.990000000000002,0.009999999999999787,-0.010000000000000231,-0.25,-0.029999999999999805,0.22784520184251325,-0.020000000000000018,1
2008-01-24,0.01001245974400966,-1.2399999999999984,0.16000000000000014,0.17000000000000037,0.040000000000000036,0.0,0.2214212224225645,0.010000000000000231,1
2008-01-25,-0.01599926772442206,1.2999999999999972,-0.020000000000000018,-0.07000000000000028,0.1299999999999999,0.0,0.21998896143192367,-0.050000000000000266,1
2008-01-28,0.017396148252225352,-1.2999999999999972,-0.029999999999999805,0.0,-0.10000000000000009,0.020000000000000018,0.2331801114663864,0.029999999999999805,1
2008-01-29,0.00614081583366044,-0.46000000000000085,0.08999999999999986,0.08000000000000007,-0.029999999999999805,-0.03000000000000025,0.23339342356675033,-0.009999999999999787,1
2008-01-30,-0.004775386083218258,0.3000000000000007,0.009999999999999787,0.08999999999999986,-0.2100000000000004,0.0,0.23259931226466377,0.08000000000000007,1
2008-01-31,0.016633160426660076,-1.4200000000000017,-0.1299999999999999,-0.10999999999999988,-0.03999999999999959,0.020000000000000018,0.24311485710058778,0.020000000000000018,1
2008-02-01,0.012163223094762365,-2.1799999999999997,-0.08000000000000007,-0.04999999999999982,-0.10000000000000009,0.020000000000000018,0.24474213476117582,0.03000000000000025,1
2008-02-04,-0.010517919629059236,1.9699999999999989,-0.009999999999999787,0.06000000000000005,-0.30000000000000027,0.0,0.24650905430492198,0.06999999999999984,1
2008-02-05,-0.0325185232723495,2.25,-0.15000000000000013,-0.07000000000000028,-0.10999999999999988,0.029999999999999805,0.2565897385812441,0.07999999999999985,1
2008-02-06,-0.007652801618957206,0.7300000000000004,0.030000000000000027,0.0,0.22999999999999998,0.040000000000000036,0.2562474464697856,-0.030000000000000027,1
2008-02-07,0.007854780262272598,-1.3099999999999987,0.030000000000000027,0.13000000000000034,0.08999999999999986,0.010000000000000231,0.2525305060621365,0.10000000000000031,1
2008-02-08,-0.004212583997434294,0.3500000000000014,-0.06000000000000005,-0.10000000000000009,0.020000000000000018,0.029999999999999805,0.24630655368920967,-0.040000000000000036,1
2008-02-11,0.0058717524024469725,-0.41000000000000014,0.0,-0.020000000000000018,-0.16999999999999993,0.0,0.24529507962649283,-0.020000000000000018,1
2008-02-12,0.007239641886833681,-1.2700000000000031,0.010000000000000009,0.040000000000000036,0.03000000000000025,0.020000000000000018,0.24430456581024676,0.030000000000000027,1
2008-02-13,0.01351237574950126,-1.4499999999999993,-0.030000000000000027,0.040000000000000036,0.10999999999999988,0.0,0.24623347495391715,0.07000000000000006,1
2008-02-14,-0.01351237574950126,0.6600000000000001,0.020000000000000018,0.1499999999999999,0.009999999999999787,-0.009999999999999787,0.23519663111197286,0.1299999999999999,1
2008-02-15,0.0008373937536605425,-0.5199999999999996,-0.020000000000000018,-0.0900000000000003,-0.05999999999999961,0.040000000000000036,0.234700964801772,-0.07000000000000028,1
2008-02-19,-0.0008967048552328549,0.5700000000000003,0.15000000000000013,0.13000000000000034,-0.03000000000000025,-0.07000000000000028,0.21025080030887142,-0.019999999999999796,1
2008-02-20,0.008306278167934167,-1.1900000000000013,0.08000000000000007,0.040000000000000036,0.06000000000000005,-0.040000000000000036,0.21044676480254032,-0.040000000000000036,1
2008-02-21,-0.012950864808275675,0.7200000000000024,-0.16000000000000014,-0.16000000000000014,0.009999999999999787,0.07000000000000028,0.21187199993821504,0.0,1
2008-02-22,0.007849753177005425,-1.0600000000000023,0.0,0.020000000000000018,-0.03999999999999959,0.020000000000000018,0.20068630747807725,0.020000000000000018,1
2008-02-25,0.013718099386156979,-1.0299999999999976,0.1499999999999999,0.1200000000000001,0.029999999999999805,-0.040000000000000036,0.20328998430408954,-0.029999999999999805,1
2008-02-26,0.006894099057547898,-1.1300000000000026,-0.08999999999999986,-0.03000000000000025,-0.1499999999999999,0.020000000000000018,0.19490490579711037,0.05999999999999961,1
2008-02-27,-0.0009198533229142214,0.7900000000000027,-0.03000000000000025,-0.029999999999999805,0.08000000000000007,0.009999999999999787,0.18656312935155253,4.440892098500626e-16,1
2008-02-28,-0.008982118109126525,0.8399999999999999,-0.13999999999999968,-0.14000000000000012,0.1299999999999999,0.06000000000000005,0.1885628739600989,-4.440892098500626e-16,1
2008-02-29,-0.027463359417352784,3.009999999999998,-0.2200000000000002,-0.18000000000000016,-0.050000000000000266,0.050000000000000266,0.21111716929922394,0.040000000000000036,1
2008-03-03,0.0005334395330045538,-0.259999999999998,-0.039999999999999813,0.010000000000000231,0.0900000000000003,0.0,0.2014209657670363,0.050000000000000044,1
2008-03-04,-0.0034536110983758306,-0.7600000000000016,0.039999999999999813,0.08999999999999986,-0.20000000000000018,-0.03000000000000025,0.195082647444633,0.050000000000000044,1
2008-03-05,0.005224691920344249,-0.9199999999999982,0.010000000000000009,0.07000000000000028,0.03000000000000025,0.06999999999999984,0.1944528179244705,0.06000000000000005,1
2008-03-06,-0.022259868931206128,2.9499999999999993,-0.1299999999999999,-0.08000000000000007,0.06000000000000005,0.0900000000000003,0.17633937273727052,0.04999999999999982,1
2008-03-07,-0.008445950634337507,-0.060000000000002274,0.0,-0.06000000000000005,-0.03000000000000025,0.040000000000000036,0.17672804080816348,-0.05999999999999961,1
2008-03-10,-0.015584285733367231,1.8900000000000006,-0.06000000000000005,-0.10000000000000009,0.03000000000000025,0.040000000000000036,0.18020986290645602,-0.04000000000000026,1
2008-03-11,0.036457110292372086,-3.0199999999999996,0.27,0.14000000000000012,-0.040000000000000036,-0.040000000000000036,0.22446147161559332,-0.1299999999999999,1
2008-03-12,-0.009036274796425658,0.8599999999999994,-0.1100000000000001,-0.10999999999999988,0.020000000000000018,0.0,0.22516766502456997,2.220446049250313e-16,1
2008-03-13,0.005113853194655071,0.07000000000000028,0.0,0.06999999999999984,0.009999999999999787,0.0,0.22429529443945695,0.06999999999999984,1
2008-03-14,-0.021002300610510893,3.870000000000001,-0.15999999999999992,-0.1200000000000001,0.010000000000000231,0.029999999999999805,0.22762475058817758,0.039999999999999813,1
2008-03-17,-0.008999023587571209,1.0800000000000018,-0.11999999999999988,-0.10000000000000009,-0.30000000000000027,0.08000000000000007,0.22548452091646945,0.019999999999999796,1
2008-03-18,0.041534884643215975,-6.450000000000003,0.22999999999999998,0.14000000000000012,-0.5299999999999998,-0.10999999999999988,0.2725187149619282,-0.08999999999999986,1
2008-03-19,-0.02458703780979654,4.050000000000001,-0.040000000000000036,-0.10000000000000009,-0.08000000000000007,0.04999999999999982,0.28483025333060336,-0.06000000000000005,1
2008-03-20,0.023662312624082027,-3.219999999999999,0.050000000000000044,-0.040000000000000036,0.14000000000000012,-0.020000000000000018,0.2964345864251246,-0.09000000000000008,1
2008-03-24,0.015205246313276355,-0.8900000000000006,0.25,0.2200000000000002,-0.14000000000000012,-0.08000000000000007,0.29826905950906124,-0.029999999999999805,1
2008-03-25,0.002301258567738884,-0.010000000000001563,-0.050000000000000044,-0.050000000000000266,0.33999999999999986,0.050000000000000266,0.29710712735115963,-2.220446049250313e-16,1
2008-03-26,-0.00880441599725934,0.35999999999999943,-0.08000000000000007,0.0,-0.1200000000000001,0.020000000000000018,0.29423029533801187,0.08000000000000007,1
2008-03-27,-0.011526662274177646,-0.1999999999999993,0.020000000000000018,0.050000000000000266,-0.029999999999999805,0.0,0.2948614566512549,0.03000000000000025,1
2008-03-28,-0.007981927890091889,-0.16999999999999815,-0.06000000000000005,-0.08999999999999986,-0.18000000000000016,0.06000000000000005,0.2955634102194482,-0.029999999999999805,1
2008-03-31,0.005671150033056627,-0.10000000000000142,-0.04999999999999982,-0.020000000000000018,0.41999999999999993,-0.020000000000000018,0.2957419016567156,0.029999999999999805,1
2008-04-01,0.035267016020985587,-2.9299999999999997,0.17999999999999994,0.11999999999999966,-0.1299999999999999,-0.020000000000000018,0.3062475248468873,-0.060000000000000275,1
2008-04-02,-0.0019359251547026446,0.75,0.07999999999999985,0.03000000000000025,-0.19999999999999973,-0.03000000000000025,0.30645442859310923,-0.0499999999999996,1
2008-04-03,0.0013007704147707244,-0.21999999999999886,0.030000000000000027,0.009999999999999787,0.009999999999999787,-0.020000000000000018,0.3059718476797412,-0.02000000000000024,1
2008-04-04,0.0007957046968547488,-0.7600000000000016,-0.07999999999999985,-0.10999999999999988,0.06999999999999984,0.020000000000000018,0.3056776809862982,-0.030000000000000027,1
2008-04-07,0.0015603698470973981,-0.029999999999997584,0.11999999999999988,0.06999999999999984,-0.019999999999999574,-0.029999999999999805,0.2934447469105582,-0.050000000000000044,1
2008-04-08,-0.005113083073130298,-0.060000000000002274,-0.07999999999999985,0.010000000000000231,-0.010000000000000231,0.0,0.2921128546329496,0.09000000000000008,1
2008-04-09,-0.008124955084060304,0.4499999999999993,-0.10000000000000009,-0.08999999999999986,-0.029999999999999805,0.009999999999999787,0.2873710533944392,0.010000000000000231,1
2008-04-10,0.004464030042589329,-0.8299999999999983,0.07000000000000006,0.05999999999999961,0.09999999999999964,-0.029999999999999805,0.2604671748697862,-0.010000000000000453,1
2008-04-11,-0.020584528579550287,1.4800000000000004,-0.08000000000000007,-0.05999999999999961,0.07000000000000028,0.029999999999999805,0.2692316401644485,0.020000000000000462,1
2008-04-14,-0.0033895152981822108,0.35999999999999943,0.020000000000000018,0.03999999999999959,-0.050000000000000266,0.010000000000000231,0.26915316507813714,0.019999999999999574,1
2008-04-15,0.004589248501480903,-1.0399999999999991,0.06000000000000005,0.07000000000000028,0.0,0.0,0.25779784187757443,0.010000000000000231,1
2008-04-16,0.022437717468858587,-2.25,0.1399999999999999,0.1200000000000001,0.03000000000000025,0.0,0.264306689936002,-0.019999999999999796,1
2008-04-17,0.0006226490621523695,-0.16000000000000014,0.1499999999999999,0.029999999999999805,0.020000000000000018,-0.050000000000000266,0.22449596317014797,-0.1200000000000001,1
2008-04-18,0.01797652812220285,-0.240000000000002,0.06000000000000005,0.020000000000000018,-0.050000000000000266,-0.08000000000000007,0.21082445281569445,-0.040000000000000036,1
2008-04-21,-0.0015547960663164773,0.370000000000001,0.010000000000000231,-0.020000000000000018,-0.040000000000000036,-0.03999999999999959,0.19776418306763083,-0.03000000000000025,1
2008-04-22,-0.00884919906163617,0.370000000000001,0.040000000000000036,-0.009999999999999787,-0.2899999999999998,-0.010000000000000231,0.19514958235709612,-0.04999999999999982,1
2008-04-23,0.002895639335616096,-0.6099999999999994,-0.020000000000000018,0.029999999999999805,0.19000000000000017,-0.029999999999999805,0.19521380489449358,0.04999999999999982,1
2008-04-24,0.00642169249702107,-0.20000000000000284,0.18999999999999995,0.10000000000000009,0.07999999999999963,-0.050000000000000266,0.19274846765698514,-0.08999999999999986,0
2008-04-25,0.006473722306729712,-0.46999999999999886,0.029999999999999805,0.040000000000000036,0.020000000000000018,0.010000000000000231,0.18723453349428576,0.010000000000000231,0
2008-04-28,-0.001052175846207426,0.05000000000000071,-0.08000000000000007,-0.050000000000000266,0.010000000000000231,-0.03000000000000025,0.183844753876337,0.029999999999999805,1
2008-04-29,-0.0038962346271063097,0.5999999999999979,-0.009999999999999787,-0.009999999999999787,-0.08000000000000007,0.0,0.18497943424702096,0.0,1
2008-04-30,-0.0038537358654107123,0.5500000000000007,-0.06000000000000005,-0.08000000000000007,0.16000000000000014,-0.009999999999999787,0.1420436513301846,-0.020000000000000018,0
2008-05-01,0.016995467987740653,-1.9100000000000001,0.08000000000000007,0.009999999999999787,-0.20999999999999996,-0.06000000000000005,0.1526418159471458,-0.07000000000000028,0
2008-05-02,0.003230333917996653,-0.6999999999999993,0.10000000000000009,0.11000000000000032,-0.28000000000000025,-0.06999999999999984,0.15276688522648682,0.010000000000000231,0
2008-05-05,-0.004543867404926516,0.7199999999999989,-0.050000000000000266,-0.010000000000000231,-0.029999999999999805,0.03999999999999959,0.15420153343451992,0.040000000000000036,0
2008-05-06,0.007622791932013762,-0.6899999999999977,-0.040000000000000036,0.050000000000000266,0.05999999999999983,0.0,0.15576665969172113,0.0900000000000003,0
2008-05-07,-0.018279807287082228,1.5199999999999996,-0.06999999999999984,-0.06000000000000005,0.09999999999999987,0.040000000000000036,0.16899072332383072,0.009999999999999787,0
2008-05-08,0.0036627583283888043,-0.33000000000000185,-0.06000000000000005,-0.08000000000000007,-0.019999999999999796,0.03000000000000025,0.16593518189397516,-0.020000000000000018,0
2008-05-09,-0.006748148337391235,0.010000000000001563,0.0,-0.020000000000000018,-0.020000000000000018,-0.010000000000000231,0.16794065974655514,-0.020000000000000018,0
2008-05-12,0.010960544704932573,-1.620000000000001,0.04999999999999982,0.009999999999999787,-0.09000000000000008,-0.009999999999999787,0.15171690993764333,-0.040000000000000036,0
2008-05-13,-0.00038480450268529864,0.19000000000000128,0.17000000000000037,0.1200000000000001,0.050000000000000044,-0.020000000000000018,0.1506094959824536,-0.050000000000000266,0
2008-05-14,0.003997586857981794,-0.3200000000000003,0.05999999999999961,0.020000000000000018,0.09999999999999987,0.020000000000000018,0.1505252513329562,-0.03999999999999959,0
2008-05-15,0.01052890318975841,-1.3599999999999994,-0.07999999999999963,-0.08999999999999986,0.0,0.020000000000000018,0.13564548863629677,-0.010000000000000231,0
2008-05-16,0.001249596500864314,0.16999999999999815,0.020000000000000018,0.020000000000000018,-0.11999999999999988,-0.020000000000000018,0.13558202151594023,0.0,0
2008-05-19,0.0008976220632286314,0.5400000000000027,-0.050000000000000266,-0.020000000000000018,0.040000000000000036,0.009999999999999787,0.12257290829312999,0.03000000000000025,0
2008-05-20,-0.009316870386124165,0.5699999999999967,-0.08000000000000007,-0.050000000000000266,0.040000000000000036,0.010000000000000231,0.1276374192775109,0.029999999999999805,0
2008-05-21,-0.016183741174613964,1.0100000000000016,0.07000000000000028,0.03000000000000025,0.039999999999999813,0.0,0.13686120177168404,-0.040000000000000036,0
2008-05-22,0.0026139487641874126,-0.5399999999999991,0.1499999999999999,0.10999999999999988,0.020000000000000018,-0.020000000000000018,0.13680275939450326,-0.040000000000000036,0
2008-05-23,-0.01329849074009104,1.5,-0.10000000000000009,-0.06999999999999984,-0.05999999999999983,0.0,0.14295584866846459,0.03000000000000025,0
2008-05-27,0.006822949171247039,0.08999999999999986,0.08999999999999986,0.08000000000000007,0.24,0.020000000000000018,0.1431737335034,-0.009999999999999787,0
2008-05-28,0.003955065868304075,-0.5700000000000003,0.07000000000000028,0.10000000000000009,-0.1499999999999999,-0.050000000000000266,0.14394704465155428,0.029999999999999805,0
2008-05-29,0.005320725327224274,-0.9299999999999997,0.04999999999999982,0.04999999999999982,-0.07000000000000028,0.010000000000000231,0.14449602260405991,0.0,0
2008-05-30,0.001515021871695943,-0.3100000000000023,-0.009999999999999787,-0.020000000000000462,-0.029999999999999805,-0.040000000000000036,0.14376990409711987,-0.010000000000000675,0
2008-06-02,-0.010559851182125435,2.0,-0.15000000000000036,-0.07999999999999963,0.08000000000000007,0.04999999999999982,0.13539152911283528,0.07000000000000073,1
2008-06-03,-0.0058046281419565915,0.41000000000000014,-0.05999999999999961,-0.06000000000000005,-0.1100000000000001,-0.020000000000000018,0.13561455934069036,-4.440892098500626e-16,1
2008-06-04,-0.0003266965562573887,0.5600000000000023,0.020000000000000018,0.06000000000000005,0.030000000000000027,0.010000000000000231,0.13510466879886784,0.040000000000000036,0
2008-06-05,0.019308465022889187,-2.1700000000000017,0.04999999999999982,0.07999999999999963,0.0,-0.03000000000000025,0.14980572879229712,0.029999999999999805,1
2008-06-06,-0.03137634271550915,4.93,-0.1200000000000001,-0.11999999999999966,0.029999999999999805,0.03000000000000025,0.17428328978338825,4.440892098500626e-16,1
2008-06-09,0.000793405956902582,-0.4399999999999977,0.33000000000000007,0.07999999999999963,0.010000000000000231,-0.10000000000000009,0.17357664217311014,-0.25000000000000044,1
2008-06-10,-0.002440998197567268,0.05999999999999872,0.18000000000000016,0.09000000000000075,-0.06000000000000005,0.0,0.17249229477971784,-0.08999999999999941,1
2008-06-11,-0.017038716841375035,0.9400000000000013,-0.08000000000000007,-0.010000000000000675,-0.010000000000000009,0.03000000000000025,0.175206957148505,0.0699999999999994,1
2008-06-12,0.0032743286236227576,-0.7900000000000027,0.19999999999999973,0.13000000000000078,0.05999999999999983,-0.07000000000000028,0.17618461624249154,-0.06999999999999895,1
2008-06-13,0.01493416399700287,-2.1099999999999994,0.020000000000000018,0.03999999999999915,0.010000000000000231,0.0,0.1848855495518423,0.01999999999999913,1
2008-06-16,8.087729815464684e-05,-0.2699999999999996,-0.029999999999999805,-0.019999999999999574,0.040000000000000036,0.020000000000000018,0.17966627393499446,0.010000000000000231,1
2008-06-17,-0.006794391462157101,0.17999999999999972,-0.08000000000000007,-0.019999999999999574,-0.18999999999999995,0.020000000000000018,0.17989763619033072,0.0600000000000005,1
2008-06-18,-0.00975929553107413,1.1099999999999994,-0.04999999999999982,-0.07000000000000028,-0.030000000000000027,0.010000000000000231,0.18110542816638003,-0.020000000000000462,1
2008-06-19,0.003745378617286299,-0.6600000000000001,0.10000000000000009,0.05999999999999961,0.09999999999999987,-0.03000000000000025,0.1810729379220729,-0.04000000000000048,1
2008-06-20,-0.018717003354418615,1.2900000000000027,-0.11000000000000032,-0.05999999999999961,0.050000000000000044,0.03000000000000025,0.18368956972931455,0.05000000000000071,1
2008-06-23,5.311218432701992e-05,-0.23000000000000043,0.10000000000000009,0.03000000000000025,-0.010000000000000009,-0.020000000000000018,0.18299367776397285,-0.06999999999999984,1
2008-06-24,-0.0028188402163857873,-0.21999999999999886,-0.10999999999999988,-0.09000000000000075,-0.050000000000000044,0.04999999999999982,0.17888758924308226,0.01999999999999913,1
2008-06-25,0.005826452418515871,-1.2800000000000011,-0.050000000000000266,0.020000000000000462,0.040000000000000036,-0.020000000000000018,0.17828780786103693,0.07000000000000073,1
2008-06-26,-0.029805055998773256,2.789999999999999,-0.13999999999999968,-0.04999999999999982,0.07999999999999985,0.040000000000000036,0.20050318117232027,0.08999999999999986,1
2008-06-27,-0.0037243409318712395,-0.48999999999999844,-0.03000000000000025,-0.08000000000000007,-0.05999999999999983,0.040000000000000036,0.19772650856982316,-0.04999999999999982,1
2008-06-30,0.0012664265797246443,0.509999999999998,-0.020000000000000018,0.0,0.4800000000000002,0.009999999999999787,0.1976367460396875,0.020000000000000018,1
2008-07-01,0.0038285990523121427,-0.3000000000000007,0.0,0.019999999999999574,-0.3600000000000003,0.010000000000000231,0.1981607177737257,0.019999999999999574,1
2008-07-02,-0.01837133386864309,2.270000000000003,-0.029999999999999805,-0.019999999999999574,-0.15999999999999992,-0.010000000000000231,0.2046032279472679,0.010000000000000231,1
2008-07-03,0.0010933205547924985,-1.1300000000000026,-0.06000000000000005,0.0,-0.030000000000000027,0.03000000000000025,0.2050001140112825,0.06000000000000005,1
2008-07-07,-0.008420817806984893,0.990000000000002,-0.06999999999999984,-0.040000000000000036,0.07000000000000006,0.020000000000000018,0.18675293168041238,0.029999999999999805,1
2008-07-08,0.016936204750574113,-2.6300000000000026,0.0,-0.040000000000000036,-0.020000000000000018,0.009999999999999787,0.17696497794167637,-0.040000000000000036,1
2008-07-09,-0.023039547685487882,2.080000000000002,-0.06000000000000005,-0.06000000000000005,0.020000000000000018,0.03000000000000025,0.18912155839632858,0.0,1
2008-07-10,0.006965377549495777,0.35999999999999943,0.029999999999999805,-0.020000000000000018,0.019999999999999796,0.029999999999999805,0.19304085184598477,-0.04999999999999982,1
2008-07-11,-0.011151875786282517,1.8999999999999986,0.1499999999999999,0.1299999999999999,-0.039999999999999813,-0.020000000000000018,0.18900139303002975,-0.020000000000000018,1
2008-07-14,-0.009068905128390092,0.990000000000002,-0.11999999999999966,-0.06000000000000005,0.09000000000000008,0.010000000000000231,0.18821894915932144,0.05999999999999961,1
2008-07-15,-0.010961099588093326,0.05999999999999872,-0.08000000000000007,-0.029999999999999805,0.10000000000000009,0.06000000000000005,0.1761421408333879,0.050000000000000266,1
2008-07-16,0.02475464477063838,-3.4399999999999977,0.04999999999999982,0.10000000000000009,-0.2100000000000002,0.020000000000000018,0.20426161832095865,0.050000000000000266,1
2008-07-17,0.011941012227420167,-0.08999999999999986,0.14000000000000012,0.10000000000000009,0.07999999999999985,-0.040000000000000036,0.2114456554306757,-0.040000000000000036,1
2008-07-18,0.0002856009539442539,-0.9600000000000009,0.08000000000000007,0.040000000000000036,-0.06999999999999984,-0.03000000000000025,0.2104437026855655,-0.040000000000000036,1
2008-07-21,-0.0005395369634344505,-1.0,0.0,-0.020000000000000462,0.020000000000000018,0.010000000000000231,0.20927759730175896,-0.020000000000000462,1
2008-07-22,0.013401856087015496,-1.870000000000001,0.08000000000000007,0.04999999999999982,-0.010000000000000009,-0.050000000000000266,0.20852105321374673,-0.03000000000000025,1
2008-07-23,0.004055976394899297,0.129999999999999,0.06999999999999984,0.020000000000000462,0.07000000000000006,0.010000000000000231,0.20935664464571108,-0.04999999999999938,1
2008-07-24,-0.02339606385062165,2.1300000000000026,-0.20000000000000018,-0.1299999999999999,0.020000000000000018,0.04999999999999982,0.2229187908673451,0.07000000000000028,1
2008-07-25,0.004158871468629144,-0.5300000000000011,0.0900000000000003,0.09999999999999964,0.06999999999999984,-0.020000000000000018,0.22222739026380234,0.009999999999999343,1
2008-07-28,-0.0187716425970752,1.3200000000000003,-0.11000000000000032,-0.07000000000000028,-0.1299999999999999,-0.009999999999999787,0.2078894492116084,0.040000000000000036,1
2008-07-29,0.023087465493061288,-2.1999999999999993,0.06000000000000005,0.03000000000000025,0.04999999999999982,-0.03000000000000025,0.22488908982370465,-0.029999999999999805,1
2008-07-30,0.016534493021531205,-0.8200000000000003,-0.009999999999999787,-0.019999999999999574,-0.020000000000000018,0.040000000000000036,0.2325480472721481,-0.009999999999999787,1
2008-07-31,-0.013230899535757068,1.7300000000000004,-0.1200000000000001,-0.08000000000000007,0.06000000000000005,0.050000000000000266,0.23662843900162986,0.040000000000000036,1
2008-08-01,-0.005594054996497455,-0.370000000000001,-0.010000000000000231,-0.020000000000000018,-0.04999999999999982,-0.010000000000000231,0.22857692383707356,-0.009999999999999787,1
2008-08-04,-0.009006484932058356,0.9199999999999982,0.020000000000000018,0.009999999999999787,-0.07000000000000006,0.010000000000000231,0.23061133101900044,-0.010000000000000231,1
2008-08-05,0.02831409125599116,-2.349999999999998,0.010000000000000231,0.06000000000000005,0.0,-0.020000000000000018,0.24913296035032823,0.04999999999999982,1
2008-08-06,0.0033487854081863944,-0.9100000000000001,0.020000000000000018,0.019999999999999574,0.039999999999999813,0.040000000000000036,0.2426979130641896,-4.440892098500626e-16,1
2008-08-07,-0.01809649972818317,0.9199999999999982,-0.1299999999999999,-0.13999999999999968,-0.04999999999999982,0.009999999999999787,0.23717896741401734,-0.009999999999999787,1
2008-08-08,0.02361186657968073,-0.48999999999999844,0.07999999999999963,0.020000000000000018,0.04999999999999982,-0.020000000000000018,0.24932075071076973,-0.05999999999999961,1
2008-08-11,0.006918740411200552,-0.5399999999999991,0.050000000000000266,0.050000000000000266,-0.019999999999999796,0.010000000000000231,0.2455010730024052,0.0,1
2008-08-12,-0.01212388304565959,1.0500000000000007,-0.10999999999999988,-0.08000000000000007,-0.040000000000000036,0.019999999999999574,0.24752909485767824,0.029999999999999805,1
2008-08-13,-0.0029199141665809947,0.379999999999999,0.04999999999999982,0.029999999999999805,0.030000000000000027,-0.009999999999999787,0.24363001707514437,-0.020000000000000018,1
2008-08-14,0.005506536428729447,-1.2100000000000009,-0.04999999999999982,-0.04999999999999982,0.10999999999999988,0.009999999999999787,0.23044435250409034,0.0,0
2008-08-15,0.004067728957353189,-0.7600000000000016,-0.050000000000000266,-0.050000000000000266,-0.009999999999999787,0.010000000000000231,0.22766961555259793,0.0,1
2008-08-18,-0.015212960266741682,1.4000000000000021,-0.04999999999999982,-0.020000000000000018,-0.17000000000000015,-0.010000000000000231,0.23485128176473236,0.029999999999999805,1
2008-08-19,-0.009358530403293486,0.3000000000000007,-0.03000000000000025,0.010000000000000231,0.030000000000000027,0.020000000000000018,0.23739776065757529,0.04000000000000048,1
2008-08-20,0.0061781302511496605,-0.8599999999999994,-0.06999999999999984,-0.040000000000000036,0.040000000000000036,0.03000000000000025,0.23364533255252762,0.029999999999999805,0
2008-08-21,0.002491910420998167,-0.6000000000000014,0.08000000000000007,0.04999999999999982,0.029999999999999805,-0.03000000000000025,0.23335812356572244,-0.03000000000000025,0
2008-08-22,0.011268952522583753,-1.0100000000000016,0.08999999999999986,0.03000000000000025,0.010000000000000231,-0.009999999999999787,0.22041646738973422,-0.05999999999999961,1
2008-08-25,-0.01982058133446074,2.16,-0.08999999999999986,-0.08000000000000007,-0.010000000000000231,0.029999999999999805,0.23209364952955297,0.009999999999999787,1
2008-08-26,0.0036795597683445536,-0.4800000000000004,0.020000000000000018,0.0,-0.1299999999999999,0.010000000000000231,0.22158949799276506,-0.020000000000000018,0
2008-08-27,0.007950942139689943,-0.7299999999999969,-0.040000000000000036,-0.020000000000000018,0.10000000000000009,-0.010000000000000231,0.20876599966021483,0.020000000000000018,0
2008-08-28,0.014731091918020134,-0.33000000000000185,0.06000000000000005,0.020000000000000018,0.010000000000000009,-0.009999999999999787,0.20712856944339436,-0.040000000000000036,1
2008-08-29,-0.013818629727738951,1.2199999999999989,-0.010000000000000231,0.040000000000000036,-0.050000000000000044,0.0,0.20763263187734343,0.050000000000000266,1
2008-09-02,-0.004100911461557111,1.3399999999999999,-0.10000000000000009,-0.08999999999999986,0.020000000000000018,0.040000000000000036,0.20713730781450018,0.010000000000000231,1
2008-09-03,-0.0020371712313762558,-0.5599999999999987,0.0,-0.03000000000000025,0.04999999999999982,-0.010000000000000231,0.20443365348611142,-0.03000000000000025,1
2008-09-04,-0.030378837511114476,2.6000000000000014,-0.05999999999999961,-0.06999999999999984,-0.019999999999999796,0.050000000000000266,0.20664601250133868,-0.010000000000000231,1
2008-09-05,0.004420895088808052,-0.9700000000000024,0.029999999999999805,0.020000000000000018,-0.020000000000000018,0.0,0.20701660958446094,-0.009999999999999787,1
2008-09-08,0.020302677366833777,-0.41999999999999815,0.06999999999999984,0.0,-0.050000000000000044,0.0,0.2115311593729824,-0.06999999999999984,1
2008-09-09,-0.03473446318202633,2.8299999999999983,-0.06999999999999984,-0.040000000000000036,0.040000000000000036,-0.020000000000000018,0.2257760811367409,0.029999999999999805,1
2008-09-10,0.006130568141386128,-0.9499999999999993,-0.009999999999999787,0.029999999999999805,0.16000000000000014,0.020000000000000018,0.2253685281329108,0.03999999999999959,1
2008-09-11,0.01371193025106443,-0.129999999999999,-0.040000000000000036,-0.009999999999999787,-0.1200000000000001,0.040000000000000036,0.22956196205405893,0.03000000000000025,1
2008-09-12,0.002119364984039862,1.2699999999999996,0.04999999999999982,0.10000000000000009,0.10000000000000009,0.020000000000000018,0.22983859339880108,0.050000000000000266,1
2008-09-15,-0.048282982749354275,6.039999999999999,-0.44999999999999996,-0.27,0.54,0.22999999999999998,0.2799017655770301,0.17999999999999994,1
2008-09-16,0.017371504449698705,-1.3999999999999986,0.10999999999999988,0.009999999999999787,-0.6600000000000001,0.020000000000000018,0.2883067979008296,-0.10000000000000009,1
2008-09-17,-0.04828806545632869,5.919999999999998,-0.25,-0.06999999999999984,0.8199999999999998,0.1599999999999997,0.3259656903773306,0.18000000000000016,1
2008-09-18,0.04242881089037365,-3.1199999999999974,0.14000000000000012,0.1299999999999999,-0.6399999999999997,-0.04999999999999982,0.36395980825945506,-0.010000000000000231,1
2008-09-19,0.03946742108580992,-1.0300000000000011,0.3800000000000001,0.23999999999999977,-0.6800000000000002,-0.020000000000000018,0.39101416440216946,-0.14000000000000035,1
2008-09-22,-0.03898681119919711,1.7800000000000011,-0.03000000000000025,0.050000000000000266,0.030000000000000027,0.009999999999999787,0.4125134599024709,0.08000000000000052,1
2008-09-23,-0.01575611539186461,1.8699999999999974,-0.020000000000000018,0.020000000000000018,-0.050000000000000044,-0.009999999999999787,0.4115980613767124,0.040000000000000036,1
2008-09-24,-0.0019797065549473913,-0.5300000000000011,-0.08000000000000007,-0.050000000000000266,-0.27,0.009999999999999787,0.40757501249334877,0.029999999999999805,1
2008-09-25,0.01946576149928525,-2.3699999999999974,0.13000000000000034,0.08000000000000007,0.040000000000000036,0.08000000000000007,0.41451514919631505,-0.050000000000000266,1
2008-09-26,0.0033767498906733806,1.9200000000000017,-0.050000000000000266,-0.029999999999999805,-0.1499999999999999,0.020000000000000018,0.4133781462597517,0.020000000000000462,1
2008-09-29,-0.0921896159659843,11.979999999999997,-0.4099999999999999,-0.2400000000000002,0.48,0.1299999999999999,0.5112128923689421,0.1699999999999997,1
2008-09-30,0.05275821028140193,-7.329999999999998,0.30000000000000004,0.2400000000000002,0.46999999999999975,-0.009999999999999787,0.551604464398599,-0.05999999999999983,1
2008-10-01,-0.004554407164433449,0.4200000000000017,-0.17999999999999994,-0.08000000000000007,-0.8799999999999999,0.09999999999999964,0.5516022314527242,0.09999999999999987,1
2008-10-02,-0.04112492454501826,5.449999999999996,-0.19999999999999996,-0.10999999999999988,-0.47999999999999987,0.20999999999999996,0.565791598573023,0.09000000000000008,1
2008-10-03,-0.013598521732023805,-0.11999999999999744,-0.020000000000000018,-0.03000000000000025,0.43000000000000005,0.040000000000000036,0.5597908354849106,-0.010000000000000231,1
2008-10-06,-0.039279301334606664,6.909999999999997,-0.17000000000000015,-0.1499999999999999,0.8599999999999999,0.08000000000000007,0.5702884230935623,0.020000000000000018,1
2008-10-07,-0.05910775771685728,1.6300000000000026,0.040000000000000036,0.020000000000000018,1.0100000000000002,0.1200000000000001,0.5872557075561223,-0.019999999999999574,1
2008-10-08,-0.011397429009414317,3.8500000000000014,0.17999999999999994,0.2200000000000002,-0.73,-0.05999999999999961,0.5811437900000841,0.040000000000000036,1
2008-10-09,-0.07922404205270084,6.390000000000001,0.0,0.11999999999999966,-0.8400000000000003,-0.009999999999999787,0.6242330897810715,0.11999999999999966,1
2008-10-10,-0.01182896267352973,6.030000000000001,-0.029999999999999805,0.050000000000000266,-0.6099999999999999,0.3799999999999999,0.6159389324323616,0.08000000000000007,1
2008-10-13,0.10957195934756658,-14.96,0.0,0.0,0.0,0.0,0.752359235370219,0.0,1
2008-10-14,-0.005336383931182631,0.14000000000000057,0.19999999999999996,0.18999999999999995,0.31000000000000005,-0.08000000000000007,0.7398111045101327,-0.010000000000000231,1
2008-10-15,-0.09469514468085727,14.119999999999997,-0.18000000000000016,-0.040000000000000036,-0.06000000000000005,0.16000000000000014,0.7905714831867917,0.14000000000000057,1
2008-10-16,0.041628859611446245,-1.6400000000000006,-0.029999999999999805,-0.04999999999999982,-0.21000000000000008,0.14999999999999947,0.8024517337955865,-0.020000000000000462,1
2008-10-17,-0.006232200692902978,2.719999999999999,0.029999999999999805,-0.010000000000000231,-0.22999999999999998,0.3600000000000003,0.7801378872854067,-0.040000000000000036,1
2008-10-20,0.0465828395708332,-17.36,0.07000000000000006,-0.06999999999999984,0.09999999999999998,0.0699999999999994,0.7864005323066944,-0.13999999999999968,1
2008-10-21,-0.031283954978719386,0.14000000000000057,-0.1299999999999999,-0.15000000000000036,-0.029999999999999916,0.08000000000000007,0.7834577508995297,-0.020000000000000462,1
2008-10-22,-0.06295312513837903,16.540000000000006,-0.050000000000000044,-0.10999999999999988,0.14,0.0,0.8037487341392714,-0.05999999999999961,1
2008-10-23,0.012554946645470189,-1.8500000000000085,0.010000000000000009,-0.020000000000000018,0.12,-0.11999999999999922,0.8079171174213388,-0.03000000000000025,1
2008-10-24,-0.035120816358308105,11.329999999999998,0.030000000000000027,0.1299999999999999,0.019999999999999907,0.05999999999999961,0.8026386887938728,0.09999999999999964,1
2008-10-27,-0.03227974691248647,0.9300000000000068,0.020000000000000018,0.03000000000000025,-0.029999999999999916,0.05999999999999961,0.8016838966233686,0.010000000000000675,1
2008-10-28,0.10245732795933016,-13.100000000000009,0.05999999999999983,0.10000000000000009,-0.25,-0.009999999999999787,0.8535566968548844,0.040000000000000036,1
2008-10-29,-0.011140925668240875,3.0,-0.06999999999999984,0.040000000000000036,-0.31000000000000005,-0.009999999999999787,0.8247086914283076,0.10999999999999988,1
2008-10-30,0.025476650962696468,-7.059999999999995,0.010000000000000009,0.06999999999999984,-0.06,-0.0600000000000005,0.8340728750001798,0.06000000000000005,1
2008-10-31,0.015248574046331065,-3.009999999999998,-0.030000000000000027,0.009999999999999787,-0.07999999999999999,0.010000000000000675,0.8298626776942761,0.03999999999999959,1
2008-11-03,-0.0025322356622945463,-6.210000000000001,-0.1100000000000001,-0.04999999999999982,0.010000000000000009,0.0,0.8295830023909604,0.06000000000000005,1
2008-11-04,0.04001446582463508,-5.950000000000003,-0.06000000000000005,-0.1499999999999999,0.0,0.02999999999999936,0.8351252911417124,-0.08999999999999986,1
2008-11-05,-0.05411527943060168,6.830000000000005,-0.029999999999999805,-0.08000000000000007,0.0,-0.02999999999999936,0.8310199222385966,-0.04999999999999982,1
2008-11-06,-0.051571193176170205,9.119999999999997,-0.08000000000000007,0.020000000000000018,0.0,-0.03000000000000025,0.8481447285114869,0.09999999999999964,1
2008-11-07,0.028446197857694422,-7.579999999999998,0.050000000000000044,0.08000000000000007,0.04000000000000001,-0.04999999999999982,0.8089870046770099,0.03000000000000025,1
2008-11-10,-0.012733930580210995,3.8799999999999955,-0.06000000000000005,-0.010000000000000231,0.019999999999999962,-0.04999999999999982,0.8091751496218196,0.04999999999999982,1
2008-11-11,-0.022287189928305473,1.4600000000000009,0.0,0.0,0.0,0.0,0.7090798300255227,0.0,1
2008-11-12,-0.05328883804405127,5.019999999999996,-0.08000000000000007,-0.06999999999999984,0.06,0.009999999999999787,0.7283636331668025,0.010000000000000231,1
2008-11-13,0.06692260057882482,-6.6299999999999955,0.050000000000000044,0.08999999999999986,0.0,0.1299999999999999,0.6992099698473893,0.03999999999999959,1
2008-11-14,-0.04259348957168463,6.480000000000004,-0.020000000000000018,-0.11999999999999966,-0.009999999999999953,0.019999999999999574,0.6971696747931739,-0.09999999999999964,1
2008-11-17,-0.026149375154377097,2.8400000000000034,0.0,-0.040000000000000036,0.02999999999999997,0.020000000000000462,0.7014353804655777,-0.040000000000000036,1
2008-11-18,0.009790296168946,-1.5100000000000051,-0.07000000000000006,-0.15000000000000036,0.010000000000000009,0.1299999999999999,0.6787010944809844,-0.08000000000000007,1
2008-11-19,-0.06310552285574467,6.6200000000000045,-0.05999999999999983,-0.1499999999999999,0.0,0.020000000000000462,0.7018806593787741,-0.08999999999999986,1
2008-11-20,-0.06948182746939668,6.599999999999994,-0.09000000000000008,-0.2799999999999998,0.10999999999999999,0.1899999999999995,0.708647649436295,-0.18999999999999995,1
2008-11-21,0.0613279677399996,-8.189999999999998,0.09000000000000008,0.10000000000000009,0.07999999999999996,-0.040000000000000036,0.7459418142147519,0.010000000000000231,1
2008-11-24,0.06271427030041554,-7.969999999999999,0.21999999999999997,0.1499999999999999,0.050000000000000044,-0.019999999999999574,0.7743242130844591,-0.07000000000000028,1
2008-11-25,0.006529393662909833,-3.8000000000000043,-0.16000000000000014,-0.2400000000000002,-0.030000000000000027,0.14999999999999947,0.7664382066010684,-0.08000000000000007,1
2008-11-26,0.03471842675826675,-5.979999999999997,-0.05999999999999983,-0.11999999999999966,-0.05999999999999994,0.04999999999999982,0.6843979096290508,-0.05999999999999983,1
2008-11-28,0.009596916564055924,0.9200000000000017,-0.09000000000000008,-0.06000000000000005,-0.010000000000000009,0.040000000000000036,0.684965450777957,0.030000000000000027,1
2008-12-01,-0.09353655945477168,12.670000000000002,-0.09999999999999998,-0.20999999999999996,0.0,0.020000000000000462,0.7466223330566203,-0.10999999999999988,1
2008-12-02,0.03916369377303752,-5.530000000000008,0.0,-0.040000000000000036,-0.050000000000000044,-0.009999999999999787,0.7602481257837338,-0.040000000000000036,1
2008-12-03,0.025508056258861878,-2.259999999999998,-0.030000000000000027,-0.010000000000000231,-0.10999999999999999,0.019999999999999574,0.7681603576401992,0.019999999999999574,1
2008-12-04,-0.029746476327324523,2.9200000000000017,-0.050000000000000044,-0.1200000000000001,-0.15999999999999998,0.03000000000000025,0.7545911595510503,-0.06999999999999984,1
2008-12-05,0.03584904791939181,-3.710000000000001,0.1100000000000001,0.1200000000000001,-0.08000000000000002,-0.08999999999999986,0.7500792297847244,0.009999999999999787,1
2008-12-08,0.0376688784083532,-1.4399999999999977,0.039999999999999925,0.10000000000000009,0.0,-0.05000000000000071,0.7424258258466659,0.060000000000000275,1
2008-12-09,-0.023388911826772052,0.4199999999999946,-0.13,-0.10000000000000009,0.010000000000000009,0.040000000000000036,0.7393317280683618,0.030000000000000027,1
2008-12-10,0.011823999134565,-3.1799999999999997,0.020000000000000018,0.020000000000000018,-0.020000000000000004,-0.04999999999999982,0.7398236186199312,0.0,1
2008-12-11,-0.028938804097131232,0.05000000000000426,-0.06999999999999995,-0.04999999999999982,0.030000000000000013,0.0600000000000005,0.7425835897636717,0.020000000000000018,1
2008-12-12,0.007003884173427899,-1.5,-0.010000000000000009,-0.040000000000000036,0.009999999999999981,0.009999999999999787,0.7184410518168717,-0.030000000000000027,1
2008-12-15,-0.012766861045400368,2.479999999999997,-0.030000000000000027,-0.07000000000000028,0.03,0.019999999999999574,0.6789693288329033,-0.04000000000000026,1
2008-12-16,0.05008483224165872,-4.390000000000001,-0.09999999999999998,-0.1599999999999997,-0.009999999999999981,0.010000000000000675,0.685516954797449,-0.05999999999999961,1
2008-12-17,-0.009639159140260922,-2.529999999999994,0.07999999999999996,-0.16999999999999993,-0.05000000000000002,-0.09000000000000075,0.6792937353877622,-0.25,1
2008-12-18,-0.02138987511830326,-2.5,-0.04999999999999993,-0.1200000000000001,-0.009999999999999995,0.010000000000000675,0.6838879602079635,-0.07000000000000028,1
2008-12-19,0.002932619575660489,-2.4100000000000037,0.05999999999999994,0.04999999999999982,0.0,-0.08999999999999986,0.642370927917652,-0.010000000000000009,1
2008-12-22,-0.018471576788864574,-0.36999999999999744,0.13,0.03000000000000025,0.0,-0.010000000000000675,0.590483303650038,-0.09999999999999987,1
2008-12-23,-0.009764948269330276,0.46000000000000085,0.030000000000000027,0.020000000000000018,0.0,0.010000000000000675,0.5585641323210755,-0.009999999999999787,1
2008-12-24,0.005764437122881105,-0.8100000000000023,0.0,0.020000000000000018,0.0,-0.040000000000000036,0.5158490703001039,0.020000000000000018,1
2008-12-26,0.005341923728714448,-0.8299999999999983,-0.010000000000000009,-0.040000000000000036,-0.020000000000000004,0.0,0.5157023103962591,-0.03000000000000025,1
2008-12-29,-0.0038801118579350202,0.519999999999996,-0.10999999999999999,-0.03000000000000025,0.010000000000000009,0.019999999999999574,0.5008813250089056,0.07999999999999985,1
2008-12-30,0.02411398275952603,-2.269999999999996,-0.030000000000000027,-0.020000000000000018,-0.010000000000000009,-0.05999999999999961,0.5072316724067775,0.010000000000000009,1
2008-12-31,0.014059064607297778,-1.6300000000000026,0.010000000000000009,0.14000000000000012,0.05000000000000002,-0.040000000000000036,0.37868078150441525,0.13000000000000012,1
2009-01-02,0.031118829354946698,-0.8100000000000023,0.12,0.20999999999999996,-0.06000000000000001,-0.10000000000000053,0.3704244794861588,0.09000000000000008,1
2009-01-05,-0.0046793147100085974,-0.10999999999999943,-0.09999999999999998,0.03000000000000025,0.03,0.10000000000000053,0.3634889906742484,0.13000000000000012,1
2009-01-06,0.007786737515849573,-0.519999999999996,0.020000000000000018,0.019999999999999574,-0.020000000000000004,-0.05000000000000071,0.3435869962259913,-4.440892098500626e-16,1
2009-01-07,-0.030469134088503047,4.829999999999998,0.019999999999999907,0.010000000000000231,0.020000000000000004,-0.05999999999999961,0.3448563050528257,-0.009999999999999565,1
2009-01-08,0.003391364089026183,-0.8299999999999983,0.010000000000000009,-0.04999999999999982,-0.009999999999999995,0.0,0.31921530971084416,-0.06000000000000005,1
2009-01-09,-0.021533208341737442,0.259999999999998,-0.07999999999999996,-0.040000000000000036,-0.010000000000000009,0.009999999999999787,0.3175624528131399,0.040000000000000036,1
2009-01-12,-0.022822626270919244,3.020000000000003,-0.010000000000000009,-0.0900000000000003,0.010000000000000009,-0.009999999999999787,0.3240457142254492,-0.0800000000000003,1
2009-01-13,0.0017565516413400317,-2.5700000000000003,0.020000000000000018,-0.009999999999999787,0.0,0.009999999999999787,0.3084377957565606,-0.029999999999999805,1
2009-01-14,-0.03403248389945546,5.869999999999997,-0.030000000000000027,-0.08999999999999986,0.04999999999999999,-0.040000000000000036,0.328629387769696,-0.05999999999999983,1
2009-01-15,0.0013283049463659324,1.8599999999999994,0.0,-0.010000000000000231,0.03,0.0,0.32645915127907643,-0.010000000000000231,1
2009-01-16,0.007533125725835532,-4.890000000000001,0.0,0.1299999999999999,0.010000000000000009,-0.1299999999999999,0.2704001500503775,0.1299999999999999,1
2009-01-20,-0.05426198398389648,10.54,0.0,0.040000000000000036,0.010000000000000009,0.0,0.32251849101874697,0.040000000000000036,1
2009-01-21,0.042572033307926915,-10.229999999999997,0.050000000000000044,0.16000000000000014,0.03,0.03000000000000025,0.35714396560629597,0.1100000000000001,1
2009-01-22,-0.015278458063302303,0.8699999999999974,-0.030000000000000027,0.06000000000000005,-0.020000000000000018,0.040000000000000036,0.3592277779523698,0.09000000000000008,1
2009-01-23,0.005363235610298389,-0.01999999999999602,0.07999999999999996,0.029999999999999805,-0.03,0.009999999999999787,0.35606377180751825,-0.050000000000000266,1
2009-01-26,0.0055378560725865,-1.5800000000000054,0.020000000000000018,0.050000000000000266,0.010000000000000009,-0.03000000000000025,0.35592338260724715,0.03000000000000025,1
2009-01-27,0.010866312308227322,-3.4399999999999977,0.020000000000000018,-0.11000000000000032,-0.010000000000000009,-0.1299999999999999,0.3576681229151158,-0.13000000000000034,1
2009-01-28,0.03300683394003734,-2.5900000000000034,0.020000000000000018,0.1200000000000001,0.010000000000000009,0.020000000000000462,0.37643617307158744,0.10000000000000009,1
2009-01-29,-0.03368105107531516,2.970000000000006,0.05999999999999994,0.16000000000000014,0.04000000000000001,-0.08000000000000007,0.39411681106232205,0.10000000000000031,1
2009-01-30,-0.023052809590374146,2.210000000000001,-0.010000000000000009,0.0,0.0,-0.03000000000000025,0.38956313454779185,0.010000000000000009,1
2009-02-02,-0.000532907020338591,0.6799999999999997,-0.04999999999999993,-0.11000000000000032,0.009999999999999981,-0.04999999999999982,0.38447744386304383,-0.0600000000000005,1
2009-02-03,0.01570992975424712,-2.460000000000001,0.06999999999999995,0.13000000000000034,0.0,-0.009999999999999787,0.37003087536216017,0.0600000000000005,1
2009-02-04,-0.007517662324819874,0.7899999999999991,0.020000000000000018,0.06000000000000005,0.0,-0.03000000000000025,0.3701282361076816,0.040000000000000036,1
2009-02-05,0.016233193995534023,-0.12000000000000455,0.0,0.0,-0.009999999999999981,-0.05999999999999961,0.3749752541233994,0.0,1
2009-02-06,0.02654068117942021,-0.35999999999999943,0.010000000000000009,0.09999999999999964,0.0,-0.10000000000000053,0.3777137575185823,0.08999999999999941,1
2009-02-09,0.0014840467724956952,0.2700000000000031,0.06000000000000005,0.020000000000000018,-0.010000000000000009,-0.040000000000000036,0.3774257601263717,-0.040000000000000036,1
2009-02-10,-0.05036862018765653,3.030000000000001,-0.13,-0.16999999999999993,0.01999999999999999,-0.009999999999999787,0.4080754782339859,-0.03999999999999959,1
2009-02-11,0.00792345646934578,-2.1400000000000006,0.010000000000000009,-0.1200000000000001,-0.01999999999999999,0.019999999999999574,0.4036118899569993,-0.13000000000000034,1
2009-02-12,0.0017376407217124523,-3.280000000000001,-0.040000000000000036,-0.029999999999999805,0.010000000000000009,0.0600000000000005,0.40360965306792096,0.010000000000000231,1
2009-02-13,-0.010048037945582955,1.6799999999999997,0.07999999999999996,0.14000000000000012,-0.010000000000000009,0.08000000000000007,0.38790295312839956,0.060000000000000275,1
2009-02-17,-0.04662944568299654,5.729999999999997,-0.09999999999999998,-0.25,0.03,0.040000000000000036,0.4187777276352667,-0.15000000000000013,1
2009-02-18,-0.0009508174576451367,-0.19999999999999574,0.09999999999999998,0.10000000000000009,-0.01999999999999999,-0.07000000000000028,0.417069843998847,2.220446049250313e-16,1
2009-02-19,-0.012096921708828035,-1.3800000000000026,0.040000000000000036,0.10999999999999988,-0.020000000000000018,0.05999999999999961,0.37608212627239734,0.06999999999999984,1
2009-02-20,-0.011478573277091009,2.219999999999999,-0.050000000000000044,-0.07000000000000028,-0.009999999999999981,-0.019999999999999574,0.34111125923301877,-0.02000000000000024,1
2009-02-23,-0.03531535633340699,3.3200000000000003,0.0,0.0,-0.010000000000000009,-0.009999999999999787,0.3560782705194202,0.0,1
2009-02-24,0.039320053265968546,-7.1299999999999955,0.07000000000000006,0.020000000000000018,0.01999999999999999,-0.009999999999999787,0.38676727063540606,-0.050000000000000044,1
2009-02-25,-0.010715038409216504,-0.8200000000000003,0.06000000000000005,0.15000000000000036,0.0,-0.05000000000000071,0.38608393139397273,0.0900000000000003,1
2009-02-26,-0.015905667628584474,-0.010000000000005116,-0.010000000000000009,0.029999999999999805,0.010000000000000009,0.05000000000000071,0.3839964417102353,0.039999999999999813,1
2009-02-27,-0.02384649800307148,1.6900000000000048,-0.08000000000000007,0.040000000000000036,0.0,-0.010000000000000675,0.3619597786806516,0.1200000000000001,1
2009-03-02,-0.0477418626684214,6.299999999999997,-0.10999999999999999,-0.10999999999999988,0.0,0.07000000000000028,0.37735846445541865,0.0,1
2009-03-03,-0.006427392130159859,-1.7199999999999989,0.020000000000000018,0.020000000000000018,-0.01999999999999999,0.04999999999999982,0.3738900951298197,0.0,1
2009-03-04,0.02347538970216423,-3.3699999999999974,0.05999999999999994,0.07999999999999963,0.009999999999999981,-0.03000000000000025,0.3889780085708821,0.020000000000000018,1
2009-03-05,-0.04346329115076042,2.6099999999999994,-0.06999999999999995,-0.17999999999999972,-0.009999999999999981,0.03000000000000025,0.3993550252627563,-0.10999999999999988,1
2009-03-06,0.0012152893664456599,-0.8400000000000034,0.010000000000000009,0.0,0.0,0.009999999999999787,0.40112565020224594,-0.010000000000000231,1
2009-03-09,-0.01007428128983534,0.3500000000000014,0.04999999999999993,0.06000000000000005,0.0,0.05000000000000071,0.3901590775221785,0.010000000000000231,1
2009-03-10,0.061718709550781625,-5.310000000000002,0.050000000000000044,0.10000000000000009,0.0,0.04999999999999982,0.44724829721218795,0.050000000000000044,1
2009-03-11,0.002442817115272611,-0.759999999999998,0.020000000000000018,-0.040000000000000036,-0.010000000000000009,0.0,0.447542668699988,-0.06000000000000005,1
2009-03-12,0.03992106756975655,-2.4299999999999997,0.0,-0.06000000000000005,-0.010000000000000009,0.0699999999999994,0.45144568051080675,-0.06000000000000005,1
2009-03-13,0.007709238136172303,1.1799999999999997,-0.050000000000000044,0.0,-0.03,0.040000000000000036,0.45137131127646796,0.050000000000000044,1
2009-03-16,-0.0035221561265643686,1.3800000000000026,0.020000000000000018,0.08000000000000007,0.05000000000000002,0.010000000000000675,0.45080430502184393,0.06000000000000005,1
2009-03-17,0.031634285158601116,-2.940000000000005,0.050000000000000044,0.04999999999999982,0.0,0.02999999999999936,0.46759135233533766,-2.220446049250313e-16,1
2009-03-18,0.020643416236415746,-0.7399999999999949,-0.2300000000000001,-0.5100000000000002,-0.020000000000000018,0.28000000000000025,0.44587235392032026,-0.28,1
2009-03-19,-0.013064130708958288,3.6199999999999974,0.050000000000000044,0.10000000000000009,-0.009999999999999981,-0.040000000000000036,0.4482725586639455,0.04999999999999982,1
2009-03-20,-0.019967428385974095,2.210000000000001,0.020000000000000018,0.040000000000000036,0.009999999999999981,0.020000000000000462,0.45170596045967104,0.020000000000000018,1
2009-03-23,0.06836637953492986,-2.6600000000000037,0.040000000000000036,0.03000000000000025,-0.009999999999999981,0.019999999999999574,0.5086578342238101,-0.009999999999999787,1
2009-03-24,-0.020626375806741315,-0.29999999999999716,0.0,0.0,0.0,-0.08000000000000007,0.4970705099224225,0.0,1
2009-03-25,0.00958032018841326,-0.6799999999999997,0.029999999999999916,0.1299999999999999,0.0,-0.009999999999999787,0.48074779845465127,0.10000000000000009,1
2009-03-26,0.02305262582737111,-1.8900000000000006,-0.05999999999999994,-0.050000000000000266,-0.010000000000000009,-0.03000000000000025,0.4833246539484681,0.009999999999999787,1
2009-03-27,-0.020524737966150397,0.6799999999999997,0.0,0.020000000000000018,-0.010000000000000009,-0.040000000000000036,0.48598558877975534,0.020000000000000018,1
2009-03-30,-0.035439357636644075,4.5,-0.06000000000000005,-0.04999999999999982,0.010000000000000009,0.03000000000000025,0.4958640258729042,0.010000000000000231,1
2009-03-31,0.01304421169852965,-1.3999999999999986,-0.029999999999999916,-0.020000000000000018,0.0,-0.009999999999999787,0.46050261814229954,0.009999999999999787,1
2009-04-01,0.016421015989455334,-1.8599999999999994,0.019999999999999907,-0.029999999999999805,0.0,-0.040000000000000036,0.45942411463550337,-0.04999999999999982,1
2009-04-02,0.02832224117975901,-0.240000000000002,0.050000000000000044,0.08999999999999986,0.0,-0.009999999999999787,0.4618793092442878,0.040000000000000036,1
2009-04-03,0.009684728146494237,-2.3399999999999963,0.07999999999999996,0.14000000000000012,-0.03,-0.010000000000000675,0.4230595646009715,0.06000000000000005,1
2009-04-06,-0.008367252239400713,1.2299999999999969,-0.020000000000000018,0.040000000000000036,0.010000000000000009,0.0,0.42685924363527317,0.06000000000000005,1
2009-04-07,-0.024143677727076707,-0.5399999999999991,-0.029999999999999916,-0.020000000000000018,0.0,-0.009999999999999787,0.43766288106571555,0.009999999999999787,1
2009-04-08,0.011714574664767774,-1.5399999999999991,0.020000000000000018,-0.07000000000000028,0.0,-0.03000000000000025,0.39369510810777136,-0.0900000000000003,1
2009-04-09,0.037347060925207565,-2.3200000000000003,0.029999999999999916,0.10000000000000009,0.0,-0.02999999999999936,0.4074688650105932,0.07000000000000028,1
2009-04-13,0.002530185750124758,1.2800000000000011,-0.06999999999999995,-0.08000000000000007,-0.010000000000000009,-0.010000000000000675,0.3910243674122015,-0.010000000000000231,1
2009-04-14,-0.020268539969278798,-0.14000000000000057,-0.030000000000000027,-0.08000000000000007,0.03,0.0,0.4017087268046995,-0.04999999999999982,1
2009-04-15,0.01247093325411619,-1.5,0.0,0.020000000000000018,0.0,-0.0699999999999994,0.4012198857728011,0.020000000000000018,1
2009-04-16,0.015419320727716013,-0.38000000000000256,0.050000000000000044,0.040000000000000036,-0.010000000000000009,-0.010000000000000675,0.39190310725735783,-0.010000000000000231,1
2009-04-17,0.00495706819430719,-1.8500000000000014,0.07999999999999996,0.1200000000000001,-0.01999999999999999,-0.08999999999999986,0.3877879680232306,0.04000000000000026,1
2009-04-20,-0.043732254814752736,5.240000000000002,-0.05999999999999994,-0.10000000000000009,0.010000000000000009,-0.08000000000000007,0.4184414532421635,-0.04000000000000026,1
2009-04-21,0.021029381710386374,-2.039999999999999,0.029999999999999916,0.06000000000000005,0.009999999999999981,-0.04999999999999982,0.41435421918227544,0.03000000000000025,1
2009-04-22,-0.00771128565064938,0.9600000000000009,0.040000000000000036,0.040000000000000036,0.0,0.03000000000000025,0.3453691769699681,0.0,1
2009-04-23,0.009873448655143946,-0.9500000000000028,-0.030000000000000027,-0.020000000000000018,0.020000000000000018,-0.03000000000000025,0.3371693655954652,0.010000000000000009,1
2009-04-24,0.016657836507364188,-0.3299999999999983,0.020000000000000018,0.06999999999999984,-0.010000000000000009,-0.04999999999999982,0.3398876790567106,0.050000000000000044,1
2009-04-27,-0.01011762143481576,1.5,-0.08999999999999997,-0.07999999999999963,0.010000000000000009,0.04999999999999982,0.3345723460147332,0.010000000000000231,1
2009-04-28,-0.0027442548474692074,-0.36999999999999744,0.04999999999999993,0.09999999999999964,-0.010000000000000009,-0.05999999999999961,0.32544368146843144,0.04999999999999938,1
2009-04-29,0.02137980555600283,-1.8700000000000045,-0.010000000000000009,0.07000000000000028,0.01999999999999999,-0.07000000000000028,0.3011809510744507,0.08000000000000052,1
2009-04-30,-0.0009504996564322354,0.4200000000000017,-0.029999999999999916,0.040000000000000036,0.020000000000000018,-0.08999999999999986,0.3003374019729472,0.06999999999999984,1
2009-05-01,0.005381855271300751,-1.2000000000000028,0.010000000000000009,0.04999999999999982,0.01999999999999999,-0.07000000000000028,0.29712962328406806,0.040000000000000036,1
2009-05-04,0.033307276609156666,-0.769999999999996,0.019999999999999907,-0.020000000000000018,0.0,-0.02999999999999936,0.30277245145866866,-0.040000000000000036,1
2009-05-05,-0.0037989267350564404,-1.1700000000000017,0.040000000000000036,0.010000000000000231,-0.01999999999999999,-0.05000000000000071,0.3031776712396334,-0.029999999999999805,1
2009-05-06,0.017254572962372983,-0.9099999999999966,-0.020000000000000018,-0.020000000000000018,-0.020000000000000018,-0.019999999999999574,0.30369805803404754,0.0,1
2009-05-07,-0.013290323268541293,0.9899999999999949,0.040000000000000036,0.10999999999999988,0.0,-0.009999999999999787,0.29290649436980204,0.06999999999999984,1
2009-05-08,0.023783939541346832,-1.3900000000000006,0.0,0.0,-0.009999999999999981,-0.05000000000000071,0.29926528855677975,0.0,1
2009-05-11,-0.021747200481074813,0.8200000000000003,-0.07999999999999996,-0.1200000000000001,0.0,0.03000000000000025,0.2902963262732593,-0.040000000000000036,1
2009-05-12,-0.0009793188465287983,-1.0699999999999967,-0.020000000000000018,0.0,-0.010000000000000009,-0.019999999999999574,0.2905982530320986,0.020000000000000018,1
2009-05-13,-0.027263206079834568,1.8499999999999979,-0.010000000000000009,-0.06000000000000005,0.0,0.0,0.29846039472732283,-0.050000000000000266,1
2009-05-14,0.010298404457450339,-2.2799999999999976,-0.020000000000000018,-0.009999999999999787,0.0,0.009999999999999787,0.2976251097446305,0.010000000000000231,1
2009-05-15,-0.01147567423344853,1.7499999999999964,0.010000000000000009,0.040000000000000036,0.010000000000000009,-0.020000000000000462,0.29719930544390827,0.03000000000000025,1
2009-05-18,0.029936576373611246,-2.879999999999999,0.050000000000000044,0.08000000000000007,-0.010000000000000009,0.0,0.31358034719367334,0.029999999999999805,1
2009-05-19,-0.0017383272431761299,-1.4399999999999977,-0.020000000000000018,0.029999999999999805,-0.010000000000000009,-0.05999999999999961,0.266350618949306,0.04999999999999982,1
2009-05-20,-0.005144634884210575,0.23000000000000043,-0.040000000000000036,-0.06000000000000005,-0.009999999999999981,-0.04999999999999982,0.2608221914258414,-0.020000000000000018,1
2009-05-21,-0.016899609695566475,2.3200000000000003,0.020000000000000018,0.16000000000000014,0.03,-0.040000000000000036,0.26739194935599464,0.14000000000000012,1
2009-05-22,-0.0014983132699999402,1.2800000000000011,0.030000000000000027,0.10000000000000009,0.0,-0.040000000000000036,0.2663206207884532,0.07000000000000028,1
2009-05-26,0.025962188826917476,-2.0100000000000016,0.039999999999999925,0.04999999999999982,0.009999999999999981,-0.040000000000000036,0.2746283656880321,0.009999999999999787,1
2009-05-27,-0.019153403267374358,1.7399999999999984,0.0,0.20999999999999996,-0.009999999999999981,-0.13999999999999968,0.28150081301680535,0.20999999999999996,1
2009-05-28,0.01530123358710167,-0.6899999999999977,0.010000000000000009,-0.040000000000000036,0.0,-0.10000000000000053,0.28464506747461105,-0.04999999999999982,1
2009-05-29,0.013483448796435482,-2.75,-0.04999999999999993,-0.19999999999999973,0.01999999999999999,-0.08999999999999986,0.27941477440755336,-0.1499999999999999,1
2009-06-01,0.025489964977206014,1.1199999999999974,0.04999999999999993,0.23999999999999977,0.01999999999999999,-0.03000000000000025,0.29020271504867157,0.18999999999999995,1
2009-06-02,0.0019813421329164527,-0.41000000000000014,-0.010000000000000009,-0.06000000000000005,-0.009999999999999981,-0.1200000000000001,0.29019003639524066,-0.050000000000000266,1
2009-06-03,-0.013834486568385707,1.3900000000000006,-0.04999999999999993,-0.08999999999999986,0.009999999999999981,-0.040000000000000036,0.2747466499856392,-0.040000000000000036,1
2009-06-04,0.011418207308851791,-0.8399999999999999,0.04999999999999993,0.16000000000000014,-0.009999999999999981,-0.04999999999999982,0.27626200853998656,0.11000000000000032,1
2009-06-05,-0.0025178627415769483,-0.5599999999999987,0.3600000000000001,0.11999999999999966,0.009999999999999981,-0.09999999999999964,0.2709401092188273,-0.24000000000000066,1
2009-06-08,-0.0010110524852482428,0.14999999999999858,0.09999999999999987,0.07000000000000028,0.0,-0.14000000000000012,0.2660442549851766,-0.02999999999999936,1
2009-06-09,0.0034970831305196626,-1.5,-0.08999999999999986,-0.050000000000000266,-0.03,0.040000000000000036,0.2537645397547534,0.03999999999999959,1
2009-06-10,-0.003486435147513234,0.19000000000000128,0.04999999999999982,0.1200000000000001,0.0,-0.08000000000000007,0.24100079133576602,0.07000000000000028,1
2009-06-11,0.006093307742658816,-0.3500000000000014,-0.029999999999999805,-0.10000000000000009,-0.009999999999999981,0.020000000000000018,0.24131391501976865,-0.07000000000000028,1
2009-06-12,0.001396013129262741,0.03999999999999915,-0.050000000000000044,-0.06999999999999984,0.0,0.0,0.21689271935409135,-0.020000000000000018,1
2009-06-15,-0.02405553631565649,2.66,-0.040000000000000036,-0.050000000000000266,0.04999999999999999,-0.03000000000000025,0.2347265717497962,-0.009999999999999787,1
2009-06-16,-0.012801900619249018,1.870000000000001,-0.030000000000000027,-0.08999999999999986,0.0,-0.019999999999999574,0.23570086993430034,-0.06000000000000005,1
2009-06-17,-0.0013825797185571531,-1.1400000000000006,-0.040000000000000036,0.010000000000000231,0.01999999999999999,-0.07000000000000028,0.2119356201442018,0.050000000000000266,1
2009-06-18,0.008375844448657688,-1.509999999999998,0.09000000000000008,0.17999999999999972,0.010000000000000009,-0.06000000000000005,0.21374721183608114,0.08999999999999986,1
2009-06-19,0.0031093741076926307,-2.0400000000000027,-0.030000000000000027,-0.06999999999999984,0.0,-0.06999999999999984,0.21289496083591253,-0.040000000000000036,1
2009-06-22,-0.031078360927761395,3.1800000000000033,-0.08000000000000007,-0.06999999999999984,-0.010000000000000009,-0.03000000000000025,0.23260746695775492,0.010000000000000231,1
2009-06-23,0.0023040711704158667,-0.5900000000000034,-0.030000000000000027,-0.07000000000000028,0.0,0.020000000000000018,0.23261993453236193,-0.04000000000000048,1
2009-06-24,0.006503218839248426,-1.5299999999999976,0.050000000000000044,0.07000000000000028,-0.03,-0.009999999999999787,0.21479559003764084,0.020000000000000462,1
2009-06-25,0.02121757609628183,-2.6900000000000013,-0.06999999999999984,-0.17000000000000037,-0.01999999999999999,0.1200000000000001,0.21612855404473355,-0.10000000000000053,1
2009-06-26,-0.0014789363055838223,-0.4299999999999997,-0.020000000000000018,-0.029999999999999805,-0.010000000000000009,0.009999999999999787,0.21029572754989126,-0.009999999999999787,1
2009-06-29,0.00902434447413647,-0.5799999999999983,0.010000000000000009,-0.010000000000000231,-0.009999999999999981,0.040000000000000036,0.2074090655313525,-0.020000000000000462,1
2009-06-30,-0.008567380664246116,1.0,0.0,0.020000000000000018,0.04999999999999999,-0.04999999999999982,0.18819898414766087,0.020000000000000462,1
2009-07-01,0.004352434081725143,-0.13000000000000256,-0.06000000000000005,0.020000000000000018,-0.01999999999999999,0.009999999999999787,0.18888271615034433,0.08000000000000007,1
2009-07-02,-0.02957764725248513,1.7300000000000004,-0.07000000000000006,-0.040000000000000036,-0.03,-0.020000000000000018,0.20906054494321075,0.029999999999999805,1
2009-07-06,0.002562475638153039,1.0500000000000007,-0.020000000000000018,0.010000000000000231,0.009999999999999981,0.03000000000000025,0.20417727654410345,0.03000000000000025,1
2009-07-07,-0.019879851214312794,1.8500000000000014,0.020000000000000018,-0.04999999999999982,0.0,0.0,0.21311300747800058,-0.06999999999999984,1
2009-07-08,-0.0016698951392406514,0.4499999999999993,-0.06999999999999995,-0.14000000000000012,-0.01999999999999999,0.0,0.21304424707221656,-0.07000000000000028,1
2009-07-09,0.0035409515843101147,-1.5199999999999996,0.029999999999999916,0.10999999999999988,-0.010000000000000009,0.04999999999999982,0.21306147138667192,0.08000000000000007,1
2009-07-10,-0.004029951929530817,-0.7600000000000016,-0.029999999999999916,-0.1200000000000001,0.0,0.0,0.21308159984714867,-0.0900000000000003,1
2009-07-13,0.0246279678789314,-2.710000000000001,0.010000000000000009,0.06000000000000005,-0.01999999999999999,-0.009999999999999787,0.23203681314961325,0.050000000000000266,1
2009-07-14,0.005301940041504416,-1.2899999999999991,0.04999999999999993,0.1200000000000001,0.0,-0.020000000000000018,0.23320428975463853,0.07000000000000028,1
2009-07-15,0.02919947237500775,0.870000000000001,0.06000000000000005,0.1299999999999999,0.010000000000000009,-0.050000000000000266,0.2427357647152047,0.0699999999999994,1
2009-07-16,0.008604637219622013,-0.46999999999999886,-0.030000000000000027,-0.040000000000000036,0.009999999999999981,-0.029999999999999805,0.23930240833256744,-0.009999999999999787,1
2009-07-17,-0.0003827507063824953,-1.0800000000000018,0.020000000000000018,0.08000000000000007,0.0,-0.040000000000000036,0.2391767927833373,0.06000000000000005,1
2009-07-20,0.011366702521417693,0.05999999999999872,-0.030000000000000027,-0.06000000000000005,0.0,-0.010000000000000231,0.2404768234438945,-0.029999999999999805,1
2009-07-21,0.003620701753125566,-0.5299999999999976,-0.030000000000000027,-0.10999999999999988,-0.009999999999999981,0.0,0.24052193062024557,-0.08000000000000007,1
2009-07-22,-0.0005344091500667503,-0.40000000000000213,0.020000000000000018,0.08000000000000007,0.0,-0.020000000000000018,0.20933540151292285,0.06000000000000005,1
2009-07-23,0.02302262940740807,-0.03999999999999915,0.10000000000000009,0.14000000000000012,0.009999999999999981,-0.04999999999999982,0.2202994561392967,0.040000000000000036,1
2009-07-24,0.003037510964743362,-0.33999999999999986,-0.030000000000000027,-0.020000000000000018,0.0,-0.06999999999999984,0.22015700937629346,0.010000000000000231,1
2009-07-27,0.002977406555527473,1.1900000000000013,0.030000000000000027,0.04999999999999982,0.010000000000000009,-0.010000000000000231,0.21102941835104844,0.019999999999999574,1
2009-07-28,-0.002609849580059276,0.7300000000000004,0.040000000000000036,-0.029999999999999805,-0.010000000000000009,-0.08000000000000007,0.21137474557156707,-0.06999999999999984,1
2009-07-29,-0.004573436047540902,0.5999999999999979,0.04999999999999982,-0.03000000000000025,0.020000000000000018,-0.08999999999999986,0.21177786633085946,-0.08000000000000007,1
2009-07-30,0.01182540922436992,-0.21000000000000085,0.020000000000000018,-0.020000000000000018,0.0,-0.10000000000000009,0.21024840061127736,-0.040000000000000036,1
2009-07-31,0.0007395288626650398,0.5200000000000031,-0.06000000000000005,-0.1499999999999999,0.009999999999999981,-0.020000000000000018,0.2104082579638962,-0.08999999999999986,1
2009-08-03,0.015225583178395397,-0.360000000000003,0.050000000000000044,0.14000000000000012,0.0,-0.06999999999999984,0.1770703391945328,0.0900000000000003,1
2009-08-04,0.0030075510152123286,-0.6699999999999982,0.020000000000000018,0.040000000000000036,-0.009999999999999981,-0.04999999999999982,0.17698931890813546,0.019999999999999574,1
2009-08-05,-0.002917791122864166,0.00999999999999801,0.030000000000000027,0.09999999999999964,0.0,-0.040000000000000036,0.15489360674648817,0.06999999999999984,1
2009-08-06,-0.0056405790114748555,0.7700000000000031,-0.010000000000000009,-0.009999999999999787,0.0,-0.050000000000000266,0.15800249746349015,4.440892098500626e-16,1
2009-08-07,0.013349737000829087,-0.9100000000000001,0.10000000000000009,0.10000000000000009,0.0,-0.04999999999999982,0.15974498173997,0.0,1
2009-08-10,-0.0033505518116205835,0.22999999999999687,-0.08000000000000007,-0.0900000000000003,0.0,0.0,0.159200381002332,-0.010000000000000675,1
2009-08-11,-0.012740935298588774,1.0,-0.030000000000000027,-0.08999999999999986,-0.010000000000000009,0.029999999999999805,0.15812627015497596,-0.05999999999999961,1
2009-08-12,0.011459208667389476,-0.5399999999999991,-0.030000000000000027,0.010000000000000231,-0.010000000000000009,0.0900000000000003,0.15985470538017804,0.040000000000000036,1
2009-08-13,0.006856467654583476,-0.7399999999999984,-0.05999999999999983,-0.13000000000000034,0.0,0.020000000000000018,0.13382921721037308,-0.07000000000000028,1
2009-08-14,-0.00856799600909941,-0.4400000000000013,-0.050000000000000044,-0.040000000000000036,0.0,0.029999999999999805,0.13936370468698028,0.009999999999999787,1
2009-08-17,-0.024559914167756602,3.620000000000001,-0.030000000000000027,-0.06999999999999984,0.020000000000000018,0.06000000000000005,0.16899886479703707,-0.03999999999999959,1
2009-08-18,0.010094530726770579,-1.7100000000000009,0.020000000000000018,0.029999999999999805,0.0,-0.010000000000000231,0.16816127807720696,0.009999999999999787,1
2009-08-19,0.006837444128079184,0.08000000000000185,-0.050000000000000044,-0.05999999999999961,0.0,0.03000000000000025,0.16894543411117896,-0.009999999999999343,1
2009-08-20,0.01088925488191883,-1.1700000000000017,0.020000000000000018,-0.03000000000000025,0.0,-0.010000000000000231,0.1713654348185424,-0.05000000000000071,1
2009-08-21,0.018451470119857483,-0.0799999999999983,0.09999999999999987,0.14000000000000012,-0.010000000000000009,-0.029999999999999805,0.16511511147009678,0.04000000000000048,1
2009-08-24,-0.0005458887887188624,0.129999999999999,-0.07999999999999985,-0.08000000000000007,0.0,-0.010000000000000231,0.16539920779802722,-4.440892098500626e-16,1
2009-08-25,0.0023666114465754617,-0.21999999999999886,0.0,-0.029999999999999805,-0.010000000000000009,-0.040000000000000036,0.16537658175268596,-0.02999999999999936,1
2009-08-26,0.00011672470491674858,0.029999999999997584,0.010000000000000009,-0.010000000000000231,0.0,-0.029999999999999805,0.1646515040577983,-0.020000000000000462,1
2009-08-27,0.0027779144666819633,-0.2699999999999996,-0.020000000000000018,0.03000000000000025,-0.009999999999999981,-0.020000000000000018,0.16274242357096463,0.050000000000000266,1
2009-08-28,-0.0019903788774993103,0.08000000000000185,-0.030000000000000027,-0.010000000000000231,0.0,-0.009999999999999787,0.15994221407648768,0.020000000000000018,1
2009-08-31,-0.00810914155545106,1.25,-0.040000000000000036,-0.06000000000000005,0.009999999999999981,0.029999999999999805,0.16370907000291893,-0.020000000000000462,1
2009-09-01,-0.022372209085162353,3.139999999999997,-0.04999999999999993,-0.020000000000000018,0.0,0.029999999999999805,0.17557728505705666,0.03000000000000025,1
2009-09-02,-0.003301906361557805,-0.25,-0.030000000000000027,-0.08999999999999986,0.010000000000000009,-0.019999999999999574,0.1754769431185146,-0.06000000000000005,1
2009-09-03,0.008498592185028464,-1.7999999999999972,0.020000000000000018,0.040000000000000036,-0.010000000000000009,0.009999999999999787,0.17794952514979373,0.020000000000000018,1
2009-09-04,0.013032209953942164,-1.8399999999999999,0.029999999999999916,0.1200000000000001,0.0,0.0,0.18216556827864042,0.0900000000000003,1
2009-09-08,0.008806055564249071,0.35999999999999943,-0.009999999999999898,0.020000000000000018,0.0,-0.020000000000000018,0.178908127936619,0.029999999999999805,1
2009-09-09,0.007752278036299742,-1.3000000000000007,0.0,0.009999999999999787,0.0,0.029999999999999805,0.17987434961096238,0.009999999999999787,1
2009-09-10,0.0103682740223352,-0.7699999999999996,-0.030000000000000027,-0.1200000000000001,0.010000000000000009,-0.04999999999999982,0.17501260742191216,-0.08999999999999986,1
2009-09-11,-0.001351306228523086,0.5999999999999979,0.0,-0.020000000000000018,-0.010000000000000009,0.010000000000000231,0.17219322138277227,-0.020000000000000018,1
2009-09-14,0.006319121248784754,-0.28999999999999915,0.039999999999999925,0.08000000000000007,0.010000000000000009,-0.03000000000000025,0.17200107873166953,0.040000000000000036,1
2009-09-15,0.0031303992794082802,-0.4399999999999977,0.020000000000000018,0.050000000000000266,0.010000000000000009,-0.009999999999999787,0.16793523333791752,0.03000000000000025,1
2009-09-16,0.01520730356377964,0.2699999999999996,0.050000000000000044,0.009999999999999787,0.0,-0.020000000000000018,0.14252789456685167,-0.04000000000000048,1
2009-09-17,-0.0030643107028458516,-0.0400000000000027,-0.030000000000000027,-0.06000000000000005,-0.010000000000000009,-0.040000000000000036,0.14289196188274808,-0.029999999999999805,1
2009-09-18,0.0026338127223448637,0.2700000000000031,0.050000000000000044,0.07000000000000028,0.0,-0.020000000000000018,0.1424016332853241,0.020000000000000018,1
2009-09-21,-0.0034131006053623736,0.13999999999999702,-0.010000000000000009,0.0,-0.010000000000000009,0.009999999999999787,0.14143197481069242,0.010000000000000231,1
2009-09-22,0.006553348797968539,-0.9800000000000004,0.0,-0.03000000000000025,0.0,-0.020000000000000018,0.13022738511786222,-0.03000000000000025,1
2009-09-23,-0.010119521956322153,0.41000000000000014,-0.06000000000000005,-0.020000000000000018,0.0,0.0,0.1367094885272007,0.040000000000000036,1
2009-09-24,-0.009556580675497806,1.4600000000000009,-0.029999999999999916,-0.040000000000000036,-0.009999999999999981,0.020000000000000018,0.14201598432228799,-0.010000000000000231,1
2009-09-25,-0.00610933762206578,0.6600000000000001,0.04999999999999993,-0.06000000000000005,-0.010000000000000009,-0.029999999999999805,0.14414972962411396,-0.10999999999999988,1
2009-09-28,0.017652876598940992,-0.7300000000000004,0.0,-0.029999999999999805,0.0,-0.020000000000000018,0.15554910564931235,-0.029999999999999805,1
2009-09-29,-0.002232070205615777,0.3100000000000023,0.020000000000000018,0.0,-0.020000000000000004,0.0,0.15561880693632116,-0.020000000000000018,1
2009-09-30,-0.0033338243741827256,0.41999999999999815,-0.050000000000000044,0.0,-0.039999999999999994,0.04999999999999982,0.1527784229905465,0.050000000000000266,1
2009-10-01,-0.026097229359217877,2.66,-0.07999999999999996,-0.10000000000000009,0.039999999999999994,0.040000000000000036,0.1605140020696985,-0.020000000000000462,1
2009-10-02,-0.0045156909138386325,0.41000000000000014,0.010000000000000009,0.03000000000000025,0.020000000000000004,0.03000000000000025,0.16102521504481723,0.020000000000000462,1
2009-10-05,0.01476545340186508,-1.8399999999999999,0.0,0.0,0.0,0.020000000000000018,0.16587863577189504,0.0,1
2009-10-06,0.01361240580248424,-1.1400000000000006,0.030000000000000027,0.029999999999999805,-0.010000000000000009,-0.010000000000000231,0.16638792585651097,-4.440892098500626e-16,1
2009-10-07,0.002707950336313658,-1.0199999999999996,-0.040000000000000036,-0.06000000000000005,0.010000000000000009,-0.020000000000000018,0.16446505754619817,-0.020000000000000018,1
2009-10-08,0.00744212265492461,-0.5,0.030000000000000027,0.06000000000000005,-0.010000000000000009,0.040000000000000036,0.16431927073829877,0.03000000000000025,1
2009-10-09,0.005624801326693962,-1.0599999999999987,0.07999999999999996,0.1299999999999999,0.0,0.0,0.16188154018929363,0.04999999999999982,1
2009-10-12,0.004376822900050925,-0.10999999999999943,0.0,0.0,0.0,0.0,0.16194622260865016,0.0,1
2009-10-13,-0.0027915044786164245,-0.020000000000003126,-0.06999999999999995,-0.06000000000000005,0.0,-0.009999999999999787,0.16160797106893351,0.009999999999999787,1
2009-10-14,0.017393670575083675,-0.129999999999999,0.04999999999999993,0.11000000000000032,0.0,0.009999999999999787,0.17116931686263062,0.0600000000000005,1
2009-10-15,0.004148814767678033,-1.1400000000000006,0.010000000000000009,0.040000000000000036,0.010000000000000009,0.0,0.1643655997758065,0.03000000000000025,1
2009-10-16,-0.008131019415374752,-0.28999999999999915,0.0,-0.06000000000000005,-0.010000000000000009,-0.029999999999999805,0.1669475736134956,-0.0600000000000005,1
2009-10-19,0.00936138498911454,0.05999999999999872,0.020000000000000018,-0.020000000000000018,0.0,-0.020000000000000018,0.16939520054329488,-0.040000000000000036,1
2009-10-20,-0.006258671758938128,-0.5899999999999999,-0.040000000000000036,-0.06000000000000005,0.0,0.0,0.17067514743189857,-0.019999999999999574,1
2009-10-21,-0.008893202790022592,1.3200000000000003,0.050000000000000044,0.06999999999999984,-0.009999999999999995,-0.020000000000000018,0.17290537071416015,0.019999999999999574,1
2009-10-22,0.010587365660837733,-1.5299999999999976,-0.030000000000000027,0.020000000000000018,0.0,-0.010000000000000231,0.17186112794945946,0.04999999999999982,1
2009-10-23,-0.012253261464892695,1.5799999999999983,0.07000000000000006,0.06999999999999984,0.0,-0.08000000000000007,0.17426769331196332,0.0,1
2009-10-26,-0.011786491296216006,2.039999999999999,0.020000000000000018,0.08000000000000007,0.0,0.03000000000000025,0.1783657806124166,0.06000000000000005,1
2009-10-27,-0.0033233850224760886,0.5199999999999996,-0.07000000000000006,-0.09999999999999964,0.0,0.009999999999999787,0.16822971424846367,-0.029999999999999805,1
2009-10-28,-0.019734358686821274,3.080000000000002,-0.040000000000000036,-0.050000000000000266,0.0,0.010000000000000231,0.181576881907755,-0.009999999999999787,1
2009-10-29,0.022270142757217393,-3.1499999999999986,0.030000000000000027,0.08999999999999986,0.0,0.009999999999999787,0.19801817802649052,0.05999999999999961,1
2009-10-30,-0.0284659852080269,5.93,-0.07999999999999996,-0.11999999999999966,0.0,0.0,0.20213985825646094,-0.03999999999999959,1
2009-11-02,0.006435591961669651,-0.9100000000000001,0.020000000000000018,0.040000000000000036,0.009999999999999995,-0.009999999999999787,0.20241746294807383,0.020000000000000018,1
2009-11-03,0.0024230363003461264,-0.9700000000000024,0.0,0.04999999999999982,0.0,0.020000000000000018,0.19611595494706024,0.04999999999999982,1
2009-11-04,0.0010421099365114372,-1.0899999999999999,-0.010000000000000009,0.06999999999999984,0.010000000000000009,0.020000000000000018,0.19004522634486296,0.07999999999999963,1
2009-11-05,0.019052882642820457,-2.289999999999999,-0.010000000000000009,0.0,0.0,-0.03000000000000025,0.20147435140035544,0.010000000000000231,1
2009-11-06,0.0025000832337367385,-1.2399999999999984,-0.040000000000000036,-0.029999999999999805,-0.010000000000000009,0.0,0.20002173487803498,0.010000000000000231,1
2009-11-09,0.02199517078210711,-1.0400000000000027,0.010000000000000009,-0.020000000000000018,0.0,0.03000000000000025,0.21324792197104084,-0.03000000000000025,1
2009-11-10,-6.404127920056624e-05,-0.3099999999999987,-0.020000000000000018,-0.020000000000000018,0.010000000000000009,0.029999999999999805,0.21290334015869736,0.0,1
2009-11-11,0.005019357840424732,0.1999999999999993,0.0,0.0,0.0,0.0,0.21299090289369815,0.0,1
2009-11-12,-0.010312341187162843,1.1999999999999993,-0.030000000000000027,-0.04999999999999982,-0.010000000000000009,0.020000000000000018,0.20786482900006847,-0.019999999999999574,1
2009-11-13,0.005722896135947231,-0.879999999999999,0.0,-0.020000000000000018,0.0,-0.009999999999999787,0.20835156967219873,-0.020000000000000018,1
2009-11-16,0.014363914689886847,-0.46999999999999886,-0.039999999999999925,-0.10000000000000009,0.0,-0.010000000000000231,0.2120125422732345,-0.0600000000000005,1
2009-11-17,0.0009190763029707227,-0.4800000000000004,0.0,0.0,0.0,0.0,0.2097912913797678,0.0,1
2009-11-18,-0.00046844315578375983,-0.7800000000000011,-0.010000000000000009,0.029999999999999805,-0.009999999999999995,0.020000000000000018,0.20838277936573457,0.040000000000000036,1
2009-11-19,-0.01351678401242129,1.0,-0.040000000000000036,-0.009999999999999787,0.0,-0.020000000000000018,0.2116851099208499,0.03000000000000025,1
2009-11-20,-0.0032200843821987846,-0.4399999999999977,0.020000000000000018,0.009999999999999787,0.0,0.010000000000000231,0.20885412872010814,-0.010000000000000231,1
2009-11-23,0.013523927236079203,-1.0300000000000011,0.020000000000000018,0.010000000000000231,0.009999999999999995,-0.010000000000000231,0.20899140112006853,-0.009999999999999787,1
2009-11-24,-0.00053348042985224,-0.6900000000000013,-0.040000000000000036,-0.050000000000000266,0.0,0.010000000000000231,0.20377790955641495,-0.010000000000000231,1
2009-11-25,0.004494024564985821,0.010000000000001563,0.0,-0.040000000000000036,-0.009999999999999995,0.020000000000000018,0.203149802027011,-0.040000000000000036,1
2009-11-27,-0.017383686624440564,4.370000000000001,-0.04999999999999993,-0.06999999999999984,0.009999999999999995,0.040000000000000036,0.20011144972205505,-0.020000000000000018,1
2009-11-30,0.0037858050263812615,-0.33999999999999986,-0.010000000000000009,0.0,0.010000000000000009,0.0,0.18651254987309807,0.010000000000000231,1
2009-12-01,0.012002920255385519,-2.59,0.0,0.06999999999999984,0.0,0.009999999999999787,0.15518777587017585,0.06999999999999984,1
2009-12-02,0.0003426355923696889,-0.8000000000000007,0.04999999999999993,0.040000000000000036,0.0,-0.04999999999999982,0.155036089858276,-0.010000000000000231,1
2009-12-03,-0.00843764624911092,1.3399999999999999,0.020000000000000018,0.07000000000000028,0.0,-0.020000000000000018,0.15997645046690093,0.05000000000000071,1
2009-12-04,0.005494369867158788,-1.2100000000000009,0.09999999999999998,0.08999999999999986,-0.010000000000000009,-0.020000000000000018,0.1602363776890649,-0.010000000000000231,1
2009-12-07,-0.0024714505864809055,0.8500000000000014,-0.05999999999999994,-0.040000000000000036,0.0,0.020000000000000018,0.14942749862400906,0.020000000000000018,1
2009-12-08,-0.01030443840928541,1.5899999999999999,-0.050000000000000044,-0.040000000000000036,0.0,-0.010000000000000231,0.15494519570921156,0.009999999999999787,1
2009-12-09,0.0036656362889901928,-1.0300000000000011,0.030000000000000027,0.050000000000000266,0.0,-0.029999999999999805,0.1354284103741345,0.020000000000000462,1
2009-12-10,0.005822697613628414,-0.33999999999999986,0.020000000000000018,0.040000000000000036,0.0,0.040000000000000036,0.13685275006192418,0.019999999999999574,1
2009-12-11,0.0036762749892007562,-0.7300000000000004,0.04999999999999993,0.05999999999999961,0.0,-0.07000000000000028,0.1363603748853079,0.009999999999999787,1
2009-12-14,0.006935340247747668,-0.4400000000000013,0.040000000000000036,0.010000000000000231,0.0,-0.06999999999999984,0.13241396158074883,-0.029999999999999805,1
2009-12-15,-0.005562470463759794,0.33999999999999986,0.010000000000000009,0.040000000000000036,0.010000000000000009,0.009999999999999787,0.13328483829120785,0.03000000000000025,1
2009-12-16,0.0011275941495414443,-0.9499999999999993,-0.030000000000000027,0.009999999999999787,0.010000000000000009,-0.029999999999999805,0.1236309534079836,0.03999999999999959,1
2009-12-17,-0.011880825020866403,1.9700000000000024,-0.07999999999999996,-0.10999999999999988,-0.010000000000000009,-0.020000000000000018,0.13020194197873486,-0.029999999999999805,1
2009-12-18,0.005812938521571276,-0.8300000000000018,0.04999999999999993,0.04999999999999982,-0.010000000000000009,-0.020000000000000018,0.13209527331799603,0.0,1
2009-12-21,0.010448906716990614,-1.1900000000000013,0.07000000000000006,0.14000000000000012,0.0,-0.040000000000000036,0.12794031794905472,0.06999999999999984,0
2009-12-22,0.0035572398592780274,-0.9499999999999993,0.05999999999999994,0.06999999999999984,0.0,-0.040000000000000036,0.12739286673060846,0.009999999999999787,0
2009-12-23,0.002296068657847705,0.1700000000000017,0.010000000000000009,0.010000000000000231,-0.009999999999999995,-0.020000000000000018,0.1193321505202039,4.440892098500626e-16,0
2009-12-24,0.0052423943085155855,-0.240000000000002,0.040000000000000036,0.04999999999999982,0.0,0.020000000000000018,0.1203059067960992,0.009999999999999787,0
2009-12-28,0.0011533719660663522,0.46000000000000085,0.09000000000000008,0.03000000000000025,0.009999999999999995,-0.009999999999999787,0.11959901759496147,-0.06000000000000005,1
2009-12-29,-0.0014019647546046343,0.08000000000000185,0.0,-0.03000000000000025,0.0,-0.050000000000000266,0.10036900100753908,-0.03000000000000025,0
2009-12-30,0.00019532810744760098,-0.05000000000000071,-0.010000000000000009,-0.020000000000000018,-0.009999999999999995,-0.029999999999999805,0.10010482766712729,-0.009999999999999787,1
2009-12-31,-0.010100374956649283,1.7199999999999989,0.05999999999999983,0.050000000000000266,-0.06,-0.020000000000000018,0.09966489193290347,-0.009999999999999787,1
2010-01-04,0.01591606889240893,-1.6400000000000006,-0.04999999999999982,0.0,0.06999999999999999,0.0,0.11345954939505448,0.04999999999999982,0
2010-01-05,0.0031108061622848737,-0.6899999999999977,-0.08000000000000007,-0.08000000000000007,0.0,-0.010000000000000231,0.1082790494297321,0.0,0
2010-01-06,0.0005453761911349275,-0.19000000000000128,0.0,0.08000000000000007,0.0,-0.03999999999999959,0.10736587994497328,0.08000000000000007,0
2010-01-07,0.003993282558423239,-0.10000000000000142,0.020000000000000018,0.0,-0.01999999999999999,-0.010000000000000231,0.10682122873363772,-0.019999999999999574,0
2010-01-08,0.002877548811309083,-0.9299999999999997,-0.07000000000000006,-0.020000000000000018,0.009999999999999995,0.010000000000000231,0.09762783176801329,0.04999999999999982,0
2010-01-11,0.0017452315988402134,-0.5799999999999983,-0.010000000000000009,0.020000000000000018,0.0,-0.020000000000000018,0.09750568221899214,0.03000000000000025,0
2010-01-12,-0.009425437682849314,0.6999999999999993,-0.029999999999999916,-0.10999999999999988,0.0,0.009999999999999787,0.1043684960702015,-0.08000000000000007,0
2010-01-13,0.008291383667578422,-0.3999999999999986,0.04999999999999993,0.05999999999999961,0.0,0.020000000000000018,0.10680977686166053,0.009999999999999787,0
2010-01-14,0.0024235673156267623,-0.22000000000000242,-0.030000000000000027,-0.040000000000000036,0.0,-0.040000000000000036,0.10513281754289405,-0.010000000000000231,0
2010-01-15,-0.010882186102969982,0.28000000000000114,-0.04999999999999993,-0.05999999999999961,0.009999999999999995,0.020000000000000018,0.11104969789025833,-0.009999999999999787,0
2010-01-19,0.012422193976858509,-0.33000000000000185,0.040000000000000036,0.029999999999999805,0.010000000000000009,0.0,0.11766191272828516,-0.010000000000000231,0
2010-01-20,-0.010654437906524983,1.1000000000000014,-0.010000000000000009,-0.04999999999999982,0.0,0.0,0.11593841470243632,-0.03999999999999959,1
2010-01-21,-0.019126605455027423,3.59,-0.050000000000000044,-0.06000000000000005,-0.010000000000000009,0.029999999999999805,0.13555989347042027,-0.010000000000000231,1
2010-01-22,-0.02238980606855101,5.039999999999999,-0.030000000000000027,0.0,-0.009999999999999995,0.020000000000000018,0.15220982507355732,0.03000000000000025,1
2010-01-25,0.004587541286927177,-1.8999999999999986,0.020000000000000018,0.040000000000000036,0.009999999999999995,0.03000000000000025,0.15263654832845802,0.020000000000000018,1
2010-01-26,-0.004212071372766246,-0.8599999999999994,0.010000000000000009,-0.010000000000000231,0.0,0.029999999999999805,0.15257726916816247,-0.020000000000000462,1
2010-01-27,0.004868323105307049,-1.4100000000000001,0.030000000000000027,0.010000000000000231,0.0,-0.020000000000000018,0.15238291561038345,-0.019999999999999574,1
2010-01-28,-0.011888152547708586,0.5899999999999999,-0.030000000000000027,0.020000000000000018,0.0,0.0,0.15644359501504923,0.04999999999999982,1
2010-01-29,-0.009877767489622435,0.8900000000000006,-0.050000000000000044,-0.050000000000000266,0.0,0.0,0.15886593691656944,0.0,1
2010-02-01,0.014165354795150797,-2.030000000000001,0.040000000000000036,0.050000000000000266,0.020000000000000018,0.0,0.16866157141960053,0.010000000000000231,1
2010-02-02,0.012889515330687829,-1.1099999999999994,0.0,-0.010000000000000231,0.0,-0.009999999999999787,0.17281427873975275,-0.010000000000000231,1
2010-02-03,-0.00548942576327871,0.120000000000001,0.020000000000000018,0.06000000000000005,-0.010000000000000009,0.020000000000000018,0.1628032472483983,0.040000000000000036,1
2010-02-04,-0.03163581557141004,4.479999999999997,-0.07999999999999996,-0.10999999999999988,0.010000000000000009,0.040000000000000036,0.192181209425091,-0.029999999999999805,1
2010-02-05,0.002892971538173583,0.030000000000001137,-0.030000000000000027,-0.03000000000000025,-0.010000000000000009,0.0,0.19292517017677815,-4.440892098500626e-16,1
2010-02-08,-0.008902848815299791,0.40000000000000213,0.020000000000000018,0.03000000000000025,0.0,0.020000000000000018,0.1921486405154664,0.010000000000000231,1
2010-02-09,0.012955814287673562,-0.5100000000000016,0.04999999999999993,0.04999999999999982,0.0,0.009999999999999787,0.19951412953514774,0.0,1
2010-02-10,-0.002235055754734816,-0.6000000000000014,0.07000000000000006,0.050000000000000266,-0.010000000000000009,0.010000000000000231,0.19874549963726854,-0.020000000000000018,1
2010-02-11,0.009633914071686789,-1.4399999999999977,0.0,0.009999999999999787,0.0,0.040000000000000036,0.2023878436186213,0.009999999999999787,1
2010-02-12,-0.0027484023651567213,-1.2300000000000004,-0.07000000000000006,-0.040000000000000036,0.0,0.020000000000000018,0.19855887615305567,0.03000000000000025,1
2010-02-16,0.017840667075975425,-0.4800000000000004,-0.020000000000000018,-0.029999999999999805,0.010000000000000009,0.009999999999999787,0.21068637497634632,-0.009999999999999787,1
2010-02-17,0.004228991255193826,-0.5300000000000011,0.050000000000000044,0.08000000000000007,-0.010000000000000009,0.0,0.20940748429239325,0.029999999999999805,1
2010-02-18,0.006563166615593197,-1.0899999999999999,0.030000000000000027,0.04999999999999982,0.0,-0.009999999999999787,0.2054253975524909,0.020000000000000018,1
2010-02-19,0.002184195243594367,-0.6099999999999994,0.04999999999999993,-0.010000000000000231,0.010000000000000009,-0.07000000000000028,0.2032834534923133,-0.06000000000000005,0
2010-02-22,-0.0010463743185855634,-0.0799999999999983,-0.039999999999999925,0.020000000000000018,-0.010000000000000009,0.0,0.19258737576422413,0.05999999999999961,1
2010-02-23,-0.012176613827441507,1.4299999999999997,-0.040000000000000036,-0.10999999999999988,0.0,0.0,0.1807551413867315,-0.06999999999999984,1
2010-02-24,0.009673506228844886,-1.1000000000000014,0.0,0.010000000000000231,-0.009999999999999995,0.0,0.18318007075469922,0.010000000000000231,1
2010-02-25,-0.002083164263557258,-0.16999999999999815,-0.050000000000000044,-0.06000000000000005,0.009999999999999995,-0.009999999999999787,0.18265739563020478,-0.009999999999999787,0
2010-02-26,0.0014043482735504043,-0.6000000000000014,-0.009999999999999898,-0.03000000000000025,0.010000000000000009,-0.020000000000000018,0.18199872723830418,-0.020000000000000462,0
2010-03-01,0.01010728359319124,-0.23999999999999844,-0.010000000000000009,0.0,0.010000000000000009,0.029999999999999805,0.1793659068505989,0.009999999999999787,0
2010-03-02,0.0023276435966410602,-0.20000000000000284,0.0,0.010000000000000231,0.0,-0.009999999999999787,0.1746610473981465,0.010000000000000675,0
2010-03-03,0.00042912700135566695,-0.23000000000000043,0.019999999999999907,0.009999999999999787,0.009999999999999981,-0.010000000000000231,0.16892515839024233,-0.010000000000000231,0
2010-03-04,0.003729217083265901,-0.10999999999999943,0.040000000000000036,-0.020000000000000018,0.010000000000000009,-0.009999999999999787,0.163896233615436,-0.06000000000000005,0
2010-03-05,0.013910299593449693,-1.2999999999999972,0.050000000000000044,0.08000000000000007,0.010000000000000009,-0.010000000000000231,0.16817721499541086,0.029999999999999805,0
2010-03-08,-0.00017565431276533872,0.36999999999999744,-0.010000000000000009,0.03000000000000025,-0.020000000000000018,-0.020000000000000018,0.11696537694684521,0.04000000000000048,0
2010-03-09,0.001711314838761524,0.13000000000000256,-0.010000000000000009,-0.010000000000000231,-0.009999999999999981,0.020000000000000018,0.11708398538992323,-4.440892098500626e-16,0
2010-03-10,0.004514324876006448,0.6499999999999986,0.030000000000000027,0.020000000000000018,0.0,-0.020000000000000018,0.10851112012725783,-0.009999999999999787,0
2010-03-11,0.004033370016998994,-0.5100000000000016,0.04999999999999993,0.0,0.009999999999999981,-0.029999999999999805,0.10335131766945144,-0.050000000000000266,0
2010-03-12,-0.00021736956824636167,-0.4800000000000004,0.0,-0.020000000000000018,0.020000000000000018,-0.010000000000000231,0.10219000710238986,-0.019999999999999574,0
2010-03-15,0.00045207564343030526,0.4200000000000017,-0.010000000000000009,0.0,0.03,0.010000000000000231,0.10019471079592361,0.009999999999999787,0
2010-03-16,0.007749057161496431,-0.3099999999999987,-0.029999999999999916,-0.04999999999999982,0.0,-0.010000000000000231,0.09909462732144333,-0.020000000000000018,0
2010-03-17,0.005804795137565044,-0.7800000000000011,0.019999999999999907,-0.010000000000000231,-0.020000000000000018,-0.020000000000000018,0.08504397326063443,-0.029999999999999805,0
2010-03-18,-0.00032589492749934834,-0.28999999999999915,0.030000000000000027,0.03000000000000025,0.0,-0.009999999999999787,0.0856799219912078,0.0,0
2010-03-19,-0.005099485194476117,0.34999999999999787,0.040000000000000036,0.020000000000000018,0.0,-0.029999999999999805,0.08867936860740804,-0.020000000000000018,0
2010-03-22,0.005082329887481585,-0.09999999999999787,-0.010000000000000009,-0.03000000000000025,0.0,0.009999999999999787,0.08922561882509006,-0.020000000000000018,0
2010-03-23,0.007145390618215508,-0.5199999999999996,0.010000000000000009,0.020000000000000018,-0.009999999999999981,0.009999999999999787,0.08978243163974675,0.009999999999999787,0
2010-03-24,-0.005508385371630453,1.1999999999999993,0.06000000000000005,0.1499999999999999,0.0,-0.029999999999999805,0.07800155137217478,0.08999999999999986,0
2010-03-25,-0.0017056294177608677,0.8499999999999979,0.020000000000000018,0.07000000000000028,0.0,-0.009999999999999787,0.07580980360943015,0.050000000000000266,0
2010-03-26,0.0007374631602656834,-0.629999999999999,-0.06000000000000005,-0.050000000000000266,0.0,0.020000000000000018,0.07425745841625296,0.009999999999999787,0
2010-03-29,0.005667141985337132,-0.17999999999999972,0.0,0.020000000000000018,-0.010000000000000009,0.0,0.07480698822791929,0.020000000000000018,0
2010-03-30,4.261684474116123e-05,-0.46000000000000085,0.020000000000000018,0.0,0.0,-0.010000000000000231,0.07054966302495602,-0.020000000000000018,0
2010-03-31,-0.0032782716003421086,0.46000000000000085,-0.040000000000000036,-0.040000000000000036,-0.07,-0.009999999999999787,0.07323895551082697,0.0,0
2010-04-01,0.007386520657934881,-0.120000000000001,0.030000000000000027,0.050000000000000266,0.08000000000000002,-0.03000000000000025,0.07514565371805926,0.020000000000000018,0
2010-04-05,0.007896758064435794,-0.4499999999999993,0.1299999999999999,0.11999999999999966,0.03,-0.009999999999999787,0.07738610775954677,-0.009999999999999787,0
2010-04-06,0.0016828787923781618,-0.7899999999999991,-0.040000000000000036,-0.029999999999999805,0.0,0.029999999999999805,0.06569334133813377,0.009999999999999787,0
2010-04-07,-0.005894050934860395,0.39000000000000057,-0.07999999999999985,-0.08999999999999986,-0.010000000000000009,-0.020000000000000018,0.07093999448307933,-0.009999999999999787,0
2010-04-08,0.0033686695230148445,-0.14000000000000057,0.030000000000000027,0.020000000000000018,0.0,-0.009999999999999787,0.0711448361067004,-0.009999999999999787,0
2010-04-09,0.006661622998832328,-0.33999999999999986,-0.010000000000000009,-0.010000000000000231,0.0,0.0,0.07252121621530591,-4.440892098500626e-16,0
2010-04-12,0.001765063092874719,-0.5600000000000005,-0.010000000000000009,-0.029999999999999805,0.0,-0.03000000000000025,0.0721385651926046,-0.020000000000000018,0
2010-04-13,0.0006851089340491612,0.6199999999999992,0.0,-0.03000000000000025,0.010000000000000009,0.0,0.07187571979234672,-0.03000000000000025,0
2010-04-14,0.011088383715692984,-0.6099999999999994,0.0,0.040000000000000036,0.0,0.0,0.07829617208216937,0.040000000000000036,0
2010-04-15,0.0008421678888721473,0.3000000000000007,-0.030000000000000027,-0.020000000000000018,0.01999999999999999,0.020000000000000018,0.07600200721665855,0.010000000000000231,0
2010-04-16,-0.016257950246036934,2.469999999999999,-0.06000000000000005,-0.06999999999999984,-0.010000000000000009,0.010000000000000231,0.09775599476579755,-0.009999999999999787,0
2010-04-19,0.004511128525654051,-1.0199999999999996,0.030000000000000027,0.040000000000000036,-0.009999999999999981,-0.010000000000000231,0.09833451181166544,0.010000000000000231,0
2010-04-20,0.008026025643237844,-1.6099999999999994,0.040000000000000036,-0.010000000000000231,0.0,-0.020000000000000018,0.09812176686469838,-0.05000000000000071,0
2010-04-21,-0.001019431444502672,0.5899999999999999,-0.020000000000000018,-0.04999999999999982,0.0,-0.020000000000000018,0.09790638078266113,-0.02999999999999936,0
2010-04-22,0.0022612356970688197,0.14999999999999858,0.040000000000000036,0.029999999999999805,0.0,0.0,0.09586873299227218,-0.010000000000000675,0
2010-04-23,0.007098279974131927,0.15000000000000213,0.030000000000000027,0.040000000000000036,0.0,-0.009999999999999787,0.09439231768734468,0.010000000000000231,0
2010-04-26,-0.004305720573172245,0.8499999999999979,-0.010000000000000009,-0.009999999999999787,0.0,0.009999999999999787,0.09608580391600131,4.440892098500626e-16,1
2010-04-27,-0.02365956689307236,5.34,-0.06000000000000005,-0.1200000000000001,0.0,0.010000000000000231,0.13062328105517199,-0.0600000000000005,1
2010-04-28,0.00644193767368062,-1.7300000000000004,0.0,0.08999999999999986,0.0,-0.010000000000000231,0.13102194519502347,0.08999999999999986,0
2010-04-29,0.012860143708832261,-2.639999999999997,-0.020000000000000018,-0.040000000000000036,-0.010000000000000009,-0.009999999999999787,0.13753539888512412,-0.019999999999999574,1
2010-04-30,-0.016787736487182237,3.6099999999999994,-0.040000000000000036,-0.06999999999999984,0.010000000000000009,0.009999999999999787,0.15059425794691905,-0.03000000000000025,1
2010-05-03,0.013035199954752663,-1.8599999999999994,0.030000000000000027,0.03000000000000025,0.0,-0.009999999999999787,0.1549633979379013,4.440892098500626e-16,1
2010-05-04,-0.024127171031983252,3.6499999999999986,-0.040000000000000036,-0.0900000000000003,0.009999999999999981,0.009999999999999787,0.17529244179423328,-0.050000000000000266,1
2010-05-05,-0.006608358415364002,1.0700000000000003,-0.07999999999999996,-0.04999999999999982,0.0,0.020000000000000018,0.17630686495007025,0.03000000000000025,1
2010-05-06,-0.0328884664728859,7.889999999999997,-0.13,-0.16999999999999993,-0.009999999999999981,0.010000000000000231,0.2078211312375914,-0.040000000000000036,1
2010-05-07,-0.015426628935558462,8.150000000000006,0.07999999999999996,0.040000000000000036,0.0,0.13999999999999968,0.21159624794720894,-0.040000000000000036,1
2010-05-10,0.043034725382265826,-12.110000000000003,0.040000000000000036,0.11999999999999966,0.0,-0.020000000000000018,0.2638698314855225,0.07999999999999963,1
2010-05-11,-0.0034031265569005598,-0.5199999999999996,-0.020000000000000018,-0.009999999999999787,0.0,0.050000000000000266,0.26369566042381043,0.010000000000000231,1
2010-05-12,0.01364598869249356,-2.8000000000000007,0.040000000000000036,0.0,0.0,0.029999999999999805,0.26891097669837133,-0.040000000000000036,1
2010-05-13,-0.012219411759089027,1.1600000000000001,-0.020000000000000018,-0.010000000000000231,0.0,-0.009999999999999787,0.2677948702008621,0.009999999999999787,1
2010-05-14,-0.018979079305601054,4.559999999999999,-0.07999999999999996,-0.10999999999999988,0.0,-0.010000000000000231,0.27374976739489887,-0.029999999999999805,1
2010-05-17,0.0011088524514457632,-0.3999999999999986,0.020000000000000018,0.03000000000000025,0.009999999999999981,0.0,0.2698013999925452,0.010000000000000231,1
2010-05-18,-0.014297726886780993,2.7099999999999973,-0.050000000000000044,-0.0900000000000003,0.0,0.020000000000000018,0.27171676185043747,-0.040000000000000036,1
2010-05-19,-0.005143469084670116,1.7700000000000031,0.040000000000000036,-0.020000000000000018,-0.009999999999999981,0.040000000000000036,0.26870294975926423,-0.0600000000000005,1
2010-05-20,-0.039755720151453566,10.469999999999999,-0.040000000000000036,-0.10999999999999988,0.0,0.0900000000000003,0.29582521266012696,-0.0699999999999994,1
2010-05-21,0.014912654559367411,-5.689999999999998,0.0,-0.04999999999999982,0.0,0.019999999999999574,0.30322825403268283,-0.04999999999999982,1
2010-05-24,-0.012992122932899086,-1.7800000000000011,0.010000000000000009,0.029999999999999805,0.009999999999999981,0.03000000000000025,0.3010889813409129,0.019999999999999574,1
2010-05-25,0.0003538702264442861,-3.710000000000001,0.040000000000000036,-0.04999999999999982,0.0,0.020000000000000018,0.30184693463705387,-0.08999999999999986,1
2010-05-26,-0.0056770056947721415,0.4100000000000037,0.009999999999999898,0.029999999999999805,-0.009999999999999981,0.06000000000000005,0.2947528906374363,0.020000000000000018,1
2010-05-27,0.03234721292804199,-5.340000000000003,0.050000000000000044,0.1299999999999999,0.0,0.020000000000000018,0.3199012705253307,0.07999999999999963,1
2010-05-28,-0.012451870600624027,2.3900000000000006,-0.10999999999999999,-0.029999999999999805,-0.010000000000000009,0.0,0.3154094779466377,0.08000000000000007,1
2010-06-01,-0.01731428546730296,3.469999999999999,0.020000000000000018,-0.020000000000000018,0.010000000000000009,0.029999999999999805,0.31566528391818144,-0.040000000000000036,1
2010-06-02,0.02551438718007315,-5.369999999999997,0.039999999999999925,0.06000000000000005,0.0,-0.009999999999999787,0.3273418772034995,0.020000000000000462,1
2010-06-03,0.004043236276677575,-0.7100000000000009,0.0,0.040000000000000036,-0.010000000000000009,0.009999999999999787,0.3203164502002501,0.040000000000000036,1
2010-06-04,-0.03501748652291514,6.019999999999996,-0.09999999999999998,-0.18999999999999995,0.0,0.03000000000000025,0.3389664118203139,-0.08999999999999986,1
2010-06-07,-0.01362443369109645,1.0900000000000034,0.020000000000000018,-0.03000000000000025,0.0,0.04999999999999982,0.3247770784697757,-0.05000000000000071,1
2010-06-08,0.010916239754216406,-2.8699999999999974,0.0,0.010000000000000231,0.0,-0.009999999999999787,0.3253027811861901,0.010000000000000675,1
2010-06-09,-0.005959341239087479,0.02999999999999403,0.0,0.020000000000000018,-0.010000000000000009,0.009999999999999787,0.28079971923318026,0.019999999999999574,1
2010-06-10,0.029079821612060464,-3.1599999999999966,0.050000000000000044,0.1299999999999999,0.0,0.009999999999999787,0.30395439897448806,0.08000000000000007,1
2010-06-11,0.004370106659326467,-1.7800000000000011,-0.040000000000000036,-0.08999999999999986,0.0,0.03000000000000025,0.29924293192319,-0.04999999999999982,1
2010-06-14,-0.001806320778315218,-0.21000000000000085,0.020000000000000018,0.03999999999999959,0.0,0.020000000000000018,0.2975324238806053,0.019999999999999574,1
2010-06-15,0.02322247259286936,-2.7099999999999973,0.020000000000000018,0.040000000000000036,0.010000000000000009,-0.010000000000000231,0.30458285502924437,0.020000000000000018,1
2010-06-16,-0.0005560937250894682,0.05000000000000071,-0.040000000000000036,-0.04999999999999982,0.0,0.020000000000000018,0.304501481207754,-0.009999999999999787,1
2010-06-17,0.0012821376691949382,-0.870000000000001,-0.030000000000000027,-0.06000000000000005,0.0,-0.029999999999999805,0.3006514908809408,-0.029999999999999805,1
2010-06-18,0.0013162904007035792,-1.1000000000000014,0.020000000000000018,0.03000000000000025,-0.010000000000000009,0.0,0.30014624402098644,0.009999999999999787,1
2010-06-21,-0.003864245341810957,0.9299999999999997,0.0,0.019999999999999574,-0.009999999999999981,-0.020000000000000018,0.2636163204527374,0.019999999999999574,1
2010-06-22,-0.01620132244496908,2.1700000000000017,-0.030000000000000027,-0.07999999999999963,0.009999999999999981,0.020000000000000018,0.26615836210512156,-0.04999999999999938,1
2010-06-23,-0.0029899215361499643,-0.14000000000000057,-0.04999999999999993,-0.050000000000000266,-0.009999999999999981,0.009999999999999787,0.2620730298745927,-4.440892098500626e-16,1
2010-06-24,-0.016946192862424603,2.8299999999999983,0.010000000000000009,0.010000000000000231,-0.010000000000000009,0.03000000000000025,0.2692063948483817,4.440892098500626e-16,1
2010-06-25,0.0028552182897740863,-1.2099999999999973,-0.020000000000000018,-0.020000000000000018,0.0,0.009999999999999787,0.2685670983098245,0.0,1
2010-06-28,-0.0020359505575431314,0.46999999999999886,-0.030000000000000027,-0.07000000000000028,0.010000000000000009,0.010000000000000231,0.2421285942774487,-0.04000000000000048,1
2010-06-29,-0.031508270947024464,5.130000000000003,-0.010000000000000009,-0.07999999999999963,-0.020000000000000018,0.020000000000000018,0.2614675409566336,-0.0699999999999994,1
2010-06-30,-0.010164425453543124,0.4099999999999966,0.0,0.0,-0.06,-0.040000000000000036,0.25738513556549597,0.0,1
2010-07-01,-0.0032457464551480797,-1.6799999999999997,0.020000000000000018,-0.010000000000000231,0.08000000000000002,-0.06000000000000005,0.2374176554722777,-0.03000000000000025,1
2010-07-02,-0.004673293219507713,-2.7399999999999984,0.0,0.040000000000000036,0.009999999999999981,0.020000000000000018,0.23599084608592472,0.040000000000000036,1
2010-07-06,0.00534468560545065,-0.4700000000000024,-0.010000000000000009,-0.04999999999999982,0.0,0.009999999999999787,0.20804563947580498,-0.040000000000000036,1
2010-07-07,0.030850061581731758,-2.8099999999999987,0.010000000000000009,0.04999999999999982,0.0,0.03000000000000025,0.2315751867308253,0.040000000000000036,1
2010-07-08,0.009368673372673442,-1.129999999999999,0.0,0.040000000000000036,-0.009999999999999981,-0.010000000000000231,0.23075383520359535,0.040000000000000036,1
2010-07-09,0.007178100004059829,-0.7300000000000004,0.0,0.029999999999999805,0.009999999999999981,0.0,0.230702245093958,0.029999999999999805,1
2010-07-12,0.0007325973685219367,-0.5500000000000007,0.020000000000000018,0.010000000000000231,-0.009999999999999981,-0.020000000000000018,0.20688948731524942,-0.009999999999999787,1
2010-07-13,0.015261853940210734,0.129999999999999,0.020000000000000018,0.06999999999999984,0.0,-0.020000000000000018,0.21336341382896473,0.04999999999999982,1
2010-07-14,-0.0001552149959058724,0.33000000000000185,-0.050000000000000044,-0.08000000000000007,0.0,-0.009999999999999787,0.21324803929843006,-0.03000000000000025,1
2010-07-15,0.0011954464955712396,0.25,-0.010000000000000009,-0.06999999999999984,0.01999999999999999,0.0,0.1963178543692294,-0.05999999999999961,1
2010-07-16,-0.029242932098749286,1.1099999999999994,0.0,-0.040000000000000036,0.0,0.020000000000000018,0.21962294408834898,-0.040000000000000036,1
2010-07-19,0.00596407417322542,-0.28000000000000114,0.0,0.03000000000000025,0.0,0.0,0.22114472806177563,0.03000000000000025,1
2010-07-20,0.011351892195398783,-2.039999999999999,0.0,-0.010000000000000231,-0.010000000000000009,-0.04999999999999982,0.22569827779276672,-0.010000000000000231,1
2010-07-21,-0.01290268565281405,1.7100000000000009,-0.030000000000000027,-0.08000000000000007,0.0,-0.010000000000000231,0.22905189801547993,-0.050000000000000266,1
2010-07-22,0.022263615685037763,-1.0100000000000016,0.020000000000000018,0.06000000000000005,0.0,-0.009999999999999787,0.2374022048099552,0.040000000000000036,1
2010-07-23,0.008186429368369552,-1.1600000000000001,0.0,0.06000000000000005,0.010000000000000009,-0.020000000000000018,0.23882365726441532,0.06000000000000005,1
2010-07-26,0.011137930955885444,-0.7399999999999984,0.020000000000000018,0.009999999999999787,0.0,-0.03000000000000025,0.2327703621988213,-0.010000000000000231,1
2010-07-27,-0.0010498688628368669,0.46000000000000085,0.030000000000000027,0.050000000000000266,0.0,-0.020000000000000018,0.2329399451902585,0.020000000000000462,1
2010-07-28,-0.00694606773895412,1.0599999999999987,-0.040000000000000036,-0.050000000000000266,0.010000000000000009,0.020000000000000018,0.23452449203319967,-0.010000000000000231,1
2010-07-29,-0.004167314402725886,-0.120000000000001,-0.020000000000000018,0.0,-0.010000000000000009,0.0,0.2032569817800133,0.020000000000000018,1
2010-07-30,6.354595509439065e-05,-0.629999999999999,-0.039999999999999925,-0.08999999999999986,-0.010000000000000009,-0.009999999999999787,0.198136459698263,-0.050000000000000266,1
2010-08-02,0.02178351962968783,-1.4899999999999984,0.010000000000000009,0.050000000000000266,0.010000000000000009,-0.010000000000000231,0.2067138192828992,0.04000000000000048,1
2010-08-03,-0.004807872789303502,0.6199999999999974,-0.030000000000000027,-0.050000000000000266,0.0,0.020000000000000018,0.2067884270582267,-0.020000000000000018,1
2010-08-04,0.006032851860419797,-0.41999999999999815,0.030000000000000027,0.040000000000000036,0.0,-0.020000000000000018,0.20684374810793735,0.009999999999999787,1
2010-08-05,-0.0012693905523795124,-0.10999999999999943,-0.030000000000000027,-0.040000000000000036,0.0,0.03000000000000025,0.18369453326532312,-0.009999999999999787,1
2010-08-06,-0.003710876580377054,-0.360000000000003,-0.030000000000000027,-0.08000000000000007,-0.010000000000000009,0.009999999999999787,0.18343941660180557,-0.050000000000000266,1
2010-08-09,0.005468065530920718,0.40000000000000213,0.040000000000000036,0.0,0.0,0.010000000000000231,0.18295361501172963,-0.040000000000000036,1
2010-08-10,-0.005985299233984165,0.23000000000000043,-0.020000000000000018,-0.06999999999999984,0.0,0.09999999999999964,0.18507798246743773,-0.04999999999999982,1
2010-08-11,-0.028583326840638357,3.0199999999999996,0.020000000000000018,-0.06999999999999984,-0.009999999999999981,-0.020000000000000018,0.20611651140202752,-0.08999999999999986,1
2010-08-12,-0.005393279772832216,0.33999999999999986,0.010000000000000009,0.020000000000000018,0.009999999999999981,0.010000000000000231,0.2068815517482588,0.010000000000000231,1
2010-08-13,-0.004031704230371247,0.509999999999998,-0.010000000000000009,-0.06000000000000005,0.010000000000000009,0.009999999999999787,0.20713237969828227,-0.050000000000000266,1
2010-08-16,0.00012044676499201046,-0.13999999999999702,-0.030000000000000027,-0.10000000000000009,0.010000000000000009,-0.04999999999999982,0.1793596816140272,-0.06999999999999984,1
2010-08-17,0.012118458371228158,-1.7700000000000031,0.010000000000000009,0.06000000000000005,0.0,-0.009999999999999787,0.18289204611281645,0.04999999999999982,1
2010-08-18,0.0014816850014884864,0.26000000000000156,-0.010000000000000009,0.0,-0.010000000000000009,-0.050000000000000266,0.17896393184092116,0.009999999999999787,1
2010-08-19,-0.017080409158098497,1.8500000000000014,-0.020000000000000018,-0.06000000000000005,0.0,-0.009999999999999787,0.18342595492867117,-0.040000000000000036,1
2010-08-20,-0.003669694709267368,-0.9500000000000028,0.0,0.040000000000000036,0.010000000000000009,-0.03000000000000025,0.1653513097448234,0.040000000000000036,1
2010-08-23,-0.004048531744724748,0.1700000000000017,0.0,-0.020000000000000018,-0.010000000000000009,0.040000000000000036,0.16221979881805407,-0.019999999999999574,1
2010-08-24,-0.01461877744395057,1.8000000000000007,0.010000000000000009,-0.10000000000000009,0.0,0.010000000000000231,0.16137290309814506,-0.11000000000000032,1
2010-08-25,0.0032839816909078223,-0.7600000000000016,0.030000000000000027,0.040000000000000036,0.0,-0.010000000000000231,0.16265025598462687,0.009999999999999787,1
2010-08-26,-0.007714480246336919,0.6700000000000017,-0.020000000000000018,-0.040000000000000036,0.0,0.010000000000000231,0.16293231309253048,-0.019999999999999796,1
2010-08-27,0.01645071453339142,-2.9200000000000017,0.050000000000000044,0.16000000000000014,0.0,0.009999999999999787,0.17560471697661845,0.1100000000000001,1
2010-08-30,-0.014828685114819606,2.7600000000000016,-0.06000000000000005,-0.1200000000000001,0.0,0.03000000000000025,0.18128688838354742,-0.06000000000000005,1
2010-08-31,0.0003908018636655797,-1.1600000000000001,-0.030000000000000027,-0.06999999999999984,0.01999999999999999,0.019999999999999574,0.15923359814890345,-0.040000000000000036,1
2010-09-01,0.02907765834807563,-2.16,0.030000000000000027,0.10999999999999988,-0.01999999999999999,0.0,0.1946561901556466,0.08000000000000007,1
2010-09-02,0.00903991154217465,-0.6999999999999993,0.0,0.04999999999999982,0.0,0.010000000000000231,0.1964394122294975,0.04999999999999982,1
2010-09-03,0.013132362555402288,-1.8800000000000026,0.020000000000000018,0.0900000000000003,0.0,-0.04999999999999982,0.20296717408026024,0.07000000000000028,1
2010-09-07,-0.011537451266510068,2.490000000000002,-0.030000000000000027,-0.11000000000000032,0.010000000000000009,-0.010000000000000231,0.20611462280218829,-0.08000000000000007,1
2010-09-08,0.006418032629720294,-0.5500000000000007,0.030000000000000027,0.050000000000000266,-0.010000000000000009,-0.009999999999999787,0.20653247755705156,0.020000000000000018,1
2010-09-09,0.004820598972232304,-0.4400000000000013,0.04999999999999993,0.10999999999999988,-0.010000000000000009,0.009999999999999787,0.20679428967221972,0.06000000000000005,1
2010-09-10,0.004851549676828881,-0.8200000000000003,0.010000000000000009,0.040000000000000036,0.0,-0.020000000000000018,0.1808428876037296,0.029999999999999805,1
2010-09-13,0.011069148848932286,-0.7799999999999976,-0.04999999999999993,-0.06999999999999984,0.0,0.03000000000000025,0.18264194910111173,-0.020000000000000018,1
2010-09-14,-0.0007133303913713362,0.34999999999999787,-0.030000000000000027,-0.06000000000000005,0.010000000000000009,0.0,0.18169974807317488,-0.029999999999999805,1
2010-09-15,0.0035349097654728823,0.5400000000000027,0.0,0.06000000000000005,0.01999999999999999,0.029999999999999805,0.18168430080814155,0.06000000000000005,1
2010-09-16,-0.0003644881870616956,-0.38000000000000256,-0.020000000000000018,0.029999999999999805,0.0,0.020000000000000018,0.1780112201325541,0.04999999999999982,1
2010-09-17,0.0008265748720805988,0.2900000000000027,0.0,-0.020000000000000018,0.0,0.009999999999999787,0.17802096027620543,-0.020000000000000018,1
2010-09-20,0.015095291707627467,-0.5100000000000016,-0.010000000000000009,-0.029999999999999805,0.0,-0.009999999999999787,0.17079820971954124,-0.020000000000000018,1
2010-09-21,-0.002567373008776741,0.8500000000000014,-0.03999999999999998,-0.11000000000000032,-0.009999999999999981,0.029999999999999805,0.17030750942789902,-0.07000000000000028,1
2010-09-22,-0.0048371729190872514,0.16000000000000014,0.010000000000000009,-0.04999999999999982,0.009999999999999981,0.0,0.17073624578522334,-0.05999999999999961,1
2010-09-23,-0.008366175280827726,1.3599999999999994,0.010000000000000009,0.0,-0.009999999999999981,-0.009999999999999787,0.1638912039780829,-0.010000000000000231,1
2010-09-24,0.02097283822184348,-2.16,0.0,0.06000000000000005,0.009999999999999981,0.009999999999999787,0.17508692495977893,0.06000000000000005,1
2010-09-27,-0.005683544849853561,0.8299999999999983,-0.010000000000000009,-0.08000000000000007,-0.01999999999999999,-0.009999999999999787,0.17350375999644002,-0.06999999999999984,1
2010-09-28,0.0048387332056574195,0.060000000000002274,-0.07,-0.06000000000000005,0.0,0.020000000000000018,0.16768132808896283,0.009999999999999787,1
2010-09-29,-0.0025911383655898845,0.6499999999999986,0.07,0.040000000000000036,0.0,0.0,0.15568326304330088,-0.029999999999999805,1
2010-09-30,-0.0030884609816874686,0.4499999999999993,-0.020000000000000018,0.009999999999999787,-0.04000000000000001,-0.010000000000000231,0.15720437183680874,0.029999999999999805,1
2010-10-01,0.0044066800929467576,-1.1999999999999993,0.0,0.010000000000000231,0.05000000000000002,0.020000000000000018,0.1281560996071246,0.010000000000000231,1
2010-10-04,-0.008067420805565106,1.0300000000000011,-0.010000000000000009,-0.040000000000000036,0.0,0.03000000000000025,0.1313592475060211,-0.03000000000000025,1
2010-10-05,0.020646748273303928,-1.7699999999999996,0.0,0.0,0.0,0.009999999999999787,0.141561089192318,0.0,1
2010-10-06,-0.0006722052030152526,-0.2700000000000031,-0.02999999999999997,-0.08999999999999986,-0.010000000000000009,0.020000000000000018,0.13285195197610344,-0.05999999999999961,1
2010-10-07,-0.001647951434843975,0.07000000000000028,-0.020000000000000018,0.0,-0.010000000000000009,0.050000000000000266,0.13308528808593661,0.020000000000000018,1
2010-10-08,0.006103642814175636,-0.8499999999999979,-0.010000000000000009,0.0,0.0,0.029999999999999805,0.1334411303950741,0.009999999999999787,0
2010-10-11,0.00014589331791547977,-1.75,0.0,0.0,0.0,0.0,0.13341829596974583,0.0,0
2010-10-12,0.0038114208763415647,-0.030000000000001137,0.020000000000000018,0.029999999999999805,0.0,0.010000000000000231,0.12975038016303095,0.009999999999999787,0
2010-10-13,0.007095822981469269,0.14000000000000057,0.0,0.020000000000000018,0.0,0.0,0.13051830009714188,0.020000000000000018,0
2010-10-14,-0.0036481028252293157,0.8099999999999987,0.010000000000000009,0.06000000000000005,0.010000000000000009,0.009999999999999787,0.13206734359878808,0.050000000000000266,0
2010-10-15,0.0020255326074201108,-0.8499999999999979,-0.010000000000000009,0.06999999999999984,0.010000000000000009,0.029999999999999805,0.13178294740052254,0.07999999999999963,0
2010-10-18,0.007217617846341007,0.05999999999999872,0.010000000000000009,-0.06999999999999984,-0.010000000000000009,0.0,0.13283988164150937,-0.07999999999999963,1
2010-10-19,-0.016004697941359503,1.5399999999999991,-0.010000000000000009,-0.020000000000000018,0.0,-0.009999999999999787,0.1390428126568936,-0.010000000000000231,0
2010-10-20,0.010469066254142234,-0.8399999999999999,-0.020000000000000018,0.009999999999999787,0.0,-0.020000000000000018,0.1421779398448473,0.029999999999999805,0
2010-10-21,0.0017723659783044354,-0.5199999999999996,0.020000000000000018,0.06000000000000005,0.0,-0.029999999999999805,0.14025110066834565,0.040000000000000036,0
2010-10-22,0.0023864542032576708,-0.48999999999999844,-0.020000000000000018,0.020000000000000018,0.0,-0.020000000000000018,0.1351965980234231,0.040000000000000036,0
2010-10-25,0.0021446371204074666,1.0700000000000003,0.020000000000000018,0.0,0.0,-0.050000000000000266,0.11714044794575058,-0.020000000000000018,1
2010-10-26,1.6868668978098356e-05,0.36999999999999744,0.030000000000000027,0.08000000000000007,0.0,0.0,0.11436258094131888,0.050000000000000266,1
2010-10-27,-0.0026941559903086443,0.490000000000002,0.0,0.08000000000000007,0.0,-0.040000000000000036,0.11479952137477954,0.08000000000000007,1
2010-10-28,0.0011241511941459947,0.16999999999999815,-0.030000000000000027,-0.06000000000000005,0.0,0.07000000000000028,0.11388146550633559,-0.03000000000000025,1
2010-10-29,-0.00043936731814042673,0.3200000000000003,-0.02999999999999997,-0.06000000000000005,0.010000000000000009,-0.010000000000000231,0.1128733384192111,-0.029999999999999805,1
2010-11-01,0.0009460898477318125,0.629999999999999,0.0,0.03000000000000025,0.0,-0.020000000000000018,0.11247268522566663,0.03000000000000025,1
2010-11-02,0.007729385187609239,-0.259999999999998,0.0,-0.03000000000000025,0.0,-0.04999999999999982,0.10868586799576525,-0.03000000000000025,0
2010-11-03,0.0036712940509602277,-2.0100000000000016,0.0,0.040000000000000036,0.0,0.08000000000000007,0.08617935486939811,0.040000000000000036,0
2010-11-04,0.01909922381617779,-1.0399999999999991,-0.010000000000000009,-0.14000000000000012,-0.010000000000000009,0.08000000000000007,0.1050439859244211,-0.13000000000000034,0
2010-11-05,0.003915146955609572,-0.259999999999998,0.04999999999999999,0.050000000000000266,-0.010000000000000009,0.029999999999999805,0.10407668708271549,4.440892098500626e-16,0
2010-11-08,-0.0021232297388884547,0.029999999999997584,0.02999999999999997,0.020000000000000018,0.0,-0.020000000000000018,0.1045961718311482,-0.010000000000000231,0
2010-11-09,-0.008084914661035114,0.7899999999999991,0.050000000000000044,0.1200000000000001,-0.009999999999999981,0.0,0.11047026856376864,0.07000000000000028,0
2010-11-10,0.0043665857524342044,-0.6099999999999994,-0.020000000000000018,-0.07000000000000028,0.0,0.06000000000000005,0.11060635748668118,-0.050000000000000266,0
2010-11-11,-0.0042512141320765195,0.1700000000000017,0.0,0.0,0.0,0.0,0.11094094090309937,0.0,1
2010-11-12,-0.011878701482340936,1.9699999999999989,0.07,0.10999999999999988,0.01999999999999999,-0.06999999999999984,0.11903863173961862,0.040000000000000036,1
2010-11-15,-0.0012182098829827126,-0.41000000000000014,0.020000000000000018,0.16000000000000014,0.01999999999999999,-0.040000000000000036,0.11922339325745461,0.13999999999999968,1
2010-11-16,-0.01633812840804527,2.379999999999999,-0.020000000000000018,-0.06999999999999984,0.0,-0.050000000000000266,0.13077359869779787,-0.04999999999999982,1
2010-11-17,0.0002121403698351898,-0.8199999999999967,-0.010000000000000009,0.040000000000000036,-0.009999999999999981,-0.020000000000000018,0.1175667127961786,0.050000000000000266,0
2010-11-18,0.015240603506340378,-3.0100000000000016,0.020000000000000018,0.009999999999999787,0.0,-0.009999999999999787,0.12366077351936058,-0.010000000000000231,0
2010-11-19,0.0025371192284318056,-0.7100000000000009,0.0,-0.020000000000000018,0.009999999999999981,-0.010000000000000231,0.1237693349650388,-0.020000000000000018,0
2010-11-22,-0.0015765966303300516,0.33000000000000185,-0.030000000000000027,-0.08000000000000007,-0.01999999999999999,0.03000000000000025,0.12388218637338928,-0.050000000000000266,1
2010-11-23,-0.01438704358331222,2.259999999999998,-0.03999999999999998,-0.029999999999999805,0.010000000000000009,-0.010000000000000231,0.13408529961820037,0.010000000000000231,0
2010-11-24,0.01481271935000894,-1.0700000000000003,0.08000000000000002,0.16000000000000014,0.0,-0.029999999999999805,0.14382469950648039,0.08000000000000052,1
2010-11-26,-0.00749663232366693,2.66,-0.020000000000000018,-0.06000000000000005,0.0,-0.03000000000000025,0.1461157511838296,-0.040000000000000036,1
2010-11-29,-0.0013797979607534927,-0.6899999999999977,0.010000000000000009,-0.03000000000000025,0.0,-0.029999999999999805,0.14619071624732657,-0.04000000000000048,1
2010-11-30,-0.006088748748767969,2.009999999999998,-0.07,-0.029999999999999805,0.0,-0.010000000000000231,0.14778368076935058,0.040000000000000036,1
2010-12-01,0.021386708157466572,-2.1799999999999997,0.08000000000000002,0.16000000000000014,0.0,-0.020000000000000018,0.1655216580342853,0.08000000000000052,0
2010-12-02,0.012737031643018426,-1.9699999999999989,0.020000000000000018,0.03999999999999959,-0.010000000000000009,-0.019999999999999574,0.16901087745193735,0.019999999999999574,0
2010-12-03,0.0025999098954114785,-1.379999999999999,-0.06000000000000005,0.020000000000000018,-0.010000000000000009,0.029999999999999805,0.1688463803933116,0.08000000000000007,0
2010-12-06,-0.0012991100065100625,0.00999999999999801,-0.07,-0.07999999999999963,0.0,0.0,0.15564398110875774,-0.009999999999999787,0
2010-12-07,0.0005149435923614831,-0.030000000000001137,0.12000000000000005,0.19999999999999973,-0.009999999999999981,-0.029999999999999805,0.15503287846950073,0.07999999999999963,0
2010-12-08,0.003694901900663794,-0.25,0.08999999999999997,0.10999999999999988,0.0,-0.0900000000000003,0.15537718803622294,0.020000000000000018,0
2010-12-09,0.0038354074189603793,-0.48999999999999844,0.010000000000000009,-0.029999999999999805,-0.010000000000000009,-0.040000000000000036,0.1528393139537424,-0.040000000000000036,0
2010-12-10,0.005983684061949823,0.35999999999999943,0.0,0.08999999999999986,0.0,-0.06999999999999984,0.15342126166814907,0.08999999999999986,0
2010-12-13,4.837032320370582e-05,-0.05999999999999872,-0.030000000000000027,-0.029999999999999805,0.010000000000000009,0.009999999999999787,0.15234265624920987,4.440892098500626e-16,0
2010-12-14,0.0009105377233105116,0.05999999999999872,0.050000000000000044,0.20000000000000018,0.01999999999999999,-0.04999999999999982,0.14493434363108862,0.1499999999999999,0
2010-12-15,-0.005135628732467978,0.33000000000000185,0.020000000000000018,0.03999999999999959,0.010000000000000009,-0.009999999999999787,0.14653886811612032,0.019999999999999574,0
2010-12-16,0.0061660338211000365,-0.5500000000000007,-0.020000000000000018,-0.05999999999999961,0.0,0.029999999999999805,0.1321111908495962,-0.03999999999999959,0
2010-12-17,0.0008364230536139772,-1.2800000000000011,-0.050000000000000044,-0.14000000000000012,0.0,-0.040000000000000036,0.1319903002090164,-0.08999999999999986,0
2010-12-20,0.0025451741767312797,0.3000000000000007,0.010000000000000009,0.029999999999999805,0.009999999999999981,0.020000000000000018,0.12369899603783538,0.019999999999999574,0
2010-12-21,0.006011978070857182,0.0799999999999983,0.010000000000000009,-0.009999999999999787,-0.009999999999999981,-0.029999999999999805,0.12448500912291323,-0.019999999999999574,0
2010-12-22,0.003373865317636948,-1.0399999999999991,0.020000000000000018,0.009999999999999787,-0.010000000000000009,0.009999999999999787,0.12380733498430005,-0.010000000000000231,0
2010-12-23,-0.0016457244701681972,1.0199999999999996,0.020000000000000018,0.050000000000000266,0.0,-0.029999999999999805,0.10907564452781167,0.03000000000000025,0
2010-12-27,0.0006124941030121178,1.2000000000000028,0.039999999999999925,-0.050000000000000266,0.0,0.0,0.10039971892145381,-0.0900000000000003,0
2010-12-28,0.0007710498980992853,-0.15000000000000213,0.040000000000000036,0.14000000000000012,-0.010000000000000009,-0.020000000000000018,0.09412835955944711,0.10000000000000009,0
2010-12-29,0.0010086210147886021,-0.23999999999999844,-0.10999999999999999,-0.1499999999999999,0.0,0.020000000000000018,0.09318626002337738,-0.040000000000000036,0
2010-12-30,-0.0015093383226485457,0.23999999999999844,0.020000000000000018,0.029999999999999805,0.010000000000000009,-0.010000000000000231,0.08893360467111756,0.009999999999999787,0
2010-12-31,-0.00019081541846421857,0.23000000000000043,-0.050000000000000044,-0.08000000000000007,-0.06,-0.009999999999999787,0.05924529074966507,-0.029999999999999805,0
2011-01-03,0.01125130963440224,-0.14000000000000057,0.0,0.06000000000000005,0.06,0.0,0.055984500062822865,0.06000000000000005,0
2011-01-04,-0.0013138900504268136,-0.23000000000000043,0.020000000000000018,0.0,-0.010000000000000009,0.029999999999999805,0.05702035783049149,-0.020000000000000018,0
2011-01-05,0.0049945917332978595,-0.35999999999999943,0.07999999999999996,0.14000000000000012,0.0,-0.040000000000000036,0.05696638605339636,0.06000000000000005,0
2011-01-06,-0.0021251493053444648,0.379999999999999,-0.029999999999999916,-0.06000000000000005,-0.009999999999999981,0.0,0.05856647451544067,-0.03000000000000025,0
2011-01-07,-0.0018465049346536588,-0.259999999999998,-0.08000000000000007,-0.10000000000000009,0.0,0.06000000000000005,0.059576511765580153,-0.020000000000000018,0
2011-01-10,-0.001377275180819204,0.3999999999999986,-0.010000000000000009,-0.020000000000000018,0.0,0.020000000000000018,0.05989932328263865,-0.009999999999999787,0
2011-01-11,0.003718221583285164,-0.6499999999999986,0.010000000000000009,0.050000000000000266,0.0,-0.06999999999999984,0.058204413498636316,0.040000000000000036,0
2011-01-12,0.00896726885011212,-0.6500000000000021,0.010000000000000009,0.029999999999999805,-0.010000000000000009,0.0,0.06374242873541973,0.020000000000000018,0
2011-01-13,-0.001712249223647433,0.15000000000000213,-0.020000000000000018,-0.06000000000000005,0.0,0.029999999999999805,0.06479846923583908,-0.040000000000000036,0
2011-01-14,0.007357425505635895,-0.9299999999999997,0.0,0.010000000000000231,0.0,0.03000000000000025,0.06288247670158086,0.010000000000000231,0
2011-01-18,0.001375441633084229,0.40999999999999837,0.010000000000000009,0.040000000000000036,0.03,-0.020000000000000018,0.061229486679008474,0.029999999999999805,0
2011-01-19,-0.01016718499242586,1.4399999999999995,0.0,-0.020000000000000018,-0.010000000000000009,-0.020000000000000018,0.07424827724383025,-0.020000000000000018,0
2011-01-20,-0.001295771750825736,0.6799999999999997,0.050000000000000044,0.10000000000000009,0.0,0.0,0.07471426076026824,0.050000000000000266,0
2011-01-21,0.0024106642558034963,0.4800000000000004,-0.020000000000000018,-0.03000000000000025,-0.009999999999999981,-0.020000000000000018,0.07284041549039304,-0.010000000000000231,0
2011-01-24,0.005819322689537998,-0.8200000000000003,0.020000000000000018,-0.009999999999999787,0.009999999999999981,-0.010000000000000231,0.07428941562837049,-0.029999999999999805,0
2011-01-25,0.00026335969664437187,-0.05999999999999872,-0.030000000000000027,-0.08000000000000007,-0.009999999999999981,-0.009999999999999787,0.07366119137766955,-0.050000000000000266,0
2011-01-26,0.004212061981042403,-0.9499999999999993,0.0,0.10000000000000009,0.0,0.020000000000000018,0.07429896708031622,0.10000000000000009,0
2011-01-27,0.002241764767858534,-0.490000000000002,-0.030000000000000027,-0.03000000000000025,0.0,-0.010000000000000231,0.07430238794292969,0.0,1
2011-01-28,-0.01801374858601701,3.8900000000000006,-0.04999999999999993,-0.06000000000000005,0.0,0.03000000000000025,0.10055785897990374,-0.010000000000000231,0
2011-01-31,0.007633326949973096,-0.509999999999998,0.039999999999999925,0.06000000000000005,0.0,-0.020000000000000018,0.10307240307539012,0.020000000000000018,0
2011-02-01,0.0165558141807427,-1.9000000000000021,0.030000000000000027,0.06000000000000005,0.009999999999999981,-0.020000000000000018,0.11602850818674823,0.03000000000000025,0
2011-02-02,-0.0027262788652278047,-0.3299999999999983,0.06000000000000005,0.040000000000000036,0.0,-0.020000000000000018,0.11179121246998039,-0.020000000000000018,0
2011-02-03,0.002351473434575091,-0.6099999999999994,0.039999999999999925,0.06000000000000005,-0.009999999999999981,-0.03000000000000025,0.11147779729283167,0.020000000000000018,0
2011-02-04,0.0028800961095791777,-0.7600000000000016,0.06000000000000005,0.10000000000000009,0.0,-0.040000000000000036,0.1108488900088668,0.040000000000000036,0
2011-02-07,0.006220741603444324,0.3500000000000014,0.010000000000000009,0.0,0.0,-0.040000000000000036,0.11140354054428821,-0.009999999999999787,0
2011-02-08,0.004176097943201285,-0.47000000000000064,0.07999999999999996,0.06999999999999984,-0.010000000000000009,-0.029999999999999805,0.11096743381607509,-0.010000000000000231,0
2011-02-09,-0.002789697324153906,0.05999999999999872,-0.04999999999999993,-0.10000000000000009,-0.010000000000000009,0.029999999999999805,0.11160662037499788,-0.050000000000000266,0
2011-02-10,0.0007492195980018934,0.22000000000000064,0.039999999999999925,0.050000000000000266,0.0,0.020000000000000018,0.11146424166710724,0.010000000000000231,0
2011-02-11,0.00549223943984245,-0.40000000000000036,0.0,-0.06000000000000005,0.0,0.010000000000000231,0.10925273992725822,-0.06000000000000005,0
2011-02-14,0.002382143326087771,0.2599999999999998,0.020000000000000018,-0.020000000000000018,0.0,-0.03000000000000025,0.10862024014440048,-0.040000000000000036,0
2011-02-15,-0.0032402023589988005,0.4200000000000017,-0.030000000000000027,-0.010000000000000231,0.010000000000000009,0.0,0.1079507593948359,0.020000000000000018,0
2011-02-16,0.006237986245599458,0.34999999999999787,0.020000000000000018,0.010000000000000231,-0.010000000000000009,0.0,0.10931985499052799,-0.009999999999999787,0
2011-02-17,0.003070890617279609,-0.129999999999999,-0.05999999999999994,-0.040000000000000036,0.0,0.03000000000000025,0.10081327426099485,0.020000000000000018,0
2011-02-18,0.0019229055205078893,-0.16000000000000014,-0.020000000000000018,0.009999999999999787,0.0,0.020000000000000018,0.10005073047017131,0.02999999999999936,1
2011-02-22,-0.02074215310592642,4.370000000000001,-0.040000000000000036,-0.1299999999999999,0.0,0.040000000000000036,0.1279285716025991,-0.08999999999999986,1
2011-02-23,-0.006130778227340983,1.3299999999999983,0.0,0.03000000000000025,0.0,-0.020000000000000018,0.12915531708043337,0.03000000000000025,1
2011-02-24,-0.0009948345951542592,-0.8099999999999987,-0.010000000000000009,-0.03000000000000025,0.0,-0.010000000000000231,0.12927098897904513,-0.020000000000000018,0
2011-02-25,0.010495225773550665,-2.1000000000000014,-0.010000000000000009,-0.040000000000000036,0.0,0.010000000000000231,0.13328548689436134,-0.029999999999999805,0
2011-02-28,0.0055457057245345,-0.8699999999999974,-0.030000000000000027,0.0,0.010000000000000009,-0.03000000000000025,0.13420953405507455,0.029999999999999805,1
2011-03-01,-0.015864850224638793,2.66,-0.029999999999999916,-0.009999999999999787,-0.010000000000000009,0.020000000000000018,0.13052884249263438,0.020000000000000018,1
2011-03-02,0.0016139090306168669,-0.3100000000000023,0.029999999999999916,0.04999999999999982,0.010000000000000009,0.010000000000000231,0.128383982103056,0.020000000000000018,0
2011-03-03,0.017072411809528454,-2.099999999999998,0.10000000000000009,0.1200000000000001,-0.010000000000000009,-0.050000000000000266,0.12919176117525324,0.020000000000000018,0
2011-03-04,-0.007405430280442715,0.4599999999999973,-0.10999999999999999,-0.08999999999999986,0.0,0.050000000000000266,0.13181131549844244,0.020000000000000018,1
2011-03-07,-0.00837620050383503,1.6000000000000014,0.019999999999999907,0.019999999999999574,-0.009999999999999981,-0.010000000000000231,0.135231039800039,-4.440892098500626e-16,0
2011-03-08,0.008883205891223156,-0.8399999999999999,0.030000000000000027,0.050000000000000266,0.0,0.0,0.13834340814141194,0.020000000000000462,1
2011-03-09,-0.0013626868232279321,0.3999999999999986,-0.030000000000000027,-0.08000000000000007,0.0,0.020000000000000018,0.13680606790295016,-0.04999999999999982,1
2011-03-10,-0.019051254369578885,1.6600000000000001,-0.04999999999999993,-0.10999999999999988,0.0,0.050000000000000266,0.1508844461363996,-0.06000000000000005,1
2011-03-11,0.007055530751889805,-1.8000000000000007,-0.010000000000000009,0.029999999999999805,-0.010000000000000009,-0.03000000000000025,0.15330644021364456,0.03999999999999959,1
2011-03-14,-0.006067685794074684,1.0500000000000007,-0.030000000000000027,-0.040000000000000036,0.010000000000000009,0.020000000000000018,0.1543643266127767,-0.009999999999999787,1
2011-03-15,-0.011263529286306806,3.1900000000000013,0.020000000000000018,-0.029999999999999805,0.0,0.03000000000000025,0.15648317001940357,-0.04999999999999982,1
2011-03-16,-0.019687489643372302,5.079999999999998,-0.050000000000000044,-0.10999999999999988,0.0,0.029999999999999805,0.16747459575555526,-0.06000000000000005,1
2011-03-17,0.013309293117774956,-3.0299999999999976,0.020000000000000018,0.029999999999999805,0.0,0.010000000000000231,0.17646711566634776,0.009999999999999787,1
2011-03-18,0.004300947117938492,-1.9299999999999997,0.010000000000000009,0.029999999999999805,0.009999999999999981,-0.03000000000000025,0.17545412252530576,0.020000000000000018,1
2011-03-21,0.014874633633061407,-3.830000000000002,0.06000000000000005,0.06000000000000005,-0.009999999999999981,-0.04999999999999982,0.18435888808946,0.0,1
2011-03-22,-0.003556896676727206,-0.3999999999999986,0.010000000000000009,0.0,0.0,0.0,0.18404731002150604,-0.010000000000000231,0
2011-03-23,0.002909727249843286,-1.0399999999999991,0.009999999999999898,0.020000000000000018,0.0,-0.010000000000000231,0.17112457078859578,0.010000000000000231,0
2011-03-24,0.009297397442382227,-1.1700000000000017,0.030000000000000027,0.06000000000000005,-0.010000000000000009,-0.040000000000000036,0.1732340472575028,0.03000000000000025,0
2011-03-25,0.003156139934757718,-0.08999999999999986,0.07000000000000006,0.040000000000000036,0.0,-0.009999999999999787,0.1735054317496232,-0.03000000000000025,0
2011-03-28,-0.0027515366122550233,1.5300000000000011,0.020000000000000018,0.010000000000000231,0.0,-0.020000000000000018,0.16970502297479345,-0.009999999999999787,0
2011-03-29,0.007035239293779583,-1.2800000000000011,0.0,0.029999999999999805,0.0,0.029999999999999805,0.17043402053871587,0.029999999999999805,0
2011-03-30,0.006662410865995838,-0.4499999999999993,-0.010000000000000009,-0.029999999999999805,0.0,0.0,0.16214236047067437,-0.020000000000000018,0
2011-03-31,-0.0018311366072705226,0.029999999999997584,0.0,0.0,-0.03,-0.009999999999999787,0.16236156467665117,0.0,0
2011-04-01,0.004950654146415268,-0.33999999999999986,0.0,-0.010000000000000231,0.009999999999999995,0.0,0.1519917592895395,-0.009999999999999787,0
2011-04-04,0.00034517949676349247,0.10000000000000142,-0.030000000000000027,-0.009999999999999787,-0.020000000000000004,0.0,0.14955235471148984,0.020000000000000018,0
2011-04-05,-0.00018007878495396312,-0.25,0.06999999999999995,0.04999999999999982,0.0,-0.03000000000000025,0.14613390803931114,-0.020000000000000018,0
2011-04-06,0.0021812711737263513,-0.3500000000000014,0.010000000000000009,0.06000000000000005,0.010000000000000009,0.0,0.14328566507062887,0.04999999999999982,0
2011-04-07,-0.0015211407740052252,0.21000000000000085,-0.039999999999999925,0.020000000000000018,0.0,0.020000000000000018,0.143312552933167,0.06000000000000005,0
2011-04-08,-0.004012508764839495,0.7600000000000016,0.019999999999999907,0.009999999999999787,-0.010000000000000009,-0.009999999999999787,0.1258927629519271,-0.010000000000000231,0
2011-04-11,-0.0027972257111361643,-1.2800000000000011,0.020000000000000018,0.0,0.0,-0.010000000000000231,0.12474020530000365,-0.020000000000000018,0
2011-04-12,-0.007807150947648722,0.5,-0.07999999999999996,-0.06999999999999984,-0.009999999999999995,0.03000000000000025,0.12607319457398436,0.010000000000000231,0
2011-04-13,0.00019021749525727216,-0.16999999999999815,-0.020000000000000018,-0.029999999999999805,0.0,0.0,0.11845061261622189,-0.009999999999999787,0
2011-04-14,8.368423660165547e-05,-0.6500000000000021,0.020000000000000018,0.019999999999999574,0.009999999999999995,-0.03000000000000025,0.09120100697633081,-4.440892098500626e-16,0
2011-04-15,0.003917702983683213,-0.9499999999999993,-0.06000000000000005,-0.07999999999999963,0.03,0.010000000000000231,0.08204569026425967,-0.019999999999999574,0
2011-04-18,-0.011078968252260069,1.6400000000000006,-0.020000000000000018,-0.03000000000000025,-0.01999999999999999,0.020000000000000018,0.09250555746605989,-0.010000000000000231,0
2011-04-19,0.0057148251616441215,-1.1300000000000008,-0.009999999999999898,-0.009999999999999787,0.009999999999999995,-0.020000000000000018,0.07969449308907942,0.0,0
2011-04-20,0.013424442423332295,-0.7599999999999998,0.009999999999999898,0.040000000000000036,-0.009999999999999995,-0.010000000000000231,0.08981773700743934,0.03000000000000025,0
2011-04-21,0.005262893837744365,-0.3800000000000008,-0.009999999999999898,-0.010000000000000231,0.0,0.020000000000000018,0.09070538831255909,-4.440892098500626e-16,0
2011-04-25,-0.0015939358990673114,1.08,-0.010000000000000009,-0.029999999999999805,0.0,0.010000000000000231,0.08657018836941453,-0.019999999999999574,0
2011-04-26,0.008939515038808743,-0.15000000000000036,-0.020000000000000018,-0.050000000000000266,-0.010000000000000009,-0.010000000000000231,0.09067220654446871,-0.03000000000000025,0
2011-04-27,0.006230365338632637,-0.2699999999999996,0.0,0.050000000000000266,0.0,0.0,0.09108152953115775,0.050000000000000266,0
2011-04-28,0.0035491580401618705,-0.7300000000000004,-0.030000000000000027,-0.050000000000000266,0.0,0.020000000000000018,0.08925444605607158,-0.020000000000000462,0
2011-04-29,0.002298016128269076,0.13000000000000078,-0.010000000000000009,-0.020000000000000018,0.0,-0.009999999999999787,0.08730750135858938,-0.009999999999999787,0
2011-05-02,-0.0017542383289272934,1.2400000000000002,0.0,-0.009999999999999787,0.0,-0.010000000000000231,0.08727369912045622,-0.009999999999999787,0
2011-05-03,-0.0033850442943172965,0.7099999999999991,0.0,-0.03000000000000025,0.0,0.0,0.08760179273948358,-0.03000000000000025,0
2011-05-04,-0.006878877987061216,0.379999999999999,-0.010000000000000009,-0.029999999999999805,0.0,-0.009999999999999787,0.0916164815080589,-0.020000000000000018,0
2011-05-05,-0.009111238759397011,1.120000000000001,-0.020000000000000018,-0.06999999999999984,0.0,0.029999999999999805,0.09750313524215667,-0.04999999999999982,0
2011-05-06,0.0038126611430211454,0.1999999999999993,-0.010000000000000009,0.009999999999999787,0.0,0.010000000000000231,0.09810630838039335,0.020000000000000018,0
2011-05-09,0.004533804653547691,-1.2399999999999984,0.0,-0.020000000000000018,0.0,0.040000000000000036,0.09903224254881164,-0.020000000000000018,0
2011-05-10,0.008041619839870506,-1.25,0.020000000000000018,0.06000000000000005,0.0,-0.03000000000000025,0.10096625792685608,0.040000000000000036,0
2011-05-11,-0.011173631758987668,1.0399999999999991,-0.029999999999999916,-0.040000000000000036,0.0,0.0,0.10882852237453487,-0.010000000000000231,0
2011-05-12,0.004883442825390993,-0.9199999999999982,0.009999999999999898,0.03000000000000025,0.0,0.03000000000000025,0.10525327260795656,0.020000000000000462,0
2011-05-13,-0.00810004354268834,1.0399999999999991,0.0,-0.040000000000000036,0.0,0.0,0.1100953152683595,-0.040000000000000036,0
2011-05-16,-0.006223682001731845,1.1699999999999982,-0.029999999999999916,-0.03000000000000025,0.010000000000000009,-0.040000000000000036,0.11277590815368249,-4.440892098500626e-16,0
2011-05-17,-0.0003686358634160669,-0.6899999999999977,0.010000000000000009,-0.029999999999999805,-0.010000000000000009,-0.010000000000000231,0.11213327889259307,-0.03999999999999959,0
2011-05-18,0.008765217224823374,-1.3200000000000003,0.029999999999999916,0.06000000000000005,0.010000000000000009,0.0,0.10766544827886991,0.029999999999999805,0
2011-05-19,0.0021756308222586895,-0.7100000000000009,-0.029999999999999916,-0.010000000000000231,-0.010000000000000009,0.020000000000000018,0.10652028397664565,0.020000000000000018,0
2011-05-20,-0.0077180074323806025,1.9100000000000001,0.0,-0.020000000000000018,0.010000000000000009,0.020000000000000018,0.10074742199116919,-0.020000000000000462,0
2011-05-23,-0.011997246485369928,0.8399999999999999,0.0,-0.020000000000000018,0.0,-0.009999999999999787,0.10715000427109068,-0.019999999999999574,0
2011-05-24,-0.000827748609143697,-0.4499999999999993,0.010000000000000009,-0.009999999999999787,0.0,0.0,0.10710393462277738,-0.020000000000000018,0
2011-05-25,0.003178157600698839,-0.75,-0.020000000000000018,0.009999999999999787,-0.010000000000000009,0.020000000000000018,0.10233645750038443,0.029999999999999805,0
2011-05-26,0.003945344779679338,-0.9800000000000004,-0.06000000000000005,-0.06000000000000005,0.0,0.0,0.10060622704304874,0.0,0
2011-05-27,0.004072589461351583,-0.10999999999999943,0.0,0.0,0.010000000000000009,0.009999999999999787,0.10092451407109435,0.0,0
2011-05-31,0.010537032813141778,-0.5300000000000011,-0.02999999999999997,-0.020000000000000018,0.0,0.0,0.10813558143178141,0.009999999999999787,0
2011-06-01,-0.023048299143046513,2.8500000000000014,-0.010000000000000009,-0.08999999999999986,0.0,0.03000000000000025,0.13314861322914887,-0.07999999999999963,0
2011-06-02,-0.0012255043417859213,-0.21000000000000085,0.010000000000000009,0.08000000000000007,0.0,0.020000000000000018,0.13300642389753453,0.06999999999999984,0
2011-06-03,-0.00978156358192006,-0.14000000000000057,-0.030000000000000027,-0.04999999999999982,0.009999999999999995,0.029999999999999805,0.13483691212926388,-0.019999999999999574,0
2011-06-06,-0.010818523892467624,0.5399999999999991,0.010000000000000009,0.019999999999999574,-0.009999999999999995,0.020000000000000018,0.1361432040630332,0.009999999999999343,0
2011-06-07,-0.000956785274712324,-0.41999999999999815,-0.03999999999999998,0.0,-0.010000000000000009,0.0,0.13466998595973145,0.040000000000000036,0
2011-06-08,-0.004195755814094149,0.7199999999999989,0.0,-0.029999999999999805,0.0,-0.020000000000000018,0.1327102490256484,-0.029999999999999805,0
2011-06-09,0.007350455121098776,-1.0199999999999996,0.03999999999999998,0.029999999999999805,0.0,0.0,0.1320436117379567,-0.010000000000000231,0
2011-06-10,-0.014078467514766935,1.0899999999999999,-0.020000000000000018,-0.019999999999999574,0.0,-0.020000000000000018,0.134815013930624,4.440892098500626e-16,0
2011-06-13,0.000668551745242496,0.75,-0.009999999999999953,0.009999999999999787,0.010000000000000009,0.010000000000000231,0.13264337001284965,0.020000000000000018,0
2011-06-14,0.012532882723673033,-1.3499999999999979,0.04999999999999999,0.10999999999999988,0.0,-0.010000000000000231,0.1412208834296993,0.05999999999999961,1
2011-06-15,-0.017585608026490895,3.0599999999999987,-0.07,-0.1299999999999999,0.0,0.03000000000000025,0.15085133958480582,-0.05999999999999961,1
2011-06-16,0.0017528211478534672,1.4100000000000001,0.0,-0.04999999999999982,0.0,0.009999999999999787,0.15138073084494005,-0.04999999999999982,1
2011-06-17,0.003040401847475671,-0.879999999999999,0.0,0.009999999999999787,0.0,0.040000000000000036,0.14737795121855746,0.009999999999999787,0
2011-06-20,0.00538070054893236,-1.860000000000003,0.0,0.03000000000000025,-0.010000000000000009,-0.03000000000000025,0.14907385795934558,0.03000000000000025,0
2011-06-21,0.01333415252669834,-1.129999999999999,0.020000000000000018,0.020000000000000018,0.0,-0.009999999999999787,0.15717587850309825,0.0,0
2011-06-22,-0.0064894561490245195,-0.33999999999999986,-0.010000000000000009,0.019999999999999574,0.0,-0.009999999999999787,0.15359996304100998,0.02999999999999936,0
2011-06-23,-0.0028319814775850105,0.7699999999999996,-0.040000000000000036,-0.07999999999999963,-0.009999999999999995,0.019999999999999574,0.15371117673452067,-0.03999999999999959,1
2011-06-24,-0.011795038682533843,1.8100000000000023,0.0,-0.050000000000000266,0.0,0.07000000000000028,0.15705145661255362,-0.050000000000000266,1
2011-06-27,0.009142517233402536,-0.5400000000000027,0.06,0.07000000000000028,0.0,0.040000000000000036,0.16048883489354754,0.010000000000000231,0
2011-06-28,0.012861239773101829,-1.389999999999997,0.07,0.09999999999999964,0.0,-0.06000000000000005,0.16719626954046798,0.029999999999999805,0
2011-06-29,0.00824864128276026,-1.9000000000000021,-0.010000000000000009,0.0900000000000003,-0.009999999999999995,-0.06000000000000005,0.1653415412319801,0.10000000000000009,0
2011-06-30,0.010068386646291394,-0.75,-0.019999999999999962,0.040000000000000036,0.0,-0.029999999999999805,0.14965307202327355,0.06000000000000005,0
2011-07-01,0.014306847394918165,-0.6500000000000004,0.04999999999999999,0.040000000000000036,0.009999999999999995,-0.03000000000000025,0.15724267360871316,-0.009999999999999787,0
2011-07-05,-0.0013370433916550795,0.1899999999999995,-0.06,-0.06000000000000005,0.0,0.050000000000000266,0.15262768030053284,0.0,0
2011-07-06,0.001001083345342657,0.28000000000000114,-0.010000000000000009,-0.040000000000000036,-0.009999999999999995,-0.010000000000000231,0.14609473159420686,-0.03000000000000025,0
2011-07-07,0.010399582665769458,-0.39000000000000057,0.06,0.04999999999999982,0.0,-0.040000000000000036,0.1485484870643772,-0.010000000000000231,0
2011-07-08,-0.006985516092543165,0.0,-0.08999999999999997,-0.14000000000000012,0.0,0.040000000000000036,0.15042720341084279,-0.04999999999999982,0
2011-07-11,-0.01825612319965675,2.4400000000000013,-0.030000000000000027,-0.08999999999999986,0.0,0.029999999999999805,0.1651023083540803,-0.06000000000000005,0
2011-07-12,-0.004443388381925928,1.4800000000000004,0.0,-0.020000000000000018,-0.010000000000000009,0.010000000000000231,0.15711198484494604,-0.020000000000000018,0
2011-07-13,0.0031010604931553942,0.03999999999999915,0.0,0.0,0.0,-0.010000000000000231,0.1571616857486767,0.0,1
2011-07-14,-0.006738800871783468,0.8900000000000006,0.010000000000000009,0.06000000000000005,0.0,0.0,0.15456308708273572,0.050000000000000266,0
2011-07-15,0.005539040679879648,-1.2699999999999996,-0.010000000000000009,-0.040000000000000036,0.0,0.040000000000000036,0.14003588132798708,-0.03000000000000025,1
2011-07-18,-0.008163061525228166,1.4199999999999982,0.0,0.0,0.0,0.040000000000000036,0.1442898890344121,0.0,0
2011-07-19,0.016177119483895552,-1.7399999999999984,0.020000000000000018,-0.029999999999999805,0.0,-0.06000000000000005,0.15308090576219613,-0.04999999999999982,0
2011-07-20,-0.0006710473490967317,-0.120000000000001,0.010000000000000009,0.04999999999999982,0.0,0.020000000000000018,0.1528445388028093,0.040000000000000036,0
2011-07-21,0.013455200670760448,-1.5300000000000011,0.0,0.06999999999999984,0.0,-0.029999999999999805,0.15296079974084775,0.06999999999999984,0
2011-07-22,0.0009074613278103882,-0.03999999999999915,0.0,-0.03999999999999959,0.0,-0.020000000000000018,0.15006382616780853,-0.03999999999999959,0
2011-07-25,-0.005659020861895847,1.8300000000000018,0.019999999999999962,0.03999999999999959,0.0,0.020000000000000018,0.15154548110780797,0.019999999999999574,1
2011-07-26,-0.004113335911233307,0.879999999999999,-0.010000000000000009,-0.03999999999999959,0.0,-0.010000000000000231,0.14495329614216892,-0.029999999999999805,1
2011-07-27,-0.020517780024378318,2.75,0.030000000000000027,0.019999999999999574,0.010000000000000009,-0.029999999999999805,0.16270568262289625,-0.010000000000000231,1
2011-07-28,-0.003239229716375469,0.759999999999998,-0.020000000000000018,-0.029999999999999805,0.009999999999999995,0.0,0.15727747825145022,-0.009999999999999787,1
2011-07-29,-0.006471416171186739,1.5100000000000016,-0.06,-0.16000000000000014,0.03,0.040000000000000036,0.1559838998562579,-0.10000000000000009,1
2011-08-01,-0.004140792666031068,-1.5899999999999999,0.020000000000000018,-0.04999999999999982,0.06000000000000001,0.0,0.15149294492725343,-0.06999999999999984,1
2011-08-02,-0.025888993656482562,1.129999999999999,-0.04999999999999999,-0.10999999999999988,-0.010000000000000009,-0.029999999999999805,0.1630945624206982,-0.06000000000000005,1
2011-08-03,0.005003212008481306,-1.4100000000000001,0.0,-0.020000000000000018,-0.04000000000000001,-0.020000000000000018,0.16544209745406233,-0.020000000000000018,1
2011-08-04,-0.049001637406655085,8.280000000000001,-0.06,-0.16999999999999993,-0.03,0.04999999999999982,0.22919519906301772,-0.10999999999999988,1
2011-08-05,-0.0005751318168911723,0.33999999999999986,0.010000000000000009,0.10999999999999988,-0.009999999999999995,0.0,0.2228336241929181,0.09999999999999964,1
2011-08-08,-0.06895833042745458,16.0,-0.010000000000000009,-0.18000000000000016,0.03,0.10999999999999988,0.3125331152202481,-0.16999999999999993,1
2011-08-09,0.046317381183296646,-12.939999999999998,-0.08000000000000002,-0.19999999999999973,-0.009999999999999995,0.1299999999999999,0.363538287999383,-0.11999999999999966,1
2011-08-10,-0.045156780754835424,7.93,0.0,-0.03000000000000025,0.0,0.020000000000000018,0.38838237527716746,-0.03000000000000025,1
2011-08-11,0.045250590585322215,-3.990000000000002,0.0,0.16999999999999993,-0.010000000000000009,0.1200000000000001,0.42835203680835254,0.16999999999999993,1
2011-08-12,0.0052478378532745396,-2.6400000000000006,0.010000000000000009,-0.09999999999999964,0.010000000000000009,-0.009999999999999787,0.42994406610746433,-0.10999999999999988,1
2011-08-15,0.021550785789564486,-4.489999999999998,-0.010000000000000009,0.04999999999999982,0.0,0.009999999999999787,0.43837690949681146,0.06000000000000005,1
2011-08-16,-0.009786291472722475,0.9800000000000004,0.010000000000000009,-0.06000000000000005,-0.010000000000000009,-0.029999999999999805,0.4385968231080029,-0.07000000000000028,1
2011-08-17,0.0009469340577270557,-1.2700000000000031,-0.010000000000000009,-0.06000000000000005,0.0,-0.010000000000000231,0.4327725594671611,-0.04999999999999982,1
2011-08-18,-0.04561860806649953,11.090000000000003,0.010000000000000009,-0.08999999999999986,0.0,0.010000000000000231,0.45453843158360474,-0.09999999999999987,1
2011-08-19,-0.015122760800307056,0.37999999999999545,0.0,-0.010000000000000231,0.0,0.0,0.4489501420663338,-0.010000000000000231,1
2011-08-22,0.0002580817421495851,-0.6099999999999994,0.01999999999999999,0.03000000000000025,0.0,0.009999999999999787,0.44878383820666556,0.010000000000000231,1
2011-08-23,0.03371022159734238,-6.169999999999995,0.0,0.04999999999999982,-0.009999999999999995,0.06000000000000005,0.47210195294861884,0.04999999999999982,1
2011-08-24,0.013034651096542227,-0.37000000000000455,0.010000000000000009,0.14000000000000012,0.0,0.020000000000000018,0.4769890586677348,0.13000000000000012,1
2011-08-25,-0.01568797231789887,3.8599999999999994,-0.010000000000000009,-0.06000000000000005,0.0,0.040000000000000036,0.4754103907045091,-0.050000000000000266,1
2011-08-26,0.01500839363051476,-4.169999999999995,-0.01999999999999999,-0.040000000000000036,0.009999999999999995,0.0,0.480741377593552,-0.019999999999999796,1
2011-08-29,0.027887582820492085,-3.3100000000000023,0.0,0.08999999999999986,0.0,0.0,0.4937630111765412,0.08999999999999964,1
2011-08-30,0.0023442024767232894,0.6099999999999994,0.0,-0.08999999999999986,-0.009999999999999995,-0.029999999999999805,0.4941065900757912,-0.08999999999999964,1
2011-08-31,0.004909932925226457,-1.2699999999999996,0.0,0.040000000000000036,0.0,0.029999999999999805,0.48746304218398456,0.039999999999999813,1
2011-09-01,-0.01194248526115338,0.1999999999999993,-0.010000000000000009,-0.08000000000000007,0.0,-0.020000000000000018,0.4882123429284769,-0.06999999999999984,1
2011-09-02,-0.02560695584966588,2.1000000000000014,0.010000000000000009,-0.1299999999999999,0.0,-0.04999999999999982,0.4661591825521472,-0.1399999999999999,1
2011-09-06,-0.0074640930322127375,3.0799999999999983,0.009999999999999981,-0.040000000000000036,0.009999999999999995,0.029999999999999805,0.46668184613654556,-0.050000000000000044,1
2011-09-07,0.028243820652058105,-3.6199999999999974,0.0,0.06999999999999984,0.0,0.040000000000000036,0.4069722104557514,0.06999999999999984,1
2011-09-08,-0.01066891504794576,0.9399999999999977,-0.01999999999999999,-0.04999999999999982,0.0,0.009999999999999787,0.37782749286862366,-0.029999999999999805,1
2011-09-09,-0.027068525002559518,4.200000000000003,-0.01999999999999999,-0.07000000000000006,0.0,0.020000000000000018,0.35475369277988955,-0.050000000000000044,1
2011-09-12,0.006941534456168519,0.07000000000000028,0.03999999999999998,0.010000000000000009,0.0,0.010000000000000231,0.31800874124222933,-0.030000000000000027,1
2011-09-13,0.009078747147886368,-1.6800000000000068,0.0,0.06000000000000005,0.0,0.029999999999999805,0.319144363441678,0.06000000000000005,1
2011-09-14,0.013389711169736529,-2.309999999999995,-0.01999999999999999,0.029999999999999805,-0.009999999999999995,-0.020000000000000018,0.3133221579375406,0.04999999999999982,1
2011-09-15,0.01704110401852521,-2.6300000000000026,0.01999999999999999,0.06000000000000005,0.009999999999999995,0.010000000000000231,0.31720122366674874,0.040000000000000036,1
2011-09-16,0.005690455416002216,-0.9899999999999984,-0.03,-0.009999999999999787,0.0,0.0,0.3176827415110588,0.02000000000000024,1
2011-09-19,-0.009850912270882084,1.7499999999999964,-0.01999999999999999,-0.1100000000000001,0.0,0.0,0.2727052635408192,-0.09000000000000008,1
2011-09-20,-0.0016623864054956528,0.13000000000000256,0.01999999999999999,-0.020000000000000018,0.0,0.040000000000000036,0.26559068920664847,-0.040000000000000036,1
2011-09-21,-0.029831031890565463,4.460000000000001,0.03,-0.07000000000000006,-0.009999999999999995,-0.0900000000000003,0.28921845090865345,-0.10000000000000009,1
2011-09-22,-0.032402500262436185,4.030000000000001,-0.009999999999999981,-0.15999999999999992,0.0,0.06000000000000005,0.28794141693933056,-0.1499999999999999,1
2011-09-23,0.006063593439678883,-0.10000000000000142,0.03,0.1200000000000001,0.0,-0.009999999999999787,0.28454213064808037,0.09000000000000008,1
2011-09-26,0.023068110546269338,-2.229999999999997,0.01999999999999999,0.06999999999999984,0.0,0.06000000000000005,0.29209923510244923,0.04999999999999982,1
2011-09-27,0.010631619216616706,-1.3100000000000023,0.0,0.09000000000000008,0.0,0.020000000000000018,0.28967764240616833,0.09000000000000008,1
2011-09-28,-0.020908242602619254,3.3699999999999974,0.020000000000000018,0.029999999999999805,0.0,-0.040000000000000036,0.27950443396734365,0.009999999999999787,1
2011-09-29,0.008081516300173952,-2.239999999999995,0.0,-0.039999999999999813,0.0,-0.050000000000000266,0.28142657361234835,-0.039999999999999813,1
2011-09-30,-0.025291292280362754,4.119999999999997,-0.020000000000000018,-0.07000000000000006,-0.020000000000000004,0.0,0.29121335143024046,-0.050000000000000044,1
2011-10-03,-0.028863546294817688,2.490000000000002,-0.010000000000000009,-0.11999999999999988,0.020000000000000004,0.010000000000000231,0.30302048166988443,-0.10999999999999988,1
2011-10-04,0.02223933180636095,-4.630000000000003,0.010000000000000009,0.010000000000000009,-0.009999999999999995,0.020000000000000018,0.30604695382771785,0.0,1
2011-10-05,0.0177078498937,-3.009999999999998,0.0,0.10999999999999988,0.0,0.029999999999999805,0.31280789524764474,0.10999999999999988,1
2011-10-06,0.018138219223145846,-1.5399999999999991,0.03999999999999998,0.08999999999999986,0.0,-0.020000000000000018,0.30275218596449394,0.04999999999999982,1
2011-10-07,-0.008196802528920522,-0.07000000000000028,0.010000000000000009,0.0900000000000003,0.0,-0.020000000000000018,0.30191398116223844,0.0800000000000003,1
2011-10-10,0.033555597853170305,-3.1799999999999997,0.0,0.0,0.0,0.0,0.30950580919959725,0.0,1
2011-10-11,0.000543835222968525,-0.1600000000000037,0.020000000000000018,0.08000000000000007,0.0,0.0,0.3089201767266156,0.06000000000000005,1
2011-10-12,0.009747079611157616,-1.5999999999999979,-0.030000000000000027,0.06000000000000005,0.0,0.010000000000000231,0.30913962035094744,0.09000000000000008,1
2011-10-13,-0.002978130791599476,-0.5600000000000023,0.0,-0.050000000000000266,0.0,-0.040000000000000036,0.30631160097529214,-0.050000000000000266,1
2011-10-14,0.017231013084970215,-2.460000000000001,-0.009999999999999953,0.06999999999999984,0.0,-0.03000000000000025,0.30644074378163483,0.07999999999999985,1
2011-10-17,-0.01955996128718951,5.150000000000002,0.0,-0.07999999999999963,0.0,0.0,0.31356220610297486,-0.07999999999999963,1
2011-10-18,0.0202130331972894,-1.8300000000000018,0.0,0.009999999999999787,0.0,-0.029999999999999805,0.3196192714619577,0.009999999999999787,1
2011-10-19,-0.01272981883807578,2.879999999999999,0.0,-0.009999999999999787,0.0,-0.020000000000000018,0.32299032063344624,-0.009999999999999787,1
2011-10-20,0.004543831804408427,0.3400000000000034,0.0,0.020000000000000018,0.0,-0.009999999999999787,0.3039651973063758,0.020000000000000018,1
2011-10-21,0.018634079544892046,-3.460000000000001,0.019999999999999962,0.029999999999999805,0.0,-0.020000000000000018,0.2819170352329308,0.009999999999999787,1
2011-10-24,0.012790853398772839,-2.0599999999999987,0.0,0.020000000000000018,0.0,-0.020000000000000018,0.2833841599991867,0.020000000000000018,1
2011-10-25,-0.02024843264612919,2.9599999999999973,-0.03999999999999998,-0.10999999999999988,0.0,-0.020000000000000018,0.2876924735878223,-0.06999999999999984,1
2011-10-26,0.010481470272433846,-2.3599999999999994,0.020000000000000018,0.08999999999999986,0.009999999999999995,-0.040000000000000036,0.2876403362618494,0.06999999999999984,1
2011-10-27,0.03371661777560231,-4.399999999999999,0.02999999999999997,0.18999999999999995,-0.009999999999999995,-0.06000000000000005,0.2935105452549052,0.15999999999999992,1
2011-10-28,0.00038915351818946675,-0.9299999999999997,-0.02999999999999997,-0.08000000000000007,0.0,-0.04999999999999982,0.2937772458655843,-0.050000000000000266,1
2011-10-31,-0.025048682169739322,5.43,-0.030000000000000027,-0.16999999999999993,0.01999999999999999,0.029999999999999805,0.29346454152868706,-0.13999999999999968,1
2011-11-01,-0.028340044709683987,4.810000000000002,-0.01999999999999999,-0.16000000000000014,-0.009999999999999995,0.009999999999999787,0.2927109184121497,-0.14000000000000012,1
2011-11-02,0.01597636762997201,-2.030000000000001,0.0,0.020000000000000018,0.0,0.0,0.28881350997014554,0.020000000000000018,1
2011-11-03,0.018607607564518958,-2.240000000000002,0.009999999999999981,0.06000000000000005,0.009999999999999995,0.010000000000000231,0.2893444310655899,0.050000000000000044,1
2011-11-04,-0.006299784593888802,-0.33999999999999986,-0.01999999999999999,-0.029999999999999805,-0.009999999999999995,0.020000000000000018,0.28735843192080474,-0.009999999999999787,1
2011-11-07,0.006275996498243508,-0.3099999999999987,0.03,-0.020000000000000018,0.0,-0.040000000000000036,0.28430722729938185,-0.050000000000000044,1
2011-11-08,0.011667272007860774,-2.370000000000001,0.0,0.06000000000000005,0.0,0.029999999999999805,0.2652721468990209,0.06000000000000005,1
2011-11-09,-0.03738529279356406,8.679999999999996,-0.010000000000000009,-0.10000000000000009,0.0,0.03000000000000025,0.30016548847444047,-0.09000000000000008,1
2011-11-10,0.008587220623166303,-3.3499999999999943,0.0,0.040000000000000036,0.0,0.06000000000000005,0.2997817598046255,0.040000000000000036,1
2011-11-11,0.019293202934679066,-2.770000000000003,0.0,0.0,0.0,0.0,0.3056810960533887,0.0,1
2011-11-14,-0.009596079408942693,1.0899999999999999,0.0,0.0,0.0,-0.010000000000000231,0.303313702695133,0.0,1
2011-11-15,0.004805575097529768,0.08999999999999986,0.020000000000000018,0.020000000000000018,0.009999999999999995,0.010000000000000231,0.29405948502486445,0.0,1
2011-11-16,-0.016755779391135484,2.289999999999999,0.0,-0.050000000000000266,-0.009999999999999995,0.029999999999999805,0.2934212905988216,-0.050000000000000266,1
2011-11-17,-0.01694264836962489,1.0,0.010000000000000009,-0.04999999999999982,0.0,-0.009999999999999787,0.2961550507177869,-0.05999999999999983,1
2011-11-18,-0.0003947725585646822,-2.509999999999998,0.019999999999999962,0.04999999999999982,0.0,-0.020000000000000018,0.29574572611181527,0.029999999999999805,1
2011-11-21,-0.01882453464999756,0.9099999999999966,-0.019999999999999962,-0.039999999999999813,0.0,0.009999999999999787,0.29448794789664323,-0.019999999999999796,1
2011-11-22,-0.004149488108607713,-0.9399999999999977,-0.010000000000000009,-0.030000000000000027,0.0,0.020000000000000018,0.28974015218573657,-0.020000000000000018,1
2011-11-23,-0.022342971201496198,2.009999999999998,0.0,-0.050000000000000044,0.009999999999999995,-0.020000000000000018,0.2914353615477966,-0.050000000000000044,1
2011-11-25,-0.0026891236049406686,0.490000000000002,0.020000000000000018,0.08000000000000007,-0.01999999999999999,0.03000000000000025,0.28748543010566147,0.06000000000000005,1
2011-11-28,0.0288210760216856,-2.3399999999999963,-0.020000000000000018,0.0,0.009999999999999995,0.009999999999999787,0.2799427315417795,0.020000000000000018,1
2011-11-29,0.0022112969383298875,-1.490000000000002,0.010000000000000009,0.030000000000000027,0.0,0.03000000000000025,0.2803358822521887,0.020000000000000018,1
2011-11-30,0.04240342063777991,-2.84,-0.020000000000000018,0.08000000000000007,0.020000000000000004,0.020000000000000018,0.31060957591601834,0.10000000000000009,1
2011-12-01,-0.0019104655946868832,-0.39000000000000057,0.020000000000000018,0.029999999999999805,-0.020000000000000004,0.05999999999999961,0.29350678978374506,0.009999999999999787,1
2011-12-02,-0.00024107422792152278,0.10999999999999943,-0.020000000000000018,-0.06000000000000005,0.0,-0.05999999999999961,0.28842457352459855,-0.040000000000000036,1
2011-12-05,0.010234521802755303,0.3200000000000003,0.020000000000000018,-0.009999999999999787,0.0,0.009999999999999787,0.28311738058540115,-0.029999999999999805,1
2011-12-06,0.0011051262280359353,0.28999999999999915,-0.020000000000000018,0.040000000000000036,0.0,0.009999999999999787,0.2822527293733809,0.06000000000000005,1
2011-12-07,0.002016289758612899,0.5400000000000027,-0.010000000000000009,-0.06000000000000005,0.0,0.0,0.2814817548351086,-0.050000000000000044,1
2011-12-08,-0.021368471427759772,1.9199999999999982,-0.01999999999999999,-0.030000000000000027,-0.009999999999999995,0.0,0.2874227408461524,-0.010000000000000009,1
2011-12-09,0.01674243980938428,-4.210000000000001,0.0,0.07999999999999985,0.0,0.020000000000000018,0.26253908333733184,0.07999999999999985,1
2011-12-12,-0.015026409891995662,-0.7099999999999973,0.01999999999999999,-0.040000000000000036,0.0,-0.009999999999999787,0.26665196375672323,-0.06000000000000005,1
2011-12-13,-0.008723960779887463,-0.26000000000000156,0.0,-0.06999999999999984,0.0,0.020000000000000018,0.2584830106463218,-0.06999999999999984,1
2011-12-14,-0.011413223108981185,0.629999999999999,0.010000000000000009,-0.040000000000000036,0.0,-0.04999999999999982,0.2592792558541725,-0.050000000000000044,1
2011-12-15,0.0032378085355437847,-0.9299999999999997,0.010000000000000009,0.0,0.0,0.029999999999999805,0.25885195368110825,-0.010000000000000009,1
2011-12-16,0.003210961077953378,-0.8200000000000003,-0.020000000000000018,-0.05999999999999983,0.0,-0.010000000000000231,0.2533227560122367,-0.039999999999999813,1
2011-12-19,-0.01180215017986086,0.6300000000000026,0.0,-0.040000000000000036,0.0,0.0,0.24976266404160047,-0.040000000000000036,1
2011-12-20,0.02938923633991397,-1.7000000000000028,0.020000000000000018,0.11999999999999988,0.0,0.010000000000000231,0.2702746027337261,0.09999999999999987,1
2011-12-21,0.0019476710569792388,-1.7899999999999991,0.020000000000000018,0.040000000000000036,0.0,0.029999999999999805,0.2604838117723271,0.020000000000000018,1
2011-12-22,0.008231553613985199,-0.2699999999999996,0.0,-0.010000000000000009,0.0,-0.009999999999999787,0.2603417122452805,-0.010000000000000009,1
2011-12-23,0.008994515513423451,-0.4299999999999997,0.0,0.05999999999999983,0.009999999999999995,0.029999999999999805,0.24471613059079292,0.05999999999999983,1
2011-12-27,7.902764391065631e-05,1.1799999999999997,0.019999999999999962,-0.009999999999999787,-0.009999999999999995,-0.020000000000000018,0.24394008745856732,-0.029999999999999805,1
2011-12-28,-0.012556475533817668,1.6099999999999994,-0.019999999999999962,-0.09000000000000008,0.0,-0.04999999999999982,0.2331870924779344,-0.07000000000000006,1
2011-12-29,0.010650168721478614,-0.870000000000001,0.0,-0.020000000000000018,0.0,0.029999999999999805,0.23500533966824863,-0.020000000000000018,1
2011-12-30,-0.004300535862919119,0.75,-0.030000000000000027,-0.020000000000000018,-0.030000000000000006,-0.009999999999999787,0.18598401447779192,0.010000000000000009,1
2012-01-03,0.015355418375208707,-0.4299999999999997,0.020000000000000018,0.08000000000000007,0.030000000000000006,0.020000000000000018,0.19276954613391026,0.06000000000000005,1
2012-01-04,0.00018791399858031355,-0.75,-0.020000000000000018,0.030000000000000027,0.0,0.009999999999999787,0.19273411222429573,0.050000000000000044,1
2012-01-05,0.002939385158613028,-0.7399999999999984,0.020000000000000018,0.020000000000000018,0.0,-0.029999999999999805,0.1900864591468242,0.0,1
2012-01-06,-0.0025401851188711078,-0.8500000000000014,-0.020000000000000018,-0.040000000000000036,0.0,0.0,0.19045593186275905,-0.020000000000000018,1
2012-01-09,0.0022591283435531295,0.4400000000000013,0.010000000000000009,0.0,0.009999999999999995,0.009999999999999787,0.19047851361249485,-0.010000000000000009,1
2012-01-10,0.008846519498231231,-0.379999999999999,-0.020000000000000018,0.020000000000000018,0.0,-0.029999999999999805,0.1743711666372233,0.040000000000000036,1
2012-01-11,0.0003095304447908731,0.35999999999999943,0.0,-0.07000000000000006,0.0,0.020000000000000018,0.16617443847499067,-0.07000000000000006,1
2012-01-12,0.0023338676271160708,-0.5800000000000018,-0.01999999999999999,0.010000000000000009,0.0,0.0,0.1550705352422024,0.030000000000000027,1
2012-01-13,-0.00496017793328285,0.4400000000000013,0.01999999999999999,-0.050000000000000044,0.009999999999999995,-0.029999999999999805,0.15224580501486318,-0.07000000000000006,1
2012-01-17,0.0035465972840968973,1.2899999999999991,-0.03,-0.019999999999999796,0.0,0.0,0.14372518402412998,0.010000000000000231,1
2012-01-18,0.011046693236330007,-1.3099999999999987,0.03,0.04999999999999982,0.0,0.009999999999999787,0.1463330341683678,0.019999999999999796,0
2012-01-19,0.004926531580627724,-1.0199999999999996,0.020000000000000018,0.08999999999999986,0.010000000000000009,-0.029999999999999805,0.1464133236864686,0.06999999999999984,0
2012-01-20,0.0006692320811927388,-1.5899999999999999,0.0,0.040000000000000036,-0.010000000000000009,0.020000000000000018,0.13591698932655216,0.040000000000000036,0
2012-01-23,0.0004712356341336488,0.39000000000000057,0.0,0.040000000000000036,0.0,0.0,0.10061258551520467,0.040000000000000036,0
2012-01-24,-0.0010263623959936297,0.23999999999999844,-0.020000000000000018,-0.009999999999999787,0.0,0.009999999999999787,0.10144760180341111,0.010000000000000231,0
2012-01-25,0.008641669101617566,-0.6000000000000014,-0.01999999999999999,-0.07000000000000028,-0.009999999999999995,0.06000000000000005,0.10174188344839483,-0.050000000000000266,0
2012-01-26,-0.005770504840198143,0.26000000000000156,0.0,-0.04999999999999982,0.0,-0.03000000000000025,0.10300867118221563,-0.04999999999999982,0
2012-01-27,-0.0015940734220096786,-0.03999999999999915,0.0,-0.030000000000000027,0.009999999999999995,0.0,0.10355472145381127,-0.030000000000000027,0
2012-01-30,-0.002525349908655272,0.8699999999999974,0.0,-0.05999999999999983,0.0,-0.029999999999999805,0.09100704119494345,-0.05999999999999983,0
2012-01-31,-0.0004570697339438823,0.0400000000000027,0.0,-0.040000000000000036,0.020000000000000004,-0.009999999999999787,0.08626151377345959,-0.040000000000000036,0
2012-02-01,0.008860289331437343,-0.8900000000000006,0.010000000000000009,0.040000000000000036,0.0,0.009999999999999787,0.08653000191089046,0.030000000000000027,0
2012-02-02,0.0010944925478257872,-0.5700000000000003,0.0,-0.010000000000000009,0.0,0.0,0.07274093173727678,-0.010000000000000009,0
2012-02-03,0.01449973726416065,-0.879999999999999,0.0,0.10999999999999988,0.0,0.009999999999999787,0.08471750678266277,0.10999999999999988,0
2012-02-06,-0.00042391317108325666,0.6600000000000001,0.009999999999999981,-0.040000000000000036,0.0,-0.03999999999999959,0.08527489939733138,-0.050000000000000044,0
2012-02-07,0.0020212685879013037,-0.11000000000000298,0.010000000000000009,0.07000000000000006,0.0,-0.03000000000000025,0.08346030386919118,0.06000000000000005,0
2012-02-08,0.0021579461175580406,0.5100000000000016,0.020000000000000018,0.009999999999999787,0.0,-0.020000000000000018,0.08346491509456555,-0.010000000000000231,0
2012-02-09,0.0014730323066487472,0.46999999999999886,0.0,0.03000000000000025,0.0,0.010000000000000231,0.08025609641368518,0.03000000000000025,1
2012-02-10,-0.006910169670604205,2.16,0.0,-0.08000000000000007,0.009999999999999995,-0.010000000000000231,0.08603854785320712,-0.08000000000000007,0
2012-02-13,0.006777019788023253,-1.75,0.019999999999999962,0.030000000000000027,0.0,0.020000000000000018,0.08773733885759179,0.010000000000000009,0
2012-02-14,-0.0009399505552769583,0.5,0.0,-0.07000000000000006,0.0,-0.009999999999999787,0.0847593891595008,-0.07000000000000006,1
2012-02-15,-0.005397732995706228,1.6000000000000014,0.0,0.010000000000000009,0.0,0.009999999999999787,0.08856793446992955,0.010000000000000009,0
2012-02-16,0.010965322528886823,-1.9200000000000017,0.0,0.06000000000000005,-0.009999999999999995,-0.020000000000000018,0.0884611645103468,0.06000000000000005,0
2012-02-17,0.0023462189950569368,-1.4399999999999977,0.0,0.019999999999999796,-0.020000000000000004,0.0,0.08775582507579935,0.019999999999999796,0
2012-02-21,0.0007196780852876117,0.41000000000000014,0.020000000000000018,0.040000000000000036,0.010000000000000009,-0.020000000000000018,0.08774879765692874,0.020000000000000018,0
2012-02-22,-0.003345751263413632,0.0,-0.020000000000000018,-0.040000000000000036,-0.020000000000000004,0.0,0.0893845148994995,-0.020000000000000018,0
2012-02-23,0.0042629570055847665,-1.3900000000000006,0.020000000000000018,-0.019999999999999796,0.0,-0.009999999999999787,0.08939068498325249,-0.039999999999999813,0
2012-02-24,0.0016708196763968175,0.509999999999998,0.0,-0.010000000000000009,0.009999999999999995,-0.020000000000000018,0.08579459718038328,-0.010000000000000009,0
2012-02-27,0.001353660394094014,0.8800000000000026,-0.010000000000000009,-0.06000000000000005,0.010000000000000009,0.0,0.08174181285296715,-0.050000000000000044,0
2012-02-28,0.003350649356894664,-0.23000000000000043,0.0,0.020000000000000018,0.0,0.0,0.08098933499520722,0.020000000000000018,0
2012-02-29,-0.004748242943255043,0.46999999999999886,0.0,0.040000000000000036,0.0,-0.020000000000000018,0.0828907206544853,0.040000000000000036,0
2012-03-01,0.006139220748028862,-1.1699999999999982,0.0,0.04999999999999982,0.009999999999999995,0.0,0.08370009820808585,0.04999999999999982,0
2012-03-02,-0.00325106346733417,0.029999999999997584,-0.019999999999999962,-0.039999999999999813,0.0,-0.010000000000000231,0.08203163891153531,-0.019999999999999796,0
2012-03-05,-0.003877164727582816,0.7600000000000016,0.02999999999999997,0.010000000000000009,0.0,0.020000000000000018,0.08420460236301394,-0.020000000000000018,1
2012-03-06,-0.015489527433395267,2.8200000000000003,-0.010000000000000009,-0.040000000000000036,0.0,-0.009999999999999787,0.08923454601350568,-0.030000000000000027,0
2012-03-07,0.006876907208800631,-1.8000000000000007,0.0,0.020000000000000018,0.0,0.009999999999999787,0.0923822156496153,0.020000000000000018,0
2012-03-08,0.00977002776120628,-1.120000000000001,0.020000000000000018,0.04999999999999982,0.0,0.0,0.09794105523954558,0.029999999999999805,0
2012-03-09,0.0036247016059478554,-0.8399999999999999,0.010000000000000009,0.010000000000000231,0.009999999999999995,0.0,0.0983542424601538,2.220446049250313e-16,0
2012-03-12,0.00016046915379686055,-1.4699999999999989,0.0,0.0,0.0,-0.020000000000000018,0.09833472360181503,0.0,0
2012-03-13,0.017969143140010857,-0.8399999999999999,0.019999999999999962,0.10000000000000009,0.0,-0.009999999999999787,0.11110978326137524,0.08000000000000007,0
2012-03-14,-0.0011970340792055723,0.5099999999999998,0.050000000000000044,0.1499999999999999,0.010000000000000009,-0.010000000000000231,0.11008715010827548,0.10000000000000009,0
2012-03-15,0.005949504120039251,0.10999999999999943,-0.030000000000000027,0.0,0.010000000000000009,0.0,0.11076814731462073,0.029999999999999805,0
2012-03-16,0.001118723774120589,-0.9499999999999993,0.0,0.020000000000000018,0.009999999999999981,-0.029999999999999805,0.10768828502809233,0.020000000000000018,0
2012-03-19,0.003966002810360969,0.5699999999999985,0.020000000000000018,0.08000000000000007,0.0,-0.010000000000000231,0.10306901940308356,0.06000000000000005,0
2012-03-20,-0.003005042630492838,0.5400000000000009,0.019999999999999962,-0.010000000000000231,0.0,-0.009999999999999787,0.10435724348623436,-0.030000000000000027,0
2012-03-21,-0.0018729464492865944,-0.4499999999999993,-0.019999999999999962,-0.06999999999999984,0.0,-0.020000000000000018,0.10499376130460816,-0.050000000000000044,0
2012-03-22,-0.0072326448201014415,0.4399999999999995,-0.020000000000000018,-0.020000000000000018,-0.009999999999999981,0.009999999999999787,0.10802754992405132,0.0,0
2012-03-23,0.003104067527187837,-0.75,0.0,-0.040000000000000036,0.0,0.0,0.10768978039713131,-0.040000000000000036,0
2012-03-26,0.013790282585130598,-0.5600000000000005,-0.010000000000000009,0.009999999999999787,0.0,0.0,0.11625567009288548,0.020000000000000018,0
2012-03-27,-0.0028207566873392764,1.33,-0.02999999999999997,-0.05999999999999961,0.0,0.03000000000000025,0.11732403476045211,-0.029999999999999805,0
2012-03-28,-0.004953772647860788,-0.11999999999999922,0.010000000000000009,0.009999999999999787,-0.010000000000000009,-0.010000000000000231,0.11922007514879114,-2.220446049250313e-16,0
2012-03-29,-0.001609217029003851,0.009999999999999787,-0.010000000000000009,-0.029999999999999805,0.0,0.0,0.1177522110543749,-0.019999999999999796,0
2012-03-30,0.003691655299543406,0.019999999999999574,0.0,0.04999999999999982,-0.04000000000000001,0.040000000000000036,0.11678433964446107,0.04999999999999982,0
2012-04-02,0.0074765777930734245,0.14000000000000057,0.0,-0.009999999999999787,0.06,0.010000000000000231,0.11756939353752181,-0.009999999999999787,0
2012-04-03,-0.00399658774743461,0.019999999999999574,0.02999999999999997,0.07999999999999963,0.0,-0.020000000000000018,0.11764132108891273,0.04999999999999982,0
2012-04-04,-0.01025489547530345,0.7800000000000011,-0.010000000000000009,-0.04999999999999982,0.0,0.020000000000000018,0.10910161831875599,-0.040000000000000036,0
2012-04-05,-0.000629236642332387,0.259999999999998,0.0,-0.06000000000000005,0.0,0.009999999999999787,0.10790627771718628,-0.06000000000000005,0
2012-04-09,-0.01142343410577773,2.1099999999999994,-0.02999999999999997,-0.1299999999999999,0.010000000000000009,0.020000000000000018,0.11250020701477782,-0.09999999999999987,1
2012-04-10,-0.017229035445361696,1.5800000000000018,-0.03999999999999998,-0.050000000000000266,-0.010000000000000009,0.03000000000000025,0.12754091093239106,-0.010000000000000231,1
2012-04-11,0.007421293181565147,-0.370000000000001,0.019999999999999962,0.040000000000000036,0.010000000000000009,0.020000000000000018,0.13041120064482983,0.020000000000000018,0
2012-04-12,0.013685325404961368,-2.8200000000000003,-0.010000000000000009,0.03000000000000025,-0.010000000000000009,-0.010000000000000231,0.12360645096741069,0.04000000000000026,0
2012-04-13,-0.012553512960530533,2.3500000000000014,-0.019999999999999962,-0.06000000000000005,0.0,0.0,0.13071612766240795,-0.040000000000000036,0
2012-04-16,-0.0005036808959584249,0.0,0.0,-0.020000000000000018,0.0,-0.009999999999999787,0.12839139317828285,-0.020000000000000018,0
2012-04-17,0.01536791887551292,-1.0899999999999999,0.0,0.029999999999999805,0.010000000000000009,0.0,0.14046358906844403,0.029999999999999805,0
2012-04-18,-0.004063523272098024,0.17999999999999972,0.0,-0.029999999999999805,-0.010000000000000009,0.009999999999999787,0.1400317070843137,-0.029999999999999805,0
2012-04-19,-0.005952096817442687,-0.28000000000000114,0.0,-0.020000000000000018,-0.01999999999999999,0.0,0.1409751433684865,-0.020000000000000018,0
2012-04-20,0.0011685932847402825,-0.9199999999999982,0.019999999999999962,0.010000000000000009,-0.010000000000000009,0.020000000000000018,0.14112576530761248,-0.010000000000000009,0
2012-04-23,-0.008443048985726342,1.5299999999999976,-0.019999999999999962,-0.030000000000000027,0.010000000000000009,-0.009999999999999787,0.14187752227519881,-0.010000000000000009,0
2012-04-24,0.0036729981306002912,-0.8699999999999974,0.0,0.040000000000000036,0.010000000000000009,-0.010000000000000231,0.1420929413460471,0.040000000000000036,0
2012-04-25,0.013552363677729495,-1.2800000000000011,-0.010000000000000009,0.009999999999999787,0.009999999999999981,0.020000000000000018,0.1417858195500663,0.019999999999999796,0
2012-04-26,0.0066579239517370326,-0.5800000000000018,0.0,-0.029999999999999805,-0.009999999999999981,0.020000000000000018,0.14393343656679872,-0.029999999999999805,0
2012-04-27,0.002411410416049087,0.08000000000000185,0.0,-0.020000000000000018,-0.010000000000000009,0.0,0.14327304682044137,-0.020000000000000018,0
2012-04-30,-0.003891097164051338,0.8299999999999983,0.010000000000000009,-0.010000000000000009,0.03,0.010000000000000231,0.14379824317123335,-0.020000000000000018,0
2012-05-01,0.0056424983763747605,-0.5499999999999972,0.0,0.030000000000000027,0.0,0.020000000000000018,0.14461696382034211,0.030000000000000027,0
2012-05-02,-0.0024998855665208097,0.2799999999999976,0.0,-0.020000000000000018,-0.010000000000000009,-0.03000000000000025,0.14214856749485424,-0.020000000000000018,0
2012-05-03,-0.007688270722404411,0.6799999999999997,0.010000000000000009,0.0,0.0,-0.009999999999999787,0.1438367928358163,-0.010000000000000009,0
2012-05-04,-0.016279016486759446,1.6000000000000014,-0.010000000000000009,-0.050000000000000044,0.010000000000000009,0.009999999999999787,0.1502293474772516,-0.040000000000000036,0
2012-05-07,0.00035053383740724087,-0.21999999999999886,0.0,0.010000000000000009,0.0,-0.009999999999999787,0.15030038961643866,0.010000000000000009,0
2012-05-08,-0.00428786373861989,0.10999999999999943,0.0,-0.040000000000000036,0.0,0.009999999999999787,0.14602546987432616,-0.040000000000000036,1
2012-05-09,-0.006724816572818426,1.0299999999999976,0.0,-0.009999999999999787,-0.010000000000000009,0.03000000000000025,0.13511673860217516,-0.009999999999999787,0
2012-05-10,0.002514222155599377,-1.25,0.0,0.019999999999999796,0.0,-0.010000000000000231,0.13270408972665076,0.019999999999999796,0
2012-05-11,-0.0033931093490320308,1.0600000000000023,0.0,-0.04999999999999982,0.0,0.010000000000000231,0.12271699812307924,-0.04999999999999982,1
2012-05-14,-0.011175044036911608,1.9800000000000004,0.019999999999999962,-0.06000000000000005,0.010000000000000009,0.0,0.12119176691095168,-0.08000000000000007,1
2012-05-15,-0.005762452204680635,0.09999999999999787,0.0,-0.020000000000000018,0.0,0.020000000000000018,0.12221846805274382,-0.020000000000000018,1
2012-05-16,-0.004413555099659128,0.3000000000000007,0.010000000000000009,0.0,0.0,0.009999999999999787,0.10624531969989003,-0.010000000000000009,1
2012-05-17,-0.015165749322566313,2.219999999999999,0.020000000000000018,-0.06000000000000005,0.0,-0.020000000000000018,0.11513701741194311,-0.08000000000000007,1
2012-05-18,-0.007415190433587959,0.610000000000003,0.0,0.010000000000000009,0.0,0.040000000000000036,0.1157447555756809,0.010000000000000009,1
2012-05-21,0.015908669197355785,-3.09,-0.020000000000000018,0.040000000000000036,0.0,-0.020000000000000018,0.1323635726332006,0.06000000000000005,1
2012-05-22,0.000486207665829852,0.46999999999999886,0.0,0.040000000000000036,0.0,0.08999999999999986,0.1306696185625022,0.040000000000000036,1
2012-05-23,0.0016922853300105345,-0.15000000000000213,-0.019999999999999962,-0.06000000000000005,-0.010000000000000009,-0.009999999999999787,0.1298043287896281,-0.040000000000000036,1
2012-05-24,0.0013790283825416694,-0.7899999999999991,0.009999999999999953,0.040000000000000036,0.0,0.029999999999999805,0.11786979981739551,0.030000000000000027,1
2012-05-25,-0.0021678992761913207,0.22000000000000242,0.010000000000000009,-0.020000000000000018,0.0,0.010000000000000231,0.11313787419511502,-0.030000000000000027,1
2012-05-29,0.011017981539835908,-0.7300000000000004,0.0,-0.010000000000000009,0.010000000000000009,0.009999999999999787,0.12180589766940016,-0.010000000000000009,1
2012-05-30,-0.014438555426152355,3.1099999999999994,-0.02999999999999997,-0.1100000000000001,0.0,0.020000000000000018,0.1286442892050633,-0.08000000000000007,1
2012-05-31,-0.0022792684195200863,-0.08000000000000185,0.0,-0.039999999999999813,0.0,0.0,0.124830406352552,-0.039999999999999813,1
2012-06-01,-0.02495135951633287,2.6000000000000014,-0.020000000000000018,-0.1200000000000001,0.0,0.010000000000000231,0.14543280762353133,-0.10000000000000009,1
2012-06-04,0.00010953673794844576,-0.5399999999999991,0.0,0.06000000000000005,0.010000000000000009,-0.010000000000000231,0.14573225403404935,0.06000000000000005,1
2012-06-05,0.005710556615778017,-1.4400000000000013,0.0,0.040000000000000036,0.0,0.0,0.14234602888023426,0.040000000000000036,1
2012-06-06,0.02278777233525009,-2.5199999999999996,0.010000000000000009,0.08999999999999986,-0.010000000000000009,0.010000000000000231,0.16792307406250298,0.07999999999999985,1
2012-06-07,-0.00010645902098183058,-0.4400000000000013,0.010000000000000009,0.0,0.0,0.020000000000000018,0.16780855415306645,-0.010000000000000009,1
2012-06-08,0.008081387590454625,-0.48999999999999844,0.010000000000000009,-0.010000000000000009,0.010000000000000009,0.009999999999999787,0.170081638043469,-0.020000000000000018,1
2012-06-11,-0.012700439066485103,2.3299999999999983,-0.010000000000000009,-0.04999999999999982,0.0,0.020000000000000018,0.17420562850139354,-0.039999999999999813,1
2012-06-12,0.011583390373813174,-1.4699999999999989,0.02999999999999997,0.06999999999999984,-0.010000000000000009,-0.029999999999999805,0.18005511870625648,0.039999999999999813,1
2012-06-13,-0.007047993222950133,2.1799999999999997,0.0,-0.05999999999999983,0.010000000000000009,0.0,0.17767968795742592,-0.05999999999999983,1
2012-06-14,0.010756614732241765,-2.59,0.0,0.029999999999999805,0.0,-0.03000000000000025,0.18109814592679696,0.029999999999999805,1
2012-06-15,0.010284752736562375,-0.5700000000000003,-0.010000000000000009,-0.039999999999999813,0.009999999999999981,0.020000000000000018,0.18377960268983343,-0.029999999999999805,0
2012-06-18,0.0014436567200251105,-2.789999999999999,0.0,-0.010000000000000009,-0.009999999999999981,0.0,0.17455114933171562,-0.010000000000000009,0
2012-06-19,0.009767870585815075,0.05999999999999872,0.010000000000000009,0.04999999999999982,0.0,-0.009999999999999787,0.17372090468828674,0.039999999999999813,0
2012-06-20,-0.0016877516747362264,-1.1400000000000006,0.020000000000000018,0.010000000000000009,-0.010000000000000009,-0.03000000000000025,0.16685122214021797,-0.010000000000000009,1
2012-06-21,-0.022513258771434508,2.84,0.0,-0.020000000000000018,0.010000000000000009,-0.029999999999999805,0.1863478619810853,-0.020000000000000018,0
2012-06-22,0.007148981972020962,-1.9699999999999989,-0.010000000000000009,0.06000000000000005,0.0,0.009999999999999787,0.187807138475626,0.07000000000000006,1
2012-06-25,-0.016083465459972857,2.2699999999999996,0.0,-0.06000000000000005,0.0,0.0,0.19641572945115063,-0.06000000000000005,0
2012-06-26,0.004761353258577294,-0.6600000000000001,0.0,0.030000000000000027,-0.010000000000000009,-0.020000000000000018,0.19702968662695847,0.030000000000000027,0
2012-06-27,0.008944792352300723,-0.2699999999999996,0.0,-0.010000000000000009,-0.010000000000000009,0.010000000000000231,0.19570574986326295,-0.010000000000000009,0
2012-06-28,-0.0021120760682222794,0.26000000000000156,0.0,-0.04999999999999982,0.0,0.020000000000000018,0.18879980303399907,-0.04999999999999982,0
2012-06-29,0.024614798034165553,-2.6300000000000026,0.020000000000000018,0.06999999999999984,-0.06,0.020000000000000018,0.20590319027176993,0.04999999999999982,0
2012-07-02,0.002456310099345771,-0.2799999999999976,-0.030000000000000027,-0.05999999999999983,0.09,0.009999999999999787,0.1813868548214541,-0.029999999999999805,0
2012-07-03,0.006212764505379553,-0.14000000000000057,0.0,0.039999999999999813,-0.009999999999999981,0.010000000000000231,0.18132894923928228,0.039999999999999813,0
2012-07-05,-0.004697995218012174,0.8399999999999999,-0.019999999999999962,-0.029999999999999805,0.0,0.020000000000000018,0.18326341782947533,-0.009999999999999787,0
2012-07-06,-0.009477490437645564,-0.3999999999999986,-0.010000000000000009,-0.050000000000000044,0.0,-0.020000000000000018,0.17304950053027393,-0.040000000000000036,0
2012-07-09,-0.0016401076395320402,0.879999999999999,0.0,-0.040000000000000036,0.0,0.0,0.17330031428819934,-0.040000000000000036,0
2012-07-10,-0.00815912883276404,0.7399999999999984,0.0,0.0,0.0,-0.020000000000000018,0.1744654941716444,0.0,0
2012-07-11,-1.490912886037421e-05,-0.7699999999999996,0.0,0.010000000000000009,0.0,-0.03000000000000025,0.16771639804054178,0.010000000000000009,0
2012-07-12,-0.004999618068361578,0.379999999999999,-0.020000000000000018,-0.040000000000000036,0.009999999999999981,0.010000000000000231,0.16454938072869052,-0.020000000000000018,0
2012-07-13,0.01636274497101997,-1.5899999999999999,0.0,0.020000000000000018,0.010000000000000009,0.0,0.17108979161645982,0.020000000000000018,0
2012-07-16,-0.0023169851201929603,0.370000000000001,-0.010000000000000009,-0.020000000000000018,-0.010000000000000009,-0.020000000000000018,0.16813997701712674,-0.010000000000000009,0
2012-07-17,0.007382334405661162,-0.629999999999999,0.010000000000000009,0.030000000000000027,-0.009999999999999981,0.0,0.16638396641016565,0.020000000000000018,0
2012-07-18,0.006658286214577203,-0.3200000000000003,-0.03,-0.010000000000000009,-0.010000000000000009,-0.020000000000000018,0.1676404491180736,0.020000000000000018,0
2012-07-19,0.002713429495304176,-0.7100000000000009,0.0,0.020000000000000018,-0.03,0.009999999999999787,0.16473766307610943,0.020000000000000018,0
2012-07-20,-0.010112638522750572,0.8200000000000003,0.0,-0.050000000000000044,0.0,-0.029999999999999805,0.16877672553335488,-0.050000000000000044,0
2012-07-23,-0.00894896838266579,2.3500000000000014,0.0,-0.020000000000000018,0.010000000000000009,0.0,0.15137538372442436,-0.020000000000000018,1
2012-07-24,-0.009082079512298336,1.8499999999999979,0.0,-0.030000000000000027,0.009999999999999981,-0.020000000000000018,0.1533488051909298,-0.030000000000000027,0
2012-07-25,-0.00031387788913228576,-1.129999999999999,0.0,-0.010000000000000009,0.0,0.009999999999999787,0.1416402874307675,-0.010000000000000009,0
2012-07-26,0.0164056594528601,-1.8099999999999987,0.010000000000000009,0.020000000000000018,-0.009999999999999981,0.0,0.1511008285224739,0.010000000000000009,0
2012-07-27,0.018900849989625712,-0.8300000000000018,0.01999999999999999,0.13000000000000012,0.0,-0.009999999999999787,0.1609602201581881,0.1100000000000001,0
2012-07-30,-0.00048353283011337567,1.3300000000000018,-0.01999999999999999,-0.050000000000000044,0.0,-0.03000000000000025,0.1605475001710323,-0.030000000000000027,0
2012-07-31,-0.0043260985787334505,0.8999999999999986,0.0,-0.020000000000000018,-0.010000000000000009,0.010000000000000231,0.13897638254941164,-0.020000000000000018,0
2012-08-01,-0.002904192788491855,0.030000000000001137,0.009999999999999981,0.050000000000000044,0.010000000000000009,-0.010000000000000231,0.13931250622105434,0.040000000000000036,0
2012-08-02,-0.007532002677547389,-1.3900000000000006,0.0,-0.050000000000000044,0.0,-0.019999999999999574,0.14014693594860297,-0.050000000000000044,0
2012-08-03,0.01886129520593194,-1.9299999999999997,0.0,0.09000000000000008,0.0,0.019999999999999574,0.15394374417458964,0.09000000000000008,0
2012-08-06,0.0023265677120560824,0.3099999999999987,0.0,-0.010000000000000009,0.0,-0.019999999999999574,0.149368973218024,-0.010000000000000009,0
2012-08-07,0.005093766155781054,0.040000000000000924,0.030000000000000027,0.06999999999999984,-0.010000000000000009,0.0,0.14948035987472347,0.039999999999999813,0
2012-08-08,0.0006206372788462033,-0.6699999999999999,0.019999999999999962,0.020000000000000018,0.0,-0.010000000000000231,0.14522413193290995,0.0,0
2012-08-09,0.0004135442943473677,-0.040000000000000924,0.0,0.010000000000000009,0.0,0.0,0.14515274232261066,0.010000000000000009,0
2012-08-10,0.00218608894788197,-0.5399999999999991,-0.019999999999999962,-0.040000000000000036,0.0,0.0,0.14282154985700662,-0.020000000000000018,0
2012-08-13,-0.0012526781188118008,-1.040000000000001,0.0,0.0,0.0,0.010000000000000231,0.13399723523135057,0.0,0
2012-08-14,-0.00012820330212282016,1.1500000000000004,0.0,0.08000000000000007,0.0,0.009999999999999787,0.13339747809264949,0.08000000000000007,0
2012-08-15,0.0011390090430039024,-0.21999999999999886,0.0,0.07000000000000006,0.0,0.020000000000000018,0.13181219507817143,0.07000000000000006,0
2012-08-16,0.007075434332494801,-0.34000000000000163,0.019999999999999962,0.030000000000000027,0.0,-0.010000000000000231,0.1320280303981402,0.010000000000000009,0
2012-08-17,0.0018703665370596312,-0.8399999999999999,0.0,-0.020000000000000018,0.0,-0.009999999999999787,0.13195943484718514,-0.020000000000000018,0
2012-08-20,-2.1154395354550104e-05,0.5700000000000003,0.0,0.010000000000000009,0.0,-0.020000000000000018,0.12531029755180145,0.010000000000000009,0
2012-08-21,-0.0035036944682849125,1.0,0.020000000000000018,-0.020000000000000018,0.0,0.0,0.1207053218440752,-0.040000000000000036,0
2012-08-22,0.00022641562930569847,0.08999999999999986,-0.04999999999999999,-0.09000000000000008,0.0,-0.009999999999999787,0.11389737027824391,-0.040000000000000036,0
2012-08-23,-0.00810497516365416,0.8500000000000014,0.0,-0.030000000000000027,0.0,-0.020000000000000018,0.11947229870975992,-0.030000000000000027,0
2012-08-24,0.0064339535401050085,-0.7800000000000011,0.020000000000000018,0.0,0.0,0.009999999999999787,0.10911043262152417,-0.020000000000000018,0
2012-08-27,-0.0004890894174200966,1.1700000000000017,0.0,-0.030000000000000027,0.0,-0.020000000000000018,0.08966411862516913,-0.030000000000000027,0
2012-08-28,-0.0008085852327601728,0.13999999999999702,-0.010000000000000009,-0.010000000000000009,0.0,0.0,0.08973131849449588,0.0,0
2012-08-29,0.0008440345349445266,0.5700000000000003,0.0,0.020000000000000018,0.0,0.0,0.0877625873554211,0.020000000000000018,0
2012-08-30,-0.007836422697165446,0.7699999999999996,0.0,-0.030000000000000027,0.010000000000000009,0.010000000000000231,0.09212722099355089,-0.030000000000000027,0
2012-08-31,0.005060487054237228,-0.35999999999999943,-0.05000000000000002,-0.05999999999999983,-0.010000000000000009,0.009999999999999787,0.08796016733373559,-0.009999999999999787,0
2012-09-04,-0.0011666288598384256,0.5100000000000016,0.010000000000000009,0.020000000000000018,0.010000000000000009,-0.029999999999999805,0.061255263917707595,0.010000000000000009,0
2012-09-05,-0.0010682316087136101,-0.240000000000002,0.01999999999999999,0.010000000000000009,0.01999999999999999,0.0,0.06109107484438246,-0.010000000000000009,0
2012-09-06,0.020229498271412183,-2.139999999999999,0.020000000000000018,0.07999999999999985,0.0,0.009999999999999787,0.09112894657417016,0.05999999999999983,0
2012-09-07,0.00404176101772169,-1.2199999999999989,-0.020000000000000018,-0.010000000000000009,-0.010000000000000009,0.010000000000000231,0.09170208918247004,0.010000000000000009,0
2012-09-10,-0.006166744342158914,1.9000000000000004,0.0,0.010000000000000009,0.0,0.0,0.09517784282554642,0.010000000000000009,0
2012-09-11,0.0031299804777846774,0.129999999999999,0.0,0.020000000000000018,0.0,-0.020000000000000018,0.09539647959037109,0.020000000000000018,0
2012-09-12,0.0020905056879527706,-0.6099999999999994,0.0,0.07000000000000006,0.0,0.0,0.09513583053272773,0.07000000000000006,0
2012-09-13,0.016178219630214485,-1.75,-0.010000000000000009,-0.020000000000000018,0.0,0.029999999999999805,0.10835986536342103,-0.010000000000000009,0
2012-09-14,0.0039511152790705495,0.4599999999999991,0.030000000000000027,0.1299999999999999,0.010000000000000009,-0.06000000000000005,0.10856032867955698,0.09999999999999987,0
2012-09-17,-0.0031295294353350656,0.08000000000000007,-0.020000000000000018,-0.029999999999999805,0.0,-0.029999999999999805,0.10830236620334786,-0.009999999999999787,0
2012-09-18,-0.00128059842668371,-0.41000000000000014,0.0,-0.030000000000000027,0.0,-0.03000000000000025,0.10872039704853542,-0.030000000000000027,0
2012-09-19,0.0011847815190320077,-0.29999999999999893,0.020000000000000018,-0.030000000000000027,-0.010000000000000009,-0.020000000000000018,0.10860723082553023,-0.050000000000000044,0
2012-09-20,-0.000540853260528884,0.1899999999999995,0.0,0.010000000000000009,0.010000000000000009,-0.029999999999999805,0.10739303654993299,0.010000000000000009,0
2012-09-21,-7.533188836639226e-05,-0.08999999999999986,0.0,-0.030000000000000027,-0.010000000000000009,0.020000000000000018,0.1074453556820006,-0.030000000000000027,0
2012-09-24,-0.002235143403731321,0.16999999999999993,0.0,-0.030000000000000027,0.010000000000000009,-0.040000000000000036,0.10261731676103716,-0.030000000000000027,0
2012-09-25,-0.010557355654258416,1.2799999999999994,0.0,-0.040000000000000036,-0.010000000000000009,0.009999999999999787,0.10964376255983616,-0.040000000000000036,0
2012-09-26,-0.00575323944835926,1.379999999999999,-0.010000000000000009,-0.06000000000000005,0.0,0.0,0.11204497090171334,-0.050000000000000044,0
2012-09-27,0.00960267336469478,-1.9699999999999989,-0.010000000000000009,0.020000000000000018,-0.009999999999999981,0.020000000000000018,0.11593800793717024,0.030000000000000027,0
2012-09-28,-0.004487821869708419,0.8900000000000006,-0.01999999999999999,-0.010000000000000009,-0.05000000000000002,0.020000000000000018,0.11763898697180963,0.010000000000000009,0
2012-10-01,0.0026480349319832897,0.5899999999999999,0.01999999999999999,-0.010000000000000009,0.06,-0.009999999999999787,0.1132307733568727,-0.030000000000000027,0
2012-10-02,0.0008718999666621485,-0.6099999999999994,-0.01999999999999999,0.0,0.010000000000000009,-0.020000000000000018,0.11250201433551298,0.020000000000000018,0
2012-10-03,0.0036178640233517356,-0.28000000000000114,0.0,0.0,0.0,-0.010000000000000231,0.11239680337941681,0.0,0
2012-10-04,0.007148798295437686,-0.879999999999999,0.0,0.06000000000000005,-0.010000000000000009,-0.03999999999999959,0.11359606006296818,0.06000000000000005,0
2012-10-05,-0.00032166114302789595,-0.22000000000000064,0.04000000000000001,0.050000000000000044,0.0,-0.010000000000000231,0.09216093290149985,0.010000000000000009,0
2012-10-08,-0.003462690436391469,0.7799999999999994,0.0,0.0,0.0,0.0,0.09265233629322736,0.0,0
2012-10-09,-0.009940165231842713,1.2600000000000016,-0.020000000000000018,-0.010000000000000009,0.010000000000000009,-0.04999999999999982,0.09694288941672874,0.010000000000000009,0
2012-10-10,-0.0062073100173511975,-0.08000000000000185,0.020000000000000018,-0.020000000000000018,0.0,-0.03000000000000025,0.09901749056191898,-0.040000000000000036,0
2012-10-11,0.00019543519291609357,-0.6999999999999993,0.010000000000000009,-0.020000000000000018,0.0,-0.029999999999999805,0.09872253211742368,-0.030000000000000027,0
2012-10-12,-0.00297054488505033,0.5500000000000007,-0.010000000000000009,-0.010000000000000009,0.0,-0.020000000000000018,0.07924568449868913,0.0,0
2012-10-15,0.008045443436660804,-0.870000000000001,0.0,0.010000000000000009,0.0,-0.020000000000000018,0.0836392622365481,0.010000000000000009,0
2012-10-16,0.010217529003082149,-0.049999999999998934,0.0,0.050000000000000044,0.0,-0.03000000000000025,0.09145106445242708,0.050000000000000044,0
2012-10-17,0.004108612934417444,-0.15000000000000036,0.02999999999999997,0.08000000000000007,-0.010000000000000009,-0.029999999999999805,0.09255114635428886,0.050000000000000044,0
2012-10-18,-0.002446673027257873,-0.040000000000000924,-0.010000000000000009,0.030000000000000027,0.0,-0.04999999999999982,0.09284550137535477,0.040000000000000036,0
2012-10-19,-0.016710127170061817,2.0299999999999994,0.010000000000000009,-0.07000000000000006,0.010000000000000009,-0.010000000000000231,0.1092184914150631,-0.08000000000000007,0
2012-10-22,0.0004394822551301303,-0.4399999999999977,0.020000000000000018,0.040000000000000036,-0.010000000000000009,-0.029999999999999805,0.10928147907248915,0.020000000000000018,0
2012-10-23,-0.014549262064668333,2.2099999999999973,-0.030000000000000027,-0.040000000000000036,0.0,0.04999999999999982,0.11910834046170848,-0.010000000000000009,0
2012-10-24,-0.0030901628496859956,-0.5,0.0,0.010000000000000009,0.020000000000000018,0.010000000000000231,0.11464157574844912,0.010000000000000009,0
2012-10-25,0.002991085682645611,-0.2099999999999973,0.020000000000000018,0.06000000000000005,-0.010000000000000009,-0.010000000000000231,0.11416780138021776,0.040000000000000036,0
2012-10-26,-0.0007292268041414474,-0.3100000000000023,-0.010000000000000009,-0.08000000000000007,0.0,0.029999999999999805,0.10787856840875763,-0.07000000000000006,0
2012-10-31,0.00015580184869179448,0.7900000000000027,0.0,-0.06000000000000005,0.01999999999999999,-0.029999999999999805,0.10727831859522088,-0.06000000000000005,0
2012-11-01,0.0108672607470508,-1.9100000000000001,0.0,0.030000000000000027,-0.009999999999999981,0.020000000000000018,0.11430188121185138,0.030000000000000027,0
2012-11-02,-0.009423707658092972,0.8999999999999986,-0.019999999999999962,0.0,-0.010000000000000009,0.020000000000000018,0.11817488162163897,0.020000000000000018,0
2012-11-05,0.002161429927531877,0.8300000000000018,0.0,-0.030000000000000027,0.010000000000000009,-0.029999999999999805,0.11755599349037134,-0.030000000000000027,0
2012-11-06,0.00782250575801502,-0.8400000000000034,0.019999999999999962,0.06000000000000005,-0.010000000000000009,0.0,0.1181746235099044,0.040000000000000036,0
2012-11-07,-0.023990494932418116,1.5,-0.02999999999999997,-0.10000000000000009,0.0,0.03999999999999959,0.1422348395815957,-0.07000000000000006,0
2012-11-08,-0.012279919394418748,-0.5899999999999999,0.0,-0.05999999999999983,0.0,0.020000000000000018,0.14642709180526986,-0.05999999999999983,0
2012-11-09,0.0016972760624254235,0.120000000000001,0.0,-0.010000000000000009,0.0,0.020000000000000018,0.14465022429945054,-0.010000000000000009,0
2012-11-12,0.0001304404541180304,-1.9299999999999997,0.0,0.0,0.0,0.0,0.14403691418763795,0.0,0
2012-11-13,-0.003993383559691033,-0.030000000000001137,0.0,-0.020000000000000018,0.0,0.03000000000000025,0.14404435130887788,-0.020000000000000018,0
2012-11-14,-0.013948841925725652,1.2700000000000031,-0.020000000000000018,0.0,0.0,0.020000000000000018,0.14989839249565592,0.020000000000000018,0
2012-11-15,-0.0015947906895288355,0.06999999999999673,-0.010000000000000009,-0.010000000000000009,0.0,0.029999999999999805,0.14499173537749885,0.0,0
2012-11-16,0.00482823867256954,-1.5799999999999983,0.0,0.0,0.0,0.0,0.1399337756894883,0.0,0
2012-11-19,0.019667369768091802,-1.17,0.010000000000000009,0.030000000000000027,0.0,0.010000000000000231,0.15924366326525896,0.020000000000000018,0
2012-11-20,0.000663134777607155,-0.16000000000000014,0.020000000000000018,0.04999999999999982,0.0,-0.010000000000000231,0.15961482479070532,0.029999999999999805,0
2012-11-21,0.0023175148199863216,0.23000000000000043,0.0,0.030000000000000027,0.0,-0.009999999999999787,0.1514109549928144,0.030000000000000027,0
2012-11-23,0.012942205804868046,-0.16999999999999993,0.019999999999999962,0.010000000000000009,0.0,0.0,0.15933465674610917,-0.010000000000000009,0
2012-11-26,-0.002031654720931364,0.35999999999999943,-0.019999999999999962,-0.040000000000000036,0.0,0.009999999999999787,0.1514564135885676,-0.020000000000000018,0
2012-11-27,-0.005240224023848938,0.41999999999999993,0.0,-0.020000000000000018,0.0,0.010000000000000231,0.15214948562702582,-0.020000000000000018,0
2012-11-28,0.007825250780979509,-0.41000000000000014,0.0,-0.010000000000000009,0.0,0.0,0.15438526480509077,-0.010000000000000009,0
2012-11-29,0.004260626145993207,-0.4499999999999993,-0.020000000000000018,-0.009999999999999787,0.0,0.040000000000000036,0.15509608031310965,0.010000000000000231,0
2012-11-30,0.00016242192307913683,0.8099999999999987,0.0,0.0,0.0,0.0,0.15509609316946238,0.0,0
2012-12-03,-0.004756453525113891,0.7700000000000014,0.0,0.009999999999999787,0.0,0.0,0.15085975983543662,0.009999999999999787,0
2012-12-04,-0.001711338208048474,0.4800000000000004,0.0,-0.009999999999999787,0.010000000000000009,-0.010000000000000231,0.14751002615241235,-0.009999999999999787,0
2012-12-05,0.0015836215685256505,-0.6600000000000001,0.0,-0.020000000000000018,-0.010000000000000009,0.03000000000000025,0.1474049782232996,-0.020000000000000018,0
2012-12-06,0.003301198087305224,0.11999999999999744,0.0,-0.010000000000000009,0.0,-0.010000000000000231,0.14509178599089448,-0.010000000000000009,0
2012-12-07,0.002916658435379027,-0.6799999999999979,0.0,0.04999999999999982,0.0,0.0,0.11747709468319054,0.04999999999999982,0
2012-12-10,0.0003384309527412199,0.15000000000000036,-0.010000000000000009,-0.010000000000000009,0.0,-0.009999999999999787,0.10748616082404425,0.0,0
2012-12-11,0.0065275896744818596,-0.4800000000000004,0.0,0.030000000000000027,0.010000000000000009,0.0,0.10894810096470849,0.030000000000000027,0
2012-12-12,0.00044812906866908975,0.379999999999999,0.010000000000000009,0.06000000000000005,0.0,-0.010000000000000231,0.10889862588081457,0.050000000000000044,0
2012-12-13,-0.006341469250430443,0.6099999999999994,0.020000000000000018,0.020000000000000018,-0.010000000000000009,-0.020000000000000018,0.1107185402096772,0.0,0
2012-12-14,-0.004143978990863495,0.4400000000000013,-0.030000000000000027,-0.020000000000000018,0.010000000000000009,-0.020000000000000018,0.09791497623074828,0.010000000000000009,0
2012-12-17,0.011800667190938974,-0.6600000000000001,0.010000000000000009,0.06000000000000005,-0.010000000000000009,0.0,0.10260471586066121,0.050000000000000044,0
2012-12-18,0.011421148426265404,-0.7699999999999996,0.030000000000000027,0.06000000000000005,0.010000000000000009,0.020000000000000018,0.10683412996137866,0.030000000000000027,0
2012-12-19,-0.0076181593722406404,1.7899999999999991,0.0,-0.020000000000000018,0.0,-0.029999999999999805,0.09408918569189607,-0.020000000000000018,0
2012-12-20,0.005473186088517323,0.3100000000000023,0.0,-0.010000000000000009,0.0,0.0,0.09492473006895959,-0.010000000000000009,0
2012-12-21,-0.009423002107228129,0.16999999999999815,-0.020000000000000018,-0.040000000000000036,0.0,-0.03000000000000025,0.10264147519174494,-0.020000000000000018,0
2012-12-24,-0.0024432858581224792,0.0,0.0,0.020000000000000018,0.009999999999999981,0.0,0.09418073307975314,0.020000000000000018,0
2012-12-26,-0.004798901880980644,1.6400000000000006,0.0,-0.020000000000000018,-0.009999999999999981,0.010000000000000231,0.09562733677094375,-0.020000000000000018,0
2012-12-27,-0.001219198651337905,-0.010000000000001563,0.0,-0.030000000000000027,0.0,-0.03000000000000025,0.093602266565064,-0.030000000000000027,1
2012-12-28,-0.011111501189478012,3.25,0.010000000000000009,-0.010000000000000009,0.0,0.010000000000000231,0.09818071384081568,-0.020000000000000018,0
2012-12-31,0.016800106652477886,-4.699999999999999,-0.020000000000000018,0.050000000000000044,-0.08000000000000002,0.0,0.11381084507874621,0.07000000000000006,0
2013-01-02,0.02508604482486465,-3.34,0.020000000000000018,0.08000000000000007,0.08000000000000002,0.0,0.14245578178068125,0.06000000000000005,0
2013-01-03,-0.00208776202796912,-0.11999999999999922,0.0,0.05999999999999983,0.0,-0.010000000000000231,0.14126692434434504,0.05999999999999983,0
2013-01-04,0.0048533166109665515,-0.7300000000000004,0.0,0.010000000000000009,-0.010000000000000009,-0.029999999999999805,0.14112494134297346,0.010000000000000009,0
2013-01-07,-0.003128033257148388,-0.040000000000000924,0.0,-0.010000000000000009,0.0,-0.010000000000000231,0.14222686459450837,-0.010000000000000009,0
2013-01-08,-0.0032476459151951076,-0.16999999999999993,-0.020000000000000018,-0.030000000000000027,-0.010000000000000009,0.010000000000000231,0.14313055989654963,-0.010000000000000009,0
2013-01-09,0.002652348745119326,0.19000000000000128,-0.010000000000000009,-0.010000000000000009,-0.009999999999999981,0.0,0.1430989741132012,0.0,0
2013-01-10,0.007568716794297714,-0.3200000000000003,0.020000000000000018,0.030000000000000027,0.0,-0.010000000000000231,0.14459397987260966,0.010000000000000009,0
2013-01-11,-4.755160198843811e-05,-0.13000000000000078,0.0,-0.020000000000000018,0.0,0.0,0.14365620254879724,-0.020000000000000018,0
2013-01-14,-0.0009311082559246842,0.16000000000000014,0.0,0.0,0.0,0.0,0.14385696139974247,0.0,0
2013-01-15,0.0011280930309967019,0.030000000000001137,0.0,-0.029999999999999805,0.009999999999999981,0.010000000000000231,0.14110181446297304,-0.029999999999999805,0
2013-01-16,0.00019694597971309236,-0.13000000000000078,0.0,-0.020000000000000018,-0.009999999999999981,0.029999999999999805,0.13961361983014917,-0.020000000000000018,0
2013-01-17,0.005627103422306767,0.15000000000000036,0.020000000000000018,0.04999999999999982,0.0,0.0,0.13570785625326032,0.029999999999999805,0
2013-01-18,0.0033974659565911836,-1.1099999999999994,-0.020000000000000018,-0.019999999999999796,0.0,-0.020000000000000018,0.1312038574631613,2.220446049250313e-16,0
2013-01-22,0.004418279226813482,-0.030000000000001137,0.0,-0.010000000000000009,0.0,0.0,0.12749978678143942,-0.010000000000000009,0
2013-01-23,0.0015063419833829528,0.030000000000001137,0.0,0.0,-0.010000000000000009,0.010000000000000231,0.1268165003831386,0.0,0
2013-01-24,6.689791044678373e-06,0.22999999999999865,-0.03,0.019999999999999796,0.01999999999999999,-0.010000000000000231,0.12048458433212758,0.04999999999999982,0
2013-01-25,0.005430698720871874,0.20000000000000107,0.05000000000000002,0.10000000000000009,-0.009999999999999981,0.0,0.11982419164348009,0.050000000000000044,0
2013-01-28,-0.001851396068166089,0.6799999999999997,0.009999999999999953,0.020000000000000018,0.0,0.0,0.11798882150378387,0.010000000000000009,0
2013-01-29,0.005093062252180758,-0.2599999999999998,0.010000000000000009,0.029999999999999805,-0.020000000000000018,-0.009999999999999787,0.117424820671101,0.019999999999999796,0
2013-01-30,-0.00390724133204845,1.0099999999999998,-0.02999999999999997,0.0,0.0,0.029999999999999805,0.1089205000292595,0.030000000000000027,0
2013-01-31,-0.0025666081881308145,-0.040000000000000924,0.0,-0.009999999999999787,0.03,-0.020000000000000018,0.09878668422679768,-0.009999999999999787,0
2013-02-01,0.010002474404177342,-1.379999999999999,0.0,0.020000000000000018,-0.009999999999999981,0.020000000000000018,0.062000936191669,0.020000000000000018,0
2013-02-04,-0.011605777551404906,1.7699999999999996,-0.020000000000000018,-0.040000000000000036,-0.010000000000000009,0.010000000000000231,0.07629957305813112,-0.020000000000000018,0
2013-02-05,0.01036258025857606,-0.9499999999999993,0.020000000000000018,0.040000000000000036,0.0,0.0,0.08183546398694583,0.020000000000000018,0
2013-02-06,0.0005490489353752182,-0.3100000000000005,0.0,-0.040000000000000036,0.0,0.009999999999999787,0.0802284417765415,-0.040000000000000036,0
2013-02-07,-0.0018070439898467683,0.08999999999999986,-0.020000000000000018,-0.010000000000000009,0.0,-0.009999999999999787,0.07927929390949075,0.010000000000000009,0
2013-02-08,0.00564196890558577,-0.4800000000000004,0.0,0.0,0.010000000000000009,0.009999999999999787,0.08041094243755788,0.0,0
2013-02-11,-0.0006062723007245197,-0.08000000000000007,0.020000000000000018,0.0,0.0,-0.020000000000000018,0.07799693752229812,-0.020000000000000018,0
2013-02-12,0.0015939722256224087,-0.29999999999999893,0.019999999999999962,0.030000000000000027,-0.010000000000000009,0.010000000000000231,0.07781208906135556,0.010000000000000009,0
2013-02-13,0.0005921520293039606,0.33999999999999986,0.0,0.029999999999999805,0.010000000000000009,-0.010000000000000231,0.07738808987790982,0.029999999999999805,0
2013-02-14,0.0006904011504760277,-0.3200000000000003,-0.019999999999999962,-0.04999999999999982,0.0,0.010000000000000231,0.07743520931782845,-0.029999999999999805,0
2013-02-15,-0.0010456502891154074,-0.1999999999999993,0.019999999999999962,0.009999999999999787,0.01999999999999999,0.0,0.07782948865804079,-0.010000000000000231,0
2013-02-19,0.007309758416981005,-0.15000000000000036,0.0,0.020000000000000018,-0.010000000000000009,0.009999999999999787,0.07916035302280082,0.020000000000000018,0
2013-02-20,-0.012481717408259208,2.369999999999999,-0.019999999999999962,-0.009999999999999787,0.0,0.010000000000000231,0.0925491694426913,0.010000000000000231,0
2013-02-21,-0.006323067010153061,0.5400000000000009,-0.010000000000000009,-0.030000000000000027,0.010000000000000009,0.0,0.09474830103577919,-0.020000000000000018,0
2013-02-22,0.008734258744973467,-1.0500000000000007,0.010000000000000009,-0.020000000000000018,0.0,0.0,0.09910305114180365,-0.030000000000000027,0
2013-02-25,-0.01847927528433324,4.8199999999999985,-0.020000000000000018,-0.09000000000000008,-0.010000000000000009,0.020000000000000018,0.11927057239154212,-0.07000000000000006,0
2013-02-26,0.006090899595963428,-2.1199999999999974,0.0,0.0,-0.009999999999999981,0.009999999999999787,0.11968606171339746,0.0,0
2013-02-27,0.012645666418416468,-2.1400000000000006,0.020000000000000018,0.030000000000000027,0.0,0.0,0.1274369978391292,0.010000000000000009,0
2013-02-28,-0.0008644953634577845,0.7799999999999994,-0.020000000000000018,-0.020000000000000018,0.0,-0.009999999999999787,0.12639787380823658,0.0,0
2013-03-01,0.0023212270716328476,-0.15000000000000036,0.0,-0.029999999999999805,0.0,0.009999999999999787,0.125677561928139,-0.029999999999999805,0
2013-03-04,0.004600126400741367,-1.3499999999999996,-0.010000000000000009,0.019999999999999796,0.01999999999999999,0.0,0.12591731879739626,0.029999999999999805,0
2013-03-05,0.009520494489535736,-0.5299999999999994,0.010000000000000009,0.020000000000000018,-0.010000000000000009,0.0,0.12548639387212296,0.010000000000000009,0
2013-03-06,0.0010839757653693383,0.049999999999998934,0.0,0.050000000000000044,0.0,-0.009999999999999787,0.11705689664902395,0.050000000000000044,0
2013-03-07,0.0018148119521494976,-0.46999999999999886,0.0,0.050000000000000044,0.010000000000000009,0.0,0.11249885931907606,0.050000000000000044,0
2013-03-08,0.004471100410919249,-0.47000000000000064,0.020000000000000018,0.06000000000000005,-0.010000000000000009,-0.010000000000000231,0.1131073717869897,0.040000000000000036,0
2013-03-11,0.0032438723173955353,-1.0299999999999994,0.0,0.009999999999999787,0.010000000000000009,-0.009999999999999787,0.1127600748618447,0.009999999999999787,0
2013-03-12,-0.002406151641789478,0.7099999999999991,0.0,-0.040000000000000036,-0.010000000000000009,0.0,0.11244075577948492,-0.040000000000000036,0
2013-03-13,0.0013131640123260624,-0.4399999999999995,0.0,0.010000000000000231,-0.009999999999999981,-0.020000000000000018,0.11227631237286828,0.010000000000000231,0
2013-03-14,0.00558737721730207,-0.5299999999999994,0.0,0.0,0.009999999999999981,0.029999999999999805,0.11331679487696215,0.0,0
2013-03-15,-0.0016197549581091764,0.0,-0.020000000000000018,-0.03000000000000025,0.010000000000000009,0.010000000000000231,0.11376217225977374,-0.010000000000000231,0
2013-03-18,-0.005525585891368756,2.0599999999999987,0.010000000000000009,-0.04999999999999982,0.0,0.020000000000000018,0.11615864310125118,-0.05999999999999983,0
2013-03-19,-0.0024254633815203874,1.0300000000000011,-0.020000000000000018,-0.040000000000000036,-0.010000000000000009,-0.010000000000000231,0.11655529270120815,-0.020000000000000018,0
2013-03-20,0.006675166801552557,-1.7200000000000006,0.020000000000000018,0.040000000000000036,0.0,0.0,0.11613460224228705,0.020000000000000018,0
2013-03-21,-0.008316980404400987,1.3200000000000003,0.010000000000000009,-0.010000000000000009,0.010000000000000009,0.0,0.11088539737898731,-0.020000000000000018,0
2013-03-22,0.007148665982127156,-0.41999999999999993,-0.010000000000000009,-0.020000000000000018,-0.010000000000000009,0.0,0.10940237670561889,-0.010000000000000009,0
2013-03-25,-0.0033455821309180678,0.16999999999999993,-0.020000000000000018,0.0,0.0,0.010000000000000231,0.10759822633544892,0.020000000000000018,0
2013-03-26,0.007754912943538805,-0.9700000000000006,0.010000000000000009,-0.010000000000000009,-0.009999999999999981,0.0,0.08293757493744675,-0.020000000000000018,0
2013-03-27,-0.0005884949412156004,0.3800000000000008,0.0,-0.04999999999999982,-0.020000000000000018,0.020000000000000018,0.08238742642433916,-0.04999999999999982,0
2013-03-28,0.004048485114815037,-0.45000000000000107,0.0,0.0,0.010000000000000009,0.029999999999999805,0.0733449297795423,0.0,0
2013-04-01,-0.004483682336421602,0.8800000000000008,-0.01999999999999999,-0.010000000000000009,0.03,-0.04999999999999982,0.07592957662243244,0.010000000000000009,0
2013-04-02,0.005158962029794267,-0.8000000000000007,0.01999999999999999,0.019999999999999796,-0.010000000000000009,0.0,0.07695972828047147,-2.220446049250313e-16,0
2013-04-03,-0.010602095506201614,1.4300000000000015,-0.010000000000000009,-0.04999999999999982,-0.009999999999999981,0.0,0.08688354329868689,-0.039999999999999813,0
2013-04-04,0.004040253820289941,-0.3200000000000003,-0.01999999999999999,-0.050000000000000044,0.0,-0.03000000000000025,0.08195154226780804,-0.030000000000000027,0
2013-04-05,-0.004304176550396832,0.02999999999999936,0.01999999999999999,-0.06000000000000005,0.009999999999999981,-0.06000000000000005,0.08367488984999448,-0.08000000000000007,0
2013-04-08,0.006283011989032694,-0.7300000000000004,0.0,0.040000000000000036,0.0,0.0,0.08604912689743334,0.040000000000000036,0
2013-04-09,0.003538040782594898,-0.34999999999999964,0.0,0.020000000000000018,0.0,0.0,0.08557643290760454,0.020000000000000018,0
2013-04-10,0.012115446292433774,-0.4800000000000004,0.0,0.06000000000000005,0.0,0.010000000000000231,0.09420211871106775,0.06000000000000005,0
2013-04-11,0.0035459469426655232,-0.11999999999999922,0.0,-0.020000000000000018,0.0,0.009999999999999787,0.09378212936068005,-0.020000000000000018,0
2013-04-12,-0.002840786017135777,-0.17999999999999972,-0.01999999999999999,-0.07000000000000006,0.0,-0.020000000000000018,0.09483818512746542,-0.050000000000000044,0
2013-04-15,-0.023234130479997006,5.209999999999999,0.0,-0.030000000000000027,0.0,0.0,0.12513908559329406,-0.030000000000000027,0
2013-04-16,0.0142058655033237,-3.3099999999999987,0.01999999999999999,0.030000000000000027,0.0,-0.009999999999999787,0.13472839666686004,0.010000000000000009,0
2013-04-17,-0.014431354089724735,2.5500000000000007,0.0,-0.020000000000000018,0.0,0.0,0.1429619896661593,-0.020000000000000018,0
2013-04-18,-0.006723540175261888,1.0499999999999972,0.0,-0.010000000000000009,0.0,-0.010000000000000231,0.14464514730491757,-0.010000000000000009,0
2013-04-19,0.008808979549016271,-2.589999999999998,0.0,0.010000000000000009,0.0,0.010000000000000231,0.14610594841909696,0.010000000000000009,0
2013-04-22,0.00465079821542691,-0.5800000000000001,0.0,-0.010000000000000009,0.0,0.009999999999999787,0.14381098422575933,-0.010000000000000009,0
2013-04-23,0.010365294248898316,-0.9100000000000001,-0.009999999999999981,0.020000000000000018,-0.009999999999999981,-0.020000000000000018,0.1460949905402041,0.030000000000000027,0
2013-04-24,6.333984678086324e-06,0.129999999999999,0.0,-0.010000000000000009,-0.010000000000000009,0.0,0.1453953740818425,-0.010000000000000009,0
2013-04-25,0.004026617744745664,0.009999999999999787,0.0,0.010000000000000009,0.0,0.010000000000000231,0.1437201508137957,0.010000000000000009,0
2013-04-26,-0.0018437840671978734,-0.009999999999999787,-0.010000000000000009,-0.040000000000000036,0.0,0.0,0.1439217554111534,-0.030000000000000027,0
2013-04-29,0.00716031838936626,0.10000000000000142,-0.01999999999999999,0.0,0.0,0.009999999999999787,0.14526219109712024,0.020000000000000018,0
2013-04-30,0.002481841846996069,-0.19000000000000128,0.01999999999999999,0.0,0.010000000000000009,0.010000000000000231,0.144108374769168,-0.020000000000000018,0
2013-05-01,-0.009351475418805322,0.9700000000000006,-0.01999999999999999,-0.040000000000000036,0.0,-0.010000000000000231,0.14764007827610076,-0.020000000000000018,0
2013-05-02,0.00936399435369406,-0.9000000000000004,0.0,0.0,0.009999999999999981,-0.009999999999999787,0.1451127732888374,0.0,0
2013-05-03,0.010479515333145173,-0.7400000000000002,0.01999999999999999,0.1200000000000001,-0.009999999999999981,0.009999999999999787,0.14830910676470385,0.10000000000000009,0
2013-05-06,0.0019059883489793705,-0.1899999999999995,0.0,0.020000000000000018,0.0,0.010000000000000231,0.1467282075828086,0.020000000000000018,0
2013-05-07,0.005216663184106629,0.16999999999999993,0.0,0.020000000000000018,-0.020000000000000018,-0.010000000000000231,0.1463755995783526,0.020000000000000018,0
2013-05-08,0.004130550730288007,-0.16999999999999993,0.0,-0.010000000000000009,0.0,-0.020000000000000018,0.1464746031122622,-0.010000000000000009,0
2013-05-09,-0.0036939809321392403,0.47000000000000064,0.0,0.0,0.0,0.020000000000000018,0.14278268418061607,0.0,0
2013-05-10,0.004312400675151373,-0.5400000000000009,0.04000000000000001,0.08999999999999986,0.0,0.0,0.14296904522261517,0.04999999999999982,0
2013-05-13,4.2846606095992e-05,-0.03999999999999915,-0.020000000000000018,0.020000000000000018,0.0,-0.009999999999999787,0.14229196561476365,0.040000000000000036,0
2013-05-14,0.010091099634557565,0.21999999999999886,0.020000000000000018,0.040000000000000036,-0.009999999999999995,0.0,0.11378493403629036,0.020000000000000018,0
2013-05-15,0.005101065117815828,0.040000000000000924,0.0,-0.020000000000000018,0.009999999999999995,0.009999999999999787,0.10654146244082403,-0.020000000000000018,0
2013-05-16,-0.005022296573084617,0.2599999999999998,-0.03,-0.06999999999999984,-0.009999999999999995,-0.009999999999999787,0.09167005095374088,-0.039999999999999813,0
2013-05-17,0.010247411805593742,-0.620000000000001,0.03,0.07999999999999985,-0.009999999999999995,0.0,0.08792877584126685,0.04999999999999982,0
2013-05-20,-0.0007079094171622557,0.5700000000000003,0.0,0.020000000000000018,0.0,-0.010000000000000231,0.087189274155916,0.020000000000000018,0
2013-05-21,0.0017209076486217612,0.34999999999999964,0.0,-0.030000000000000027,-0.010000000000000009,0.010000000000000231,0.08720127869462356,-0.030000000000000027,0
2013-05-22,-0.008308039040019644,0.45000000000000107,0.0,0.08999999999999986,-0.009999999999999995,-0.03000000000000025,0.09159958647980514,0.08999999999999986,0
2013-05-23,-0.0029281357699177946,0.25,0.0,-0.009999999999999787,0.0,-0.009999999999999787,0.09305977239415406,-0.009999999999999787,0
2013-05-24,-0.0005514967822684014,-0.08000000000000007,0.0,-0.010000000000000231,0.009999999999999995,-0.020000000000000018,0.09322633007399211,-0.010000000000000231,0
2013-05-28,0.006320912013007884,0.4900000000000002,0.02999999999999997,0.14000000000000012,0.0,-0.020000000000000018,0.09338803687294121,0.1100000000000001,0
2013-05-29,-0.007072892060328684,0.34999999999999964,0.010000000000000009,-0.020000000000000018,-0.009999999999999995,0.020000000000000018,0.09697492946704832,-0.030000000000000027,0
2013-05-30,0.003663595567895861,-0.3000000000000007,0.010000000000000009,0.0,0.0,0.020000000000000018,0.09719518027397572,-0.010000000000000009,0
2013-05-31,-0.014410550273651346,1.7700000000000014,-0.010000000000000009,0.03000000000000025,0.009999999999999995,0.020000000000000018,0.10563372546444036,0.04000000000000026,0
2013-06-03,0.005918407082218025,-0.019999999999999574,0.0,-0.03000000000000025,0.010000000000000009,0.029999999999999805,0.10301222705910346,-0.03000000000000025,0
2013-06-04,-0.005526024209600244,-0.010000000000001563,0.020000000000000018,0.010000000000000231,0.009999999999999995,0.040000000000000036,0.09983473976342222,-0.009999999999999787,0
2013-06-05,-0.013875566725246813,1.2300000000000004,-0.020000000000000018,-0.040000000000000036,-0.020000000000000004,0.03000000000000025,0.11133540877777197,-0.020000000000000018,0
2013-06-06,0.008454433206696699,-0.870000000000001,0.0,-0.020000000000000018,0.010000000000000009,-0.010000000000000231,0.11387590110725179,-0.020000000000000018,0
2013-06-07,0.012749947667659356,-1.4899999999999984,0.020000000000000018,0.08999999999999986,-0.010000000000000009,0.010000000000000231,0.12156517617727995,0.06999999999999984,0
2013-06-10,-0.0003469062992200733,0.29999999999999893,0.0,0.050000000000000266,0.0,0.0,0.12072589306086894,0.050000000000000266,0
2013-06-11,-0.010205231520756364,1.6300000000000008,0.020000000000000018,-0.020000000000000018,0.0,0.020000000000000018,0.1252925233374341,-0.040000000000000036,0
2013-06-12,-0.008404786017583987,1.5199999999999996,0.0,0.04999999999999982,-0.009999999999999995,0.0,0.12844595719294472,0.04999999999999982,0
2013-06-13,0.01467609016145488,-2.1799999999999997,-0.020000000000000018,-0.06000000000000005,0.009999999999999995,0.009999999999999787,0.13412160653406519,-0.040000000000000036,0
2013-06-14,-0.005902398007852305,0.7399999999999984,-0.030000000000000027,-0.04999999999999982,0.010000000000000009,0.010000000000000231,0.13384592156765573,-0.019999999999999796,0
2013-06-17,0.007538839723717494,-0.34999999999999787,-0.019999999999999962,0.04999999999999982,0.009999999999999995,0.0,0.13606044535845474,0.06999999999999984,0
2013-06-18,0.00776095178888081,-0.19000000000000128,0.0,0.010000000000000231,0.009999999999999995,-0.010000000000000231,0.13387983000723472,0.010000000000000231,0
2013-06-19,-0.013948298829170369,0.030000000000001137,0.03999999999999998,0.1299999999999999,-0.01999999999999999,-0.04999999999999982,0.14182306624104865,0.08999999999999986,1
2013-06-20,-0.02532835452574478,3.849999999999998,0.020000000000000018,0.08000000000000007,0.0,0.06000000000000005,0.16427002320138495,0.06000000000000005,0
2013-06-21,0.002666148431195836,-1.5899999999999999,0.04999999999999999,0.10999999999999988,0.0,-0.06000000000000005,0.1636676087523156,0.06000000000000005,1
2013-06-24,-0.012219313502972895,1.2100000000000009,0.03999999999999998,0.04999999999999982,0.0,-0.010000000000000231,0.16756052769376906,0.009999999999999787,0
2013-06-25,0.009452416382998763,-1.6400000000000006,0.010000000000000009,0.03000000000000025,-0.010000000000000009,0.020000000000000018,0.17238089722016398,0.020000000000000018,0
2013-06-26,0.009544802023650156,-1.259999999999998,-0.03999999999999998,-0.050000000000000266,0.0,0.010000000000000231,0.17464414584511195,-0.010000000000000231,0
2013-06-27,0.0061807276592702465,-0.3500000000000014,-0.030000000000000027,-0.05999999999999961,0.0,0.029999999999999805,0.17549900248387612,-0.02999999999999936,0
2013-06-28,-0.00429883748729587,0.0,0.0,0.029999999999999805,-0.01999999999999999,-0.08999999999999986,0.17498450523616738,0.029999999999999805,0
2013-07-01,0.005389242036255126,-0.48999999999999844,-0.019999999999999962,-0.020000000000000018,0.03,0.0,0.169809354029246,0.0,0
2013-07-02,-0.0005450536517273008,0.07000000000000028,0.0,-0.020000000000000018,0.0,-0.020000000000000018,0.16821750369689117,-0.020000000000000018,0
2013-07-03,0.000823659509824104,-0.240000000000002,0.019999999999999962,0.040000000000000036,0.0,-0.010000000000000231,0.16739193560215238,0.020000000000000018,0
2013-07-05,0.010150057885384811,-1.3099999999999987,0.040000000000000036,0.20999999999999996,0.0,-0.029999999999999805,0.1637972745352612,0.16999999999999993,0
2013-07-08,0.005237838002117634,-0.11000000000000121,-0.030000000000000027,-0.08000000000000007,0.0,0.020000000000000018,0.16224416421492627,-0.050000000000000266,0
2013-07-09,0.007203670629322367,-0.4299999999999997,0.0,0.0,0.0,-0.010000000000000231,0.15806110540381568,0.0,0
2013-07-10,0.0001815464128389621,-0.1399999999999988,0.010000000000000009,0.050000000000000266,-0.010000000000000009,-0.029999999999999805,0.1580462085587747,0.04000000000000048,0
2013-07-11,0.013463198150456712,-0.20000000000000107,-0.03999999999999998,-0.10000000000000009,0.0,0.020000000000000018,0.15951484934469545,-0.06000000000000005,0
2013-07-12,0.003081776754226162,-0.16999999999999993,0.02999999999999997,0.009999999999999787,0.0,0.0,0.15552206178015085,-0.020000000000000462,0
2013-07-15,0.001373900278267115,-0.05000000000000071,-0.02999999999999997,-0.040000000000000036,0.0,-0.010000000000000231,0.14848247546942317,-0.009999999999999787,0
2013-07-16,-0.003715661243548496,0.6300000000000008,0.0,-0.020000000000000018,0.0,-0.019999999999999574,0.14733025663747346,-0.020000000000000018,0
2013-07-17,0.0027701921402023544,-0.6400000000000006,-0.020000000000000018,-0.029999999999999805,0.0,0.0,0.14575587632125056,-0.009999999999999787,0
2013-07-18,0.005020364936359378,-0.009999999999999787,0.0,0.040000000000000036,0.0,0.009999999999999787,0.14450560052116485,0.040000000000000036,0
2013-07-19,0.0016087728890168407,-1.2300000000000004,0.0,-0.06000000000000005,0.0,-0.009999999999999787,0.133783891512773,-0.06000000000000005,0
2013-07-22,0.0020309250638508303,-0.25,0.0,0.0,0.0,-0.03000000000000025,0.09038156919323752,0.0,0
2013-07-23,-0.0018536452449211538,0.370000000000001,0.010000000000000009,0.029999999999999805,0.0,-0.009999999999999787,0.09200551500903774,0.019999999999999574,0
2013-07-24,-0.0038184593198931083,0.5199999999999996,0.010000000000000009,0.08000000000000007,0.0,-0.03000000000000025,0.07817493875697863,0.07000000000000028,0
2013-07-25,0.0025531752308376454,-0.20999999999999908,-0.020000000000000018,0.0,0.0,0.020000000000000018,0.07491793625001895,0.020000000000000018,0
2013-07-26,0.0008279370058090763,-0.25,-0.010000000000000009,-0.029999999999999805,0.0,-0.020000000000000018,0.07127675401257876,-0.020000000000000018,0
2013-07-29,-0.0037429936680695164,0.6699999999999999,0.020000000000000018,0.029999999999999805,-0.009999999999999995,0.020000000000000018,0.07318160748440998,0.009999999999999787,0
2013-07-30,0.00037374417942892535,0.0,0.0,0.020000000000000018,0.009999999999999995,-0.009999999999999787,0.06975741085577603,0.020000000000000018,0
2013-07-31,-0.0001364300990642775,0.05999999999999872,-0.020000000000000018,-0.029999999999999805,0.0,0.0,0.06930427594704627,-0.009999999999999787,0
2013-08-01,0.01246257950487184,-0.5099999999999998,0.03999999999999998,0.14000000000000012,-0.009999999999999995,-0.020000000000000018,0.07736502304892659,0.10000000000000009,0
2013-08-02,0.0016390855232915058,-0.9599999999999991,-0.04999999999999999,-0.11000000000000032,0.009999999999999995,0.020000000000000018,0.07717224876255718,-0.06000000000000005,0
2013-08-05,-0.0014809137542792783,-0.14000000000000057,0.020000000000000018,0.040000000000000036,-0.009999999999999995,0.020000000000000018,0.0734537675476469,0.020000000000000018,0
2013-08-06,-0.005739461373171828,0.8800000000000008,0.0,0.0,0.009999999999999995,-0.010000000000000231,0.07737165347871376,0.0,0
2013-08-07,-0.003813148752417561,0.2599999999999998,0.0,-0.06000000000000005,0.0,0.03000000000000025,0.07677081241707957,-0.06000000000000005,0
2013-08-08,0.003877952793855499,-0.25,-0.020000000000000018,-0.029999999999999805,0.0,0.009999999999999787,0.07728017334844701,-0.009999999999999787,0
2013-08-09,-0.003576385528766046,0.6799999999999997,0.020000000000000018,-0.010000000000000231,-0.009999999999999995,0.010000000000000231,0.06498441017566048,-0.03000000000000025,0
2013-08-12,-0.001153542538344432,-0.5999999999999996,0.0,0.040000000000000036,0.0,-0.020000000000000018,0.06448898949172702,0.040000000000000036,0
2013-08-13,0.002772172491395608,-0.5,0.020000000000000018,0.10000000000000009,0.0,0.0,0.0649727722188962,0.08000000000000007,0
2013-08-14,-0.005190051744276225,0.7299999999999986,0.0,0.0,0.009999999999999995,0.0,0.06631606250028373,0.0,0
2013-08-15,-0.014384523926260329,1.6900000000000013,0.019999999999999962,0.06000000000000005,-0.009999999999999995,-0.020000000000000018,0.08272544531601839,0.040000000000000036,0
2013-08-16,-0.003310073414007242,-0.3600000000000012,0.0,0.06999999999999984,0.009999999999999995,0.0,0.08065454493442321,0.06999999999999984,0
2013-08-19,-0.005917840093266236,0.7300000000000004,0.0,0.040000000000000036,0.0,0.0,0.08184557094941017,0.040000000000000036,0
2013-08-20,0.0038139634700922187,-0.1899999999999995,0.0,-0.06000000000000005,0.0,0.020000000000000018,0.08298863834203621,-0.06000000000000005,0
2013-08-21,-0.00579641396520536,1.0299999999999994,0.020000000000000018,0.050000000000000266,-0.009999999999999995,-0.010000000000000231,0.08447354614010698,0.03000000000000025,0
2013-08-22,0.008582495040714733,-1.1799999999999997,0.03999999999999998,0.029999999999999805,0.009999999999999995,-0.029999999999999805,0.09072188130453629,-0.010000000000000231,0
2013-08-23,0.003939218335412775,-0.7799999999999994,-0.019999999999999962,-0.08000000000000007,-0.009999999999999995,-0.010000000000000231,0.09149606410862554,-0.06000000000000005,0
2013-08-26,-0.004047856913079073,1.0099999999999998,0.009999999999999953,-0.029999999999999805,0.0,0.0,0.09198773522234208,-0.040000000000000036,0
2013-08-27,-0.016001509567328043,1.7799999999999994,-0.02999999999999997,-0.06999999999999984,-0.009999999999999995,-0.009999999999999787,0.10542709653480412,-0.03999999999999959,0
2013-08-28,0.002743889222156959,-0.28000000000000114,0.020000000000000018,0.05999999999999961,0.0,-0.010000000000000231,0.10629539789944514,0.03999999999999959,0
2013-08-29,0.0019614259312179527,0.3200000000000003,-0.010000000000000009,-0.029999999999999805,0.009999999999999995,-0.029999999999999805,0.10687206557826533,-0.020000000000000018,0
2013-08-30,-0.003179322425926223,0.20000000000000284,0.0,0.029999999999999805,-0.009999999999999995,-0.06000000000000005,0.09438237724205138,0.029999999999999805,0
2013-09-03,0.00415554537513696,-0.40000000000000213,0.03999999999999998,0.08000000000000007,0.01999999999999999,0.020000000000000018,0.09602928195781384,0.040000000000000036,0
2013-09-04,0.008084226423428653,-0.7299999999999986,0.030000000000000027,0.040000000000000036,-0.009999999999999995,-0.03000000000000025,0.10218470131531804,0.010000000000000231,0
2013-09-05,0.001209131507343919,-0.11000000000000121,0.06,0.08000000000000007,0.0,0.0,0.10141214566003144,0.020000000000000018,0
2013-09-06,5.437655767526195e-05,0.08000000000000007,-0.06,-0.040000000000000036,0.0,0.040000000000000036,0.10104146076729312,0.020000000000000018,0
2013-09-09,0.009943332056093546,-0.21999999999999886,-0.010000000000000009,-0.040000000000000036,0.0,0.010000000000000231,0.10676642189866661,-0.03000000000000025,0
2013-09-10,0.0073189229171095604,-1.1000000000000014,0.04999999999999999,0.06000000000000005,0.0,0.009999999999999787,0.10973436750139262,0.010000000000000231,0
2013-09-11,0.0030476259239931025,-0.7099999999999991,-0.030000000000000027,-0.029999999999999805,0.0,0.0,0.11024290791845,0.0,0
2013-09-12,-0.003386165041857403,0.46999999999999886,-0.019999999999999962,-0.010000000000000231,0.0,0.0,0.11034898774075023,0.009999999999999787,0
2013-09-13,0.0027110335432416477,-0.129999999999999,0.0,-0.020000000000000018,0.0,0.03000000000000025,0.1093295237630786,-0.020000000000000018,0
2013-09-16,0.005677016891980635,0.22000000000000064,-0.040000000000000036,-0.020000000000000018,0.0,0.040000000000000036,0.09733094285120632,0.020000000000000018,0
2013-09-17,0.0042088494865897275,0.14999999999999858,-0.019999999999999962,-0.020000000000000018,0.0,-0.010000000000000231,0.09658997257433904,0.0,0
2013-09-18,0.012104115967810358,-0.9399999999999995,-0.04999999999999999,-0.16999999999999993,0.0,0.08000000000000007,0.09954750500154719,-0.11999999999999966,0
2013-09-19,-0.0018446229845165973,-0.4299999999999997,0.0,0.06999999999999984,0.009999999999999995,-0.029999999999999805,0.10035041099364346,0.06999999999999984,0
2013-09-20,-0.007243093796933664,-0.040000000000000924,0.0,-0.009999999999999787,-0.009999999999999995,-0.040000000000000036,0.10187568271443559,-0.009999999999999787,0
2013-09-23,-0.004730718868817263,1.1900000000000013,0.009999999999999953,-0.029999999999999805,0.009999999999999995,0.020000000000000018,0.10132047800177375,-0.040000000000000036,0
2013-09-24,-0.0026005674711671034,-0.23000000000000043,0.0,-0.050000000000000266,0.0,-0.020000000000000018,0.10168385142964569,-0.050000000000000266,0
2013-09-25,-0.0027432108029445956,-0.07000000000000028,0.010000000000000009,-0.040000000000000036,-0.009999999999999995,0.020000000000000018,0.1009720109925457,-0.04999999999999982,0
2013-09-26,0.0034793515156161803,0.05000000000000071,-0.019999999999999962,0.03000000000000025,0.0,0.020000000000000018,0.07994742718435956,0.050000000000000266,0
2013-09-27,-0.00408209579302099,1.4000000000000004,0.0,-0.020000000000000018,0.0,0.009999999999999787,0.0825489699170205,-0.020000000000000018,0
2013-09-30,-0.0060475090187601666,1.1400000000000006,-0.010000000000000009,0.0,-0.020000000000000004,0.020000000000000018,0.0866968477373247,0.009999999999999787,0
2013-10-01,0.007966753720975994,-1.0600000000000023,0.0,0.020000000000000018,0.020000000000000004,0.009999999999999787,0.08811681079508744,0.020000000000000018,0
2013-10-02,-0.0006668889877037287,1.0600000000000023,-0.020000000000000018,-0.03000000000000025,-0.009999999999999995,0.010000000000000231,0.08805900553741236,-0.010000000000000231,0
2013-10-03,-0.009019995744481868,1.0700000000000003,0.020000000000000018,-0.009999999999999787,0.009999999999999995,0.009999999999999787,0.09190629636821925,-0.029999999999999805,0
2013-10-04,0.007028487065575462,-0.9300000000000033,0.0,0.040000000000000036,0.0,-0.020000000000000018,0.09446285303153396,0.040000000000000036,0
2013-10-07,-0.008542744623655452,2.6700000000000017,0.03999999999999998,-0.010000000000000231,0.0,-0.019999999999999574,0.10008410858395883,-0.050000000000000266,1
2013-10-08,-0.012408723348867667,0.9299999999999997,0.030000000000000027,0.010000000000000231,0.0,-0.03000000000000025,0.10367628711395498,-0.019999999999999574,0
2013-10-09,0.00057369749599534,-0.7399999999999984,-0.030000000000000027,0.020000000000000018,0.009999999999999995,0.0,0.09985773014246623,0.04999999999999982,0
2013-10-10,0.021595603003649266,-3.120000000000001,-0.020000000000000018,0.029999999999999805,0.0,-0.029999999999999805,0.12606373554464806,0.04999999999999982,0
2013-10-11,0.006266658904207745,-0.7599999999999998,0.0,-0.009999999999999787,0.010000000000000009,0.0,0.12713380044099265,-0.009999999999999787,0
2013-10-14,0.004066403911189731,0.34999999999999964,0.0,0.0,0.0,0.0,0.12750939052837768,0.0,0
2013-10-15,-0.007088815554411099,2.59,0.020000000000000018,0.04999999999999982,0.0,-0.020000000000000018,0.12879309799733046,0.029999999999999805,0
2013-10-16,0.013732816122980829,-3.9499999999999993,-0.02999999999999997,-0.06000000000000005,0.009999999999999995,0.0,0.136686420238929,-0.029999999999999805,0
2013-10-17,0.006721323017651493,-1.2300000000000004,-0.010000000000000009,-0.08000000000000007,-0.009999999999999995,0.0,0.13210700269691772,-0.07000000000000028,0
2013-10-18,0.006527419550148572,-0.4400000000000013,0.0,-0.009999999999999787,0.0,0.0,0.1336407762876896,-0.009999999999999787,0
2013-10-21,9.171261857421342e-05,0.120000000000001,0.0,0.029999999999999805,-0.010000000000000009,-0.010000000000000231,0.130591477432698,0.029999999999999805,0
2013-10-22,0.005721110785884775,0.16999999999999993,-0.020000000000000018,-0.08999999999999986,-0.009999999999999995,0.010000000000000231,0.12987178822967782,-0.06999999999999984,0
2013-10-23,-0.004735730991225928,0.08999999999999986,0.0,-0.03000000000000025,0.0,0.009999999999999787,0.1309184603396971,-0.03000000000000025,0
2013-10-24,0.0032528719960209784,-0.22000000000000064,0.020000000000000018,0.020000000000000018,0.0,0.010000000000000231,0.13019974602318965,0.0,0
2013-10-25,0.004385172638319723,-0.10999999999999943,-0.010000000000000009,0.0,0.0,-0.020000000000000018,0.13039867842230632,0.010000000000000231,0
2013-10-28,0.0013288359309981956,0.22000000000000064,0.0,0.010000000000000231,0.0,0.0,0.12872096432662958,0.010000000000000231,0
2013-10-29,0.005568680457237463,0.09999999999999964,-0.010000000000000009,-0.010000000000000231,0.0,0.029999999999999805,0.125896909045518,-4.440892098500626e-16,0
2013-10-30,-0.004887910480131374,0.2400000000000002,0.020000000000000018,0.020000000000000018,0.0,-0.009999999999999787,0.12672792029187208,0.0,0
2013-10-31,-0.0038467595768496565,0.09999999999999964,-0.020000000000000018,0.020000000000000018,-0.009999999999999995,-0.03000000000000025,0.12800589169484566,0.040000000000000036,0
2013-11-01,0.0028992283353028725,-0.47000000000000064,0.020000000000000018,0.08000000000000007,0.009999999999999995,-0.009999999999999787,0.12190736235662855,0.06000000000000005,0
2013-11-04,0.0035641773126338094,-0.34999999999999964,-0.010000000000000009,-0.020000000000000018,0.0,0.020000000000000018,0.12079905588450347,-0.009999999999999787,0
2013-11-05,-0.002809483849739891,0.33999999999999986,0.0,0.06000000000000005,0.0,0.0,0.1159504119838292,0.06000000000000005,0
2013-11-06,0.00425645761015403,-0.5999999999999996,-0.020000000000000018,-0.020000000000000018,0.0,0.040000000000000036,0.10274123899818094,0.0,0
2013-11-07,-0.013270455489020172,1.2400000000000002,-0.010000000000000009,-0.040000000000000036,0.0,0.0,0.11735271431063254,-0.03000000000000025,0
2013-11-08,0.013338231039016435,-1.0099999999999998,0.030000000000000027,0.14000000000000012,0.0,-0.010000000000000231,0.10307600686577047,0.11000000000000032,0
2013-11-11,0.0007226535247450983,-0.370000000000001,0.0,0.0,0.0,0.0,0.1020681553870161,0.0,0
2013-11-12,-0.002373164031420849,0.2900000000000009,0.020000000000000018,0.029999999999999805,0.0,-0.020000000000000018,0.10276754923954041,0.009999999999999787,0
2013-11-13,0.008062719573425525,-0.3000000000000007,-0.020000000000000018,-0.04999999999999982,0.0,0.020000000000000018,0.10003782177878973,-0.029999999999999805,0
2013-11-14,0.004825599547334747,-0.15000000000000036,-0.030000000000000027,-0.06000000000000005,0.009999999999999995,0.03000000000000025,0.0916125607613693,-0.03000000000000025,0
2013-11-15,0.004213113677386637,-0.17999999999999972,0.020000000000000018,0.020000000000000018,0.0,-0.020000000000000018,0.09034343625105518,0.0,0
2013-11-18,-0.0037050389068857825,0.9100000000000001,0.0,-0.040000000000000036,0.0,-0.040000000000000036,0.09048489734794374,-0.040000000000000036,0
2013-11-19,-0.0020450361935306915,0.2900000000000009,-0.020000000000000018,0.040000000000000036,0.0,0.0,0.0911349375146051,0.06000000000000005,0
2013-11-20,-0.003642235986196063,0.009999999999999787,-0.009999999999999953,0.08999999999999986,0.0,0.009999999999999787,0.09100881185879002,0.09999999999999964,0
2013-11-21,0.008095716274423737,-0.7400000000000002,0.009999999999999953,-0.009999999999999787,0.0,-0.020000000000000018,0.09216566878213642,-0.019999999999999574,0
2013-11-22,0.00494917149427998,-0.40000000000000036,0.020000000000000018,-0.040000000000000036,0.0,0.0,0.09279670976150742,-0.06000000000000005,0
2013-11-25,-0.001264124540436562,0.5299999999999994,-0.010000000000000009,-0.009999999999999787,0.0,0.0,0.09257853436370013,4.440892098500626e-16,0
2013-11-26,0.00014978239973828522,0.02000000000000135,-0.010000000000000009,-0.03000000000000025,0.0,-0.020000000000000018,0.09263861741485467,-0.020000000000000462,0
2013-11-27,0.002482009484745973,0.16999999999999993,-0.009999999999999953,0.03000000000000025,0.0,0.0,0.09136490168073784,0.040000000000000036,0
2013-11-29,-0.0007860417117511176,0.7199999999999989,0.0,0.009999999999999787,-0.01999999999999999,-0.020000000000000018,0.08914684400647083,0.009999999999999787,0
2013-12-02,-0.0027227046439559643,0.5300000000000011,0.019999999999999962,0.06000000000000005,0.01999999999999999,-0.009999999999999787,0.08843773220363957,0.04000000000000048,0
2013-12-03,-0.003197956035316807,0.3200000000000003,-0.019999999999999962,-0.020000000000000018,0.0,0.0,0.08946707459379681,-4.440892098500626e-16,0
2013-12-04,-0.0013043625524060687,0.14999999999999858,0.019999999999999962,0.04999999999999982,0.0,0.020000000000000018,0.08922778943748202,0.03000000000000025,0
2013-12-05,-0.004348999542987286,0.3800000000000008,0.0,0.040000000000000036,0.0,-0.03000000000000025,0.09013796799282008,0.040000000000000036,0
2013-12-06,0.011175230224585775,-1.290000000000001,0.0,0.0,0.0,-0.009999999999999787,0.09663419680780724,0.0,0
2013-12-09,0.00181543501289827,-0.29999999999999893,0.0,-0.020000000000000018,0.0,-0.010000000000000231,0.08169365381512024,-0.020000000000000018,0
2013-12-10,-0.0031847248870446876,0.41999999999999993,0.0,-0.04999999999999982,0.0,-0.009999999999999787,0.07126751110163582,-0.04999999999999982,0
2013-12-11,-0.011381383944921275,1.5099999999999998,0.010000000000000009,0.04999999999999982,-0.009999999999999995,-0.010000000000000231,0.08292748661768044,0.03999999999999959,0
2013-12-12,-0.003777704817572669,0.11999999999999922,0.030000000000000027,0.03000000000000025,0.009999999999999995,-0.020000000000000018,0.08363273976265899,4.440892098500626e-16,0
2013-12-13,-0.00010138503227707929,0.22000000000000064,0.0,-0.010000000000000231,-0.009999999999999995,-0.029999999999999805,0.0786045079739947,-0.010000000000000231,0
2013-12-16,0.006300100010277809,0.27000000000000135,0.0,0.010000000000000231,0.009999999999999995,0.0,0.0799419196344332,0.010000000000000231,0
2013-12-17,-0.0031057840714820983,0.17999999999999972,0.0,-0.040000000000000036,0.0,0.0,0.07897100982430123,-0.040000000000000036,0
2013-12-18,0.016510892525584353,-2.41,-0.020000000000000018,0.040000000000000036,0.0,0.0,0.0973961753513552,0.06000000000000005,0
2013-12-19,-0.0005800704533900358,0.34999999999999964,0.02999999999999997,0.04999999999999982,0.0,-0.08000000000000007,0.09704436760379177,0.019999999999999574,0
2013-12-20,0.004807171488048212,-0.3600000000000012,0.020000000000000018,-0.04999999999999982,0.0,-0.040000000000000036,0.09683131959653293,-0.06999999999999984,0
2013-12-23,0.005304004689709707,-0.75,0.010000000000000009,0.04999999999999982,0.0,-0.029999999999999805,0.09470513710428204,0.040000000000000036,0
2013-12-24,0.002911528259120111,-0.5599999999999987,0.0,0.050000000000000266,-0.009999999999999995,0.009999999999999787,0.09385162553201455,0.050000000000000266,0
2013-12-26,0.004734264720873682,-0.15000000000000036,0.03999999999999998,0.009999999999999787,0.0,0.010000000000000231,0.09452933493641777,-0.03000000000000025,0
2013-12-27,-0.00033664366586183547,0.13000000000000078,-0.019999999999999962,0.020000000000000018,0.0,0.0,0.09460160987497426,0.040000000000000036,0
2013-12-30,-0.00017922752982801882,1.0999999999999996,-0.010000000000000009,-0.029999999999999805,0.0,-0.020000000000000018,0.0945290555087083,-0.020000000000000018,0
2013-12-31,0.003951835100449053,0.16000000000000014,-0.010000000000000009,0.04999999999999982,-0.009999999999999995,-0.020000000000000018,0.09489883324372651,0.06000000000000005,0
2014-01-02,-0.008901410280450328,0.5099999999999998,0.010000000000000009,-0.040000000000000036,0.009999999999999995,0.009999999999999787,0.10030213647042766,-0.050000000000000266,0
2014-01-03,-0.00033302851523142607,-0.47000000000000064,0.019999999999999962,0.009999999999999787,0.0,0.0,0.09934438400947536,-0.010000000000000231,0
2014-01-06,-0.00251494061165225,-0.20999999999999908,-0.009999999999999953,-0.029999999999999805,0.0,-0.020000000000000018,0.09977826855145322,-0.019999999999999574,0
2014-01-07,0.006063353410312722,-0.6300000000000008,0.0,-0.020000000000000018,-0.009999999999999995,0.0,0.09940372748251586,-0.020000000000000018,0
2014-01-08,-0.00021222353203320665,-0.05000000000000071,0.02999999999999997,0.04999999999999982,0.0,-0.009999999999999787,0.09289247780595383,0.019999999999999574,0
2014-01-09,0.00034824057245774753,0.02000000000000135,0.010000000000000009,-0.03999999999999959,0.0,0.0,0.0928388038100192,-0.04999999999999938,0
2014-01-10,0.00230403579714622,-0.75,-0.04999999999999999,-0.0900000000000003,0.0,0.009999999999999787,0.09182891599308238,-0.04000000000000048,0
2014-01-13,-0.012655942268644083,1.1399999999999988,0.0,-0.040000000000000036,0.0,0.020000000000000018,0.0940795472597111,-0.040000000000000036,0
2014-01-14,0.010759846624176284,-1.0,0.0,0.040000000000000036,0.0,0.0,0.09820808259271746,0.040000000000000036,0
2014-01-15,0.005152889148329898,0.0,0.019999999999999962,0.020000000000000018,0.0,-0.020000000000000018,0.09869925078610292,0.0,0
2014-01-16,-0.0013480337804585574,0.25,0.0,-0.040000000000000036,0.0,0.0,0.09797633093890727,-0.040000000000000036,0
2014-01-17,-0.0039027458285234573,-0.08999999999999986,-0.009999999999999953,-0.020000000000000018,0.0,0.010000000000000231,0.09849168692875362,-0.009999999999999787,0
2014-01-21,0.0027698592046974113,0.4299999999999997,0.0,0.010000000000000231,0.0,-0.03000000000000025,0.08230947978730341,0.010000000000000231,0
2014-01-22,0.0005747344722362158,-0.02999999999999936,0.03999999999999998,0.020000000000000018,0.0,0.0,0.08215126934455075,-0.020000000000000018,0
2014-01-23,-0.008929311341099755,0.9299999999999997,-0.04999999999999999,-0.08000000000000007,0.0,0.020000000000000018,0.08756238910310236,-0.03000000000000025,0
2014-01-24,-0.021096464610037557,4.370000000000001,-0.020000000000000018,-0.040000000000000036,0.0,0.03000000000000025,0.11259865302371974,-0.020000000000000018,0
2014-01-27,-0.004888232923261349,-0.7199999999999989,0.0,0.029999999999999805,0.0,0.009999999999999787,0.11243295253685012,0.029999999999999805,0
2014-01-28,0.0061219085114441185,-1.620000000000001,0.010000000000000009,-0.009999999999999787,0.0,-0.009999999999999787,0.11347914046101928,-0.019999999999999574,0
2014-01-29,-0.010261676387288254,1.5500000000000007,-0.020000000000000018,-0.08000000000000007,0.0,0.029999999999999805,0.11755518865397308,-0.06000000000000005,0
2014-01-30,0.011204049508505953,-0.060000000000002274,0.0,0.03000000000000025,0.0,-0.020000000000000018,0.12581965796964195,0.03000000000000025,0
2014-01-31,-0.0064863036975735255,1.120000000000001,-0.019999999999999962,-0.050000000000000266,0.0,0.040000000000000036,0.1256004293883352,-0.03000000000000025,1
2014-02-03,-0.023096632288166496,3.030000000000001,-0.040000000000000036,-0.06000000000000005,0.0,-0.009999999999999787,0.1440852296827693,-0.020000000000000018,0
2014-02-04,0.007612079911712755,-2.330000000000002,0.010000000000000009,0.03000000000000025,0.0,0.020000000000000018,0.14809505882661864,0.020000000000000018,0
2014-02-05,-0.0020303185904788634,0.8399999999999999,0.010000000000000009,0.06000000000000005,0.0,0.009999999999999787,0.14808428705325347,0.050000000000000266,0
2014-02-06,0.01236303252960358,-2.719999999999999,0.010000000000000009,0.029999999999999805,0.0,-0.020000000000000018,0.15390008712426903,0.019999999999999574,0
2014-02-07,0.013214212922079582,-1.9400000000000013,-0.030000000000000027,-0.020000000000000018,-0.010000000000000009,0.020000000000000018,0.16233239267365285,0.010000000000000231,0
2014-02-10,0.0015680346623456742,-0.02999999999999936,0.020000000000000018,-0.009999999999999787,0.010000000000000009,0.0,0.16252065681568684,-0.029999999999999805,0
2014-02-11,0.011001356953851626,-0.75,0.02999999999999997,0.04999999999999982,-0.010000000000000009,-0.029999999999999805,0.1674675205806,0.019999999999999574,0
2014-02-12,-0.00026930401563163286,-0.20999999999999908,0.0,0.04999999999999982,0.010000000000000009,-0.03000000000000025,0.16161581944474485,0.04999999999999982,0
2014-02-13,0.005793241362750834,-0.16000000000000014,-0.02999999999999997,-0.06999999999999984,-0.010000000000000009,0.03000000000000025,0.1583325295678497,-0.03999999999999959,0
2014-02-14,0.0047976627138055505,-0.5700000000000003,0.0,0.020000000000000018,0.0,-0.010000000000000231,0.15818493586684987,0.020000000000000018,0
2014-02-18,0.0011578007430248505,0.29999999999999893,-0.010000000000000009,-0.040000000000000036,0.010000000000000009,0.020000000000000018,0.15820430988813386,-0.03000000000000025,0
2014-02-19,-0.00654585646798278,1.6300000000000008,0.020000000000000018,0.020000000000000018,0.0,0.010000000000000231,0.1592594012708416,0.0,0
2014-02-20,0.006013325902815225,-0.7100000000000009,0.010000000000000009,0.029999999999999805,0.0,-0.020000000000000018,0.1604285280217919,0.020000000000000018,0
2014-02-21,-0.0019205507490624996,-0.10999999999999943,-0.010000000000000009,-0.029999999999999805,0.0,-0.010000000000000231,0.16052836000420706,-0.020000000000000018,0
2014-02-24,0.0061674634806481166,-0.4499999999999993,0.019999999999999962,0.020000000000000018,0.0,0.0,0.15871986682409603,0.0,0
2014-02-25,-0.0013485959587526963,-0.5600000000000005,-0.009999999999999953,-0.04999999999999982,0.0,0.0,0.1382977185755243,-0.03999999999999959,0
2014-02-26,2.1678571816785563e-05,0.6799999999999997,-0.010000000000000009,-0.03000000000000025,0.0,0.0,0.1365026989428558,-0.020000000000000462,0
2014-02-27,0.004935878866371368,-0.3100000000000005,0.0,-0.020000000000000018,0.0,-0.020000000000000018,0.1360765145632042,-0.020000000000000018,0
2014-02-28,0.0027788716067975727,-0.03999999999999915,0.0,0.010000000000000231,-0.010000000000000009,-0.009999999999999787,0.12905400332987543,0.010000000000000231,0
2014-03-03,-0.007405881878042919,2.0,-0.010000000000000009,-0.06000000000000005,0.010000000000000009,0.020000000000000018,0.1288587842641531,-0.04999999999999982,0
2014-03-04,0.015152293854515442,-1.9000000000000004,0.010000000000000009,0.10000000000000009,0.0,-0.020000000000000018,0.13398135009911555,0.08999999999999986,0
2014-03-05,-5.3365779740133235e-05,-0.20999999999999908,0.0,0.0,0.009999999999999995,0.009999999999999787,0.0976188139016357,0.0,0
2014-03-06,0.0017169491586006558,0.3200000000000003,0.03999999999999998,0.040000000000000036,0.0,0.010000000000000231,0.09660263314895463,0.0,0
2014-03-07,0.0005379393856070891,-0.10000000000000142,0.010000000000000009,0.05999999999999961,0.0,-0.03000000000000025,0.095252281463613,0.04999999999999982,0
2014-03-10,-0.0004633562520153234,0.08999999999999986,-0.010000000000000009,-0.009999999999999787,0.0,0.020000000000000018,0.0901309248119008,0.0,0
2014-03-11,-0.0050950761792529775,0.6000000000000014,0.0,-0.020000000000000018,0.0,0.010000000000000231,0.08543090786996155,-0.020000000000000018,0
2014-03-12,0.00030515307410894366,-0.33000000000000007,0.0,-0.040000000000000036,0.0,0.009999999999999787,0.08559253984936825,-0.040000000000000036,0
2014-03-13,-0.011770099320208338,1.7499999999999982,-0.02999999999999997,-0.06999999999999984,0.0,0.010000000000000231,0.0908524420993942,-0.03999999999999959,0
2014-03-14,-0.0028257875816493083,1.6000000000000014,0.019999999999999962,-0.010000000000000231,0.0,0.009999999999999787,0.09162120256455118,-0.03000000000000025,0
2014-03-17,0.009567743988495359,-2.1799999999999997,0.020000000000000018,0.050000000000000266,0.0,0.0,0.0951962219973833,0.03000000000000025,0
2014-03-18,0.0071936586040903805,-1.120000000000001,-0.020000000000000018,-0.020000000000000018,0.0,0.020000000000000018,0.09682808818197558,0.0,0
2014-03-19,-0.006150535593061335,0.5999999999999996,0.10999999999999999,0.09999999999999964,0.0,-0.04999999999999982,0.09981133140299171,-0.010000000000000675,0
2014-03-20,0.006022339367196317,-0.5999999999999996,-0.019999999999999962,0.010000000000000231,0.0,-0.03000000000000025,0.09808954997883464,0.03000000000000025,0
2014-03-21,-0.0029369853639487076,0.4800000000000004,0.0,-0.040000000000000036,0.0,-0.020000000000000018,0.09735334825881749,-0.040000000000000036,0
2014-03-24,-0.004876538949937448,0.08999999999999986,0.019999999999999962,-0.009999999999999787,0.009999999999999995,-0.029999999999999805,0.09887758757063332,-0.02999999999999936,0
2014-03-25,0.004394241920648412,-1.0700000000000003,0.0,0.009999999999999787,0.0,-0.010000000000000231,0.09779227709219776,0.009999999999999787,0
2014-03-26,-0.00702497120066603,0.9100000000000001,-0.019999999999999962,-0.040000000000000036,-0.009999999999999995,0.0,0.10103944933675917,-0.020000000000000462,0
2014-03-27,-0.001901880841274739,-0.3100000000000005,0.0,-0.020000000000000018,0.0,-0.020000000000000018,0.10129960158936524,-0.020000000000000018,0
2014-03-28,0.004629512997768259,-0.20999999999999908,0.0,0.040000000000000036,0.0,-0.009999999999999787,0.1011207239123747,0.040000000000000036,0
2014-03-31,0.007892887011330174,-0.5299999999999994,-0.010000000000000009,0.0,-0.020000000000000004,0.009999999999999787,0.10433767228354764,0.010000000000000231,0
2014-04-01,0.007014659430600645,-0.7800000000000011,0.0,0.040000000000000036,0.020000000000000004,0.0,0.10281512200867639,0.040000000000000036,0
2014-04-02,0.002849261279041393,-0.009999999999999787,0.02999999999999997,0.04999999999999982,0.009999999999999995,-0.009999999999999787,0.0894676037507972,0.019999999999999574,0
2014-04-03,-0.0011270826423892544,0.27999999999999936,-0.009999999999999953,-0.020000000000000018,-0.009999999999999995,-0.009999999999999787,0.08961785429249337,-0.009999999999999787,0
2014-04-04,-0.012616514258564138,0.5900000000000016,-0.030000000000000027,-0.05999999999999961,0.0,0.009999999999999787,0.10006670986239076,-0.029999999999999805,0
2014-04-07,-0.010808351829803442,1.6099999999999994,-0.020000000000000018,-0.03000000000000025,0.009999999999999995,-0.009999999999999787,0.10638377920161672,-0.010000000000000231,0
2014-04-08,0.003743580244323752,-0.6799999999999997,-0.009999999999999953,-0.020000000000000018,-0.009999999999999995,0.019999999999999574,0.10756514730946416,-0.009999999999999787,0
2014-04-09,0.010858989560465382,-1.0700000000000003,-0.030000000000000027,0.020000000000000018,0.0,-0.009999999999999787,0.11329194297383877,0.04999999999999982,0
2014-04-10,-0.021105915074921988,2.0700000000000003,0.0,-0.06000000000000005,0.0,-0.009999999999999787,0.13503385241454163,-0.06000000000000005,0
2014-04-11,-0.009532051442590728,1.1400000000000006,0.0,-0.020000000000000018,0.009999999999999995,-0.010000000000000231,0.13297141001648652,-0.020000000000000018,0
2014-04-14,0.008183683881893167,-0.9200000000000017,0.0,0.020000000000000018,0.0,-0.009999999999999787,0.13628304912315609,0.020000000000000018,0
2014-04-15,0.0067345821134070505,-0.5,0.020000000000000018,-0.009999999999999787,0.010000000000000009,-0.020000000000000018,0.13404034406313564,-0.029999999999999805,0
2014-04-16,0.010433825888179094,-1.4299999999999997,0.0,0.009999999999999787,-0.010000000000000009,-0.010000000000000231,0.13679719494871953,0.009999999999999787,0
2014-04-17,0.0013629682617377625,-0.8200000000000003,0.03999999999999998,0.08000000000000007,0.0,-0.029999999999999805,0.13518267945339157,0.040000000000000036,0
2014-04-21,0.003767994738389291,-0.10999999999999943,-0.010000000000000009,0.0,0.010000000000000009,0.020000000000000018,0.1341608763117607,0.010000000000000231,0
2014-04-22,0.004083770842982837,-0.0600000000000005,0.030000000000000027,0.0,0.0,-0.03000000000000025,0.13443047493297627,-0.03000000000000025,0
2014-04-23,-0.002215748694772479,0.08000000000000007,-0.020000000000000018,-0.029999999999999805,0.0,0.0,0.13344405848783272,-0.009999999999999787,0
2014-04-24,0.001715503883693792,0.05000000000000071,0.0,0.0,0.0,-0.009999999999999787,0.13276938557584483,0.0,0
2014-04-25,-0.008129365642878916,0.7400000000000002,0.0,-0.020000000000000018,-0.010000000000000009,-0.010000000000000231,0.13359285840699409,-0.020000000000000018,0
2014-04-28,0.003230795533208486,-0.08999999999999986,0.010000000000000009,0.020000000000000018,0.0,0.0,0.13372080485445292,0.010000000000000231,0
2014-04-29,0.004749512631765818,-0.2599999999999998,0.0,0.009999999999999787,0.010000000000000009,0.020000000000000018,0.13376788408768261,0.009999999999999787,0
2014-04-30,0.002987552324704268,-0.3000000000000007,-0.020000000000000018,-0.040000000000000036,-0.010000000000000009,0.010000000000000231,0.13142367444004624,-0.020000000000000018,0
2014-05-01,-0.000143326176116787,-0.16000000000000014,-0.010000000000000009,-0.040000000000000036,0.0,-0.020000000000000018,0.12913097286989422,-0.03000000000000025,0
2014-05-02,-0.0013493343030379634,-0.33999999999999986,0.010000000000000009,-0.029999999999999805,0.0,0.0,0.1287632034285743,-0.03999999999999959,0
2014-05-05,0.0018694572336084292,0.379999999999999,0.010000000000000009,0.029999999999999805,0.0,0.009999999999999787,0.1289232820780403,0.019999999999999574,0
2014-05-06,-0.009028997640356806,0.5100000000000016,0.0,-0.020000000000000018,0.0,0.0,0.1250777067512255,-0.020000000000000018,0
2014-05-07,0.00560075998285825,-0.40000000000000036,-0.020000000000000018,0.010000000000000231,-0.009999999999999995,0.010000000000000231,0.11991011502430832,0.03000000000000025,0
2014-05-08,-0.0013745926338062375,0.02999999999999936,-0.009999999999999953,-0.010000000000000231,0.0,0.020000000000000018,0.11966361546566458,0.0,0
2014-05-09,0.00151833619553976,-0.5099999999999998,0.0,0.010000000000000231,0.0,0.029999999999999805,0.1138097947132097,0.010000000000000231,0
2014-05-12,0.009626232902744114,-0.6899999999999995,0.009999999999999953,0.040000000000000036,0.0,-0.009999999999999787,0.08841311791138615,0.029999999999999805,0
2014-05-13,0.0004217073940360194,-0.09999999999999964,-0.019999999999999962,-0.050000000000000266,0.009999999999999995,0.009999999999999787,0.0787885189595375,-0.03000000000000025,0
2014-05-14,-0.004712130811625137,0.03999999999999915,0.0,-0.06999999999999984,-0.009999999999999995,-0.009999999999999787,0.07890099274193549,-0.06999999999999984,0
2014-05-15,-0.009405875621160575,1.0,-0.010000000000000009,-0.040000000000000036,0.009999999999999995,0.020000000000000018,0.08494491787858227,-0.029999999999999805,0
2014-05-16,0.0037399575698850995,-0.7300000000000004,0.0,0.020000000000000018,0.0,-0.020000000000000018,0.0781911817303552,0.020000000000000018,0
2014-05-19,0.0038374297012770953,-0.019999999999999574,-0.020000000000000018,0.020000000000000018,0.0,0.020000000000000018,0.0790419859399479,0.040000000000000036,0
2014-05-20,-0.0065196044560611455,0.5400000000000009,-0.010000000000000009,-0.020000000000000018,0.0,0.009999999999999787,0.08169460248757515,-0.010000000000000231,0
2014-05-21,0.008083301565925183,-1.0500000000000007,0.020000000000000018,0.020000000000000018,0.0,0.029999999999999805,0.08529448589746927,0.0,0
2014-05-22,0.0023594648720788314,0.11999999999999922,0.0,0.020000000000000018,0.0,-0.009999999999999787,0.08512437902655093,0.020000000000000018,0
2014-05-23,0.004239372342577319,-0.6699999999999999,0.0,-0.020000000000000018,0.0,-0.009999999999999787,0.08604776064075106,-0.020000000000000018,0
2014-05-27,0.005969947749390414,0.15000000000000036,0.020000000000000018,-0.020000000000000018,0.0,-0.010000000000000231,0.0818843436627407,-0.040000000000000036,0
2014-05-28,-0.0011146902132566083,0.16999999999999993,-0.020000000000000018,-0.08000000000000007,0.0,0.0,0.08192598504057953,-0.06000000000000005,0
2014-05-29,0.00535275873925567,-0.10999999999999943,0.0,0.010000000000000231,0.0,0.010000000000000231,0.08229809619114906,0.010000000000000231,0
2014-05-30,0.0018420236241798449,-0.16999999999999993,0.0,0.029999999999999805,-0.009999999999999995,-0.020000000000000018,0.08205281638934955,0.029999999999999805,0
2014-06-02,0.0007275486609232829,0.17999999999999972,0.020000000000000018,0.06000000000000005,0.009999999999999995,0.0,0.08195651607345338,0.040000000000000036,0
2014-06-03,-0.00037929861387198116,0.28999999999999915,0.019999999999999962,0.06000000000000005,0.010000000000000009,0.0,0.0816696871004351,0.040000000000000036,0
2014-06-04,0.0018898689985702433,0.21000000000000085,0.0,0.009999999999999787,-0.010000000000000009,0.009999999999999787,0.08167220780460051,0.009999999999999787,0
2014-06-05,0.006504104782935727,-0.40000000000000036,-0.009999999999999953,-0.020000000000000018,0.0,0.010000000000000231,0.07489185767004075,-0.009999999999999787,0
2014-06-06,0.00461709347419248,-0.9499999999999993,0.009999999999999953,0.010000000000000231,0.0,-0.010000000000000231,0.07434155484413292,0.0,0
2014-06-09,0.000938290790270635,0.41999999999999993,0.020000000000000018,0.020000000000000018,0.0,-0.009999999999999787,0.0735352394153063,0.0,0
2014-06-10,-0.0002460238963113426,-0.16000000000000014,0.020000000000000018,0.020000000000000018,0.0,-0.010000000000000231,0.0738984811101314,0.0,0
2014-06-11,-0.003543298663358563,0.6099999999999994,-0.010000000000000009,0.009999999999999787,0.0,-0.009999999999999787,0.07031688583622943,0.020000000000000018,0
2014-06-12,-0.007114123963847696,0.9600000000000009,-0.020000000000000018,-0.06999999999999984,0.0,0.009999999999999787,0.07594946585628344,-0.04999999999999982,0
2014-06-13,0.00312963395630117,-0.3800000000000008,0.030000000000000027,0.020000000000000018,0.010000000000000009,-0.020000000000000018,0.07358308687882789,-0.010000000000000231,0
2014-06-16,0.0008363578653423076,0.47000000000000064,0.03999999999999998,0.009999999999999787,0.0,-0.020000000000000018,0.0627652709745184,-0.029999999999999805,0
2014-06-17,0.002170232592340504,-0.5899999999999999,0.020000000000000018,0.050000000000000266,0.0,0.0,0.06234835309175791,0.03000000000000025,0
2014-06-18,0.007689248112361824,-1.450000000000001,-0.030000000000000027,-0.050000000000000266,0.0,0.020000000000000018,0.06544175878623579,-0.020000000000000462,0
2014-06-19,0.0012766632824314783,0.009999999999999787,0.0,0.03000000000000025,0.0,0.0,0.05814574099211322,0.03000000000000025,0
2014-06-20,0.0017285560156965474,0.23000000000000043,0.020000000000000018,-0.010000000000000231,0.0,0.010000000000000231,0.05399965420841991,-0.03000000000000025,0
2014-06-23,-0.0001324678767335996,0.13000000000000078,-0.020000000000000018,0.0,0.0,-0.010000000000000231,0.05439262493117445,0.020000000000000018,0
2014-06-24,-0.006456103946242742,1.1500000000000004,0.010000000000000009,-0.040000000000000036,0.0,-0.009999999999999787,0.0604615572844797,-0.050000000000000266,0
2014-06-25,0.004885532455618957,-0.5400000000000009,-0.010000000000000009,-0.020000000000000018,0.0,0.0,0.059497853817083425,-0.009999999999999787,0
2014-06-26,-0.0011795495080528795,0.040000000000000924,-0.019999999999999962,-0.040000000000000036,0.0,0.0,0.0595296715466476,-0.020000000000000018,0
2014-06-27,0.0019090501895577816,-0.370000000000001,-0.010000000000000009,0.010000000000000231,0.0,0.020000000000000018,0.057645201613274535,0.020000000000000018,0
2014-06-30,-0.0003723359533376325,0.3100000000000005,0.019999999999999962,-0.010000000000000231,-0.010000000000000009,-0.020000000000000018,0.057750077620042105,-0.03000000000000025,0
2014-07-01,0.006655590151632751,-0.41999999999999993,0.0,0.050000000000000266,0.010000000000000009,0.009999999999999787,0.061083215262593395,0.05000000000000071,0
2014-07-02,0.0006585713293443263,-0.33000000000000007,0.020000000000000018,0.06000000000000005,0.0,0.010000000000000231,0.06085449222461092,0.040000000000000036,0
2014-07-03,0.005464577266607762,-0.5,0.030000000000000027,0.009999999999999787,-0.010000000000000009,0.009999999999999787,0.06257787602336441,-0.020000000000000462,0
2014-07-07,-0.00393128091103101,1.0099999999999998,0.0,-0.020000000000000018,0.010000000000000009,-0.029999999999999805,0.062295811033396195,-0.020000000000000018,0
2014-07-08,-0.007073729944500506,0.6500000000000004,-0.010000000000000009,-0.04999999999999982,-0.010000000000000009,0.0,0.0665354451102115,-0.03999999999999959,0
2014-07-09,0.004633518936331349,-0.33000000000000007,0.0,-0.010000000000000231,0.0,-0.010000000000000231,0.06816050547547536,-0.010000000000000675,0
2014-07-10,-0.004139677938002073,0.9399999999999995,-0.04999999999999999,-0.020000000000000018,0.0,0.03000000000000025,0.07002330999714179,0.03000000000000025,0
2014-07-11,0.0014698966344175446,-0.5099999999999998,0.019999999999999962,-0.020000000000000018,0.0,0.0,0.06866246054882248,-0.040000000000000036,0
2014-07-14,0.004831845777309773,-0.2599999999999998,0.0,0.020000000000000018,0.0,0.009999999999999787,0.06412340138824836,0.020000000000000018,0
2014-07-15,-0.0019339917631571168,0.14000000000000057,0.010000000000000009,0.010000000000000231,0.0,-0.009999999999999787,0.06454691132255587,4.440892098500626e-16,0
2014-07-16,0.004192326961483417,-0.9600000000000009,0.010000000000000009,-0.010000000000000231,0.0,-0.010000000000000231,0.06554164624608277,-0.020000000000000462,0
2014-07-17,-0.011904630539099514,3.539999999999999,-0.030000000000000027,-0.07999999999999963,0.0,0.03000000000000025,0.07925026552237,-0.04999999999999982,0
2014-07-18,0.010212621215764273,-2.4799999999999986,0.040000000000000036,0.029999999999999805,0.0,-0.020000000000000018,0.08258885104161429,-0.010000000000000009,0
2014-07-21,-0.002322963707646508,0.75,0.0,-0.009999999999999787,0.010000000000000009,-0.010000000000000231,0.08310973882173395,-0.009999999999999787,0
2014-07-22,0.005003598871257786,-0.5700000000000003,-0.020000000000000018,-0.010000000000000231,-0.010000000000000009,0.0,0.0845595709287555,0.009999999999999787,0
2014-07-23,0.0017529106323479482,-0.7200000000000006,0.010000000000000009,0.0,0.0,0.010000000000000231,0.084634474731871,-0.010000000000000009,0
2014-07-24,0.00048805155195541516,0.3200000000000003,0.030000000000000027,0.040000000000000036,0.0,0.0,0.08067786661622056,0.010000000000000009,0
2014-07-25,-0.004860938593827413,0.8499999999999996,0.0,-0.040000000000000036,0.0,-0.010000000000000231,0.08169840360387039,-0.040000000000000036,0
2014-07-28,0.0002880788446235627,-0.129999999999999,0.010000000000000009,0.020000000000000018,0.0,0.0,0.08148635772893928,0.010000000000000009,0
2014-07-29,-0.004538026355257685,0.7199999999999989,0.0,-0.029999999999999805,0.0,-0.009999999999999787,0.0831499382858893,-0.029999999999999805,0
2014-07-30,6.091339639713311e-05,0.05000000000000071,0.020000000000000018,0.09999999999999964,0.0,-0.010000000000000231,0.08312473489172542,0.07999999999999963,0
2014-07-31,-0.020201982180386935,3.619999999999999,-0.030000000000000027,0.010000000000000231,-0.009999999999999995,0.0,0.1059361877681598,0.040000000000000036,0
2014-08-01,-0.0028632061512494644,0.08000000000000185,-0.06000000000000005,-0.06000000000000005,0.009999999999999995,0.06000000000000005,0.10592696139436754,0.0,0
2014-08-04,0.007163332167737124,-1.910000000000002,0.0,-0.010000000000000231,0.0,0.010000000000000231,0.10742812737013377,-0.009999999999999787,0
2014-08-05,-0.009732663890958726,1.7500000000000018,0.0,-0.019999999999999574,0.0,0.009999999999999787,0.11115125921633748,-0.019999999999999574,0
2014-08-06,1.5623169160150496e-05,-0.5,0.010000000000000009,0.0,0.0,0.009999999999999787,0.10929191960693685,-0.010000000000000231,0
2014-08-07,-0.005572092405118134,0.28999999999999915,-0.03999999999999998,-0.06000000000000005,0.0,0.020000000000000018,0.10829947015011653,-0.020000000000000018,0
2014-08-08,0.011465412125835073,-0.8900000000000006,0.010000000000000009,0.009999999999999787,0.0,-0.009999999999999787,0.11676207512223633,-2.220446049250313e-16,0
2014-08-11,0.0027555846424931474,-1.5399999999999991,0.019999999999999962,0.0,0.0,0.009999999999999787,0.11716248565774398,-0.020000000000000018,0
2014-08-12,-0.0016379596859126266,-0.09999999999999964,-0.019999999999999962,0.020000000000000018,0.0,0.010000000000000231,0.11541090158317832,0.039999999999999813,0
2014-08-13,0.006684782151863189,-1.2300000000000004,-0.020000000000000018,-0.029999999999999805,0.0,0.020000000000000018,0.11840743041302632,-0.009999999999999787,0
2014-08-14,0.004336355753250309,-0.4800000000000004,-0.010000000000000009,-0.03000000000000025,0.0,-0.020000000000000018,0.1184826011983105,-0.020000000000000018,0
2014-08-15,-6.137730678368314e-05,0.7300000000000004,0.0,-0.06000000000000005,0.0,0.0,0.1111705159288353,-0.06000000000000005,0
2014-08-18,0.008495518142763281,-0.8300000000000001,0.020000000000000018,0.050000000000000266,0.0,0.020000000000000018,0.10931208567075627,0.03000000000000025,0
2014-08-19,0.004988197546780704,-0.10999999999999943,0.020000000000000018,0.009999999999999787,0.0,0.020000000000000018,0.11041453339122724,-0.010000000000000231,0
2014-08-20,0.002474731046194556,-0.4300000000000015,0.02999999999999997,0.03000000000000025,0.0,-0.03000000000000025,0.10936852612513567,2.220446049250313e-16,0
2014-08-21,0.002945554646997195,-0.019999999999999574,0.0,-0.020000000000000018,0.0,-0.020000000000000018,0.10967715278164245,-0.020000000000000018,0
2014-08-22,-0.00199458964782373,-0.28999999999999915,0.040000000000000036,-0.010000000000000231,0.0,-0.020000000000000018,0.1099114722274691,-0.050000000000000266,0
2014-08-25,0.004776344146317335,0.22999999999999865,0.0,-0.009999999999999787,0.0,-0.009999999999999787,0.10959968107193166,-0.009999999999999787,0
2014-08-26,0.001050541125247939,-0.06999999999999851,-0.010000000000000009,0.0,0.0,0.009999999999999787,0.10961564887221575,0.010000000000000009,0
2014-08-27,4.999825007168113e-05,0.14999999999999858,-0.010000000000000009,-0.020000000000000018,0.0,-0.019999999999999574,0.10809760123149487,-0.010000000000000009,0
2014-08-28,-0.001691328095421163,0.27000000000000135,-0.010000000000000009,-0.03000000000000025,0.0,-0.010000000000000231,0.10840297362802116,-0.02000000000000024,0
2014-08-29,0.0033149118755346763,-0.07000000000000028,-0.020000000000000018,0.010000000000000231,-0.01999999999999999,0.0,0.07769202177371644,0.03000000000000025,0
2014-09-02,-0.0005442312867591781,0.2699999999999996,0.050000000000000044,0.06999999999999984,0.01999999999999999,0.020000000000000018,0.07635705650074154,0.019999999999999796,0
2014-09-03,-0.000779415477878409,0.10999999999999943,-0.010000000000000009,-0.009999999999999787,0.0,-0.009999999999999787,0.07435098329527574,2.220446049250313e-16,0
2014-09-04,-0.0015356260692698243,0.28000000000000114,0.020000000000000018,0.040000000000000036,0.0,0.009999999999999787,0.06336924750020449,0.020000000000000018,0
2014-09-05,0.005023279382596613,-0.5500000000000007,-0.020000000000000018,0.009999999999999787,0.0,0.040000000000000036,0.06388245189113506,0.029999999999999805,0
2014-09-08,-0.003077884826784505,0.5700000000000003,0.020000000000000018,0.020000000000000018,0.0,-0.03000000000000025,0.06059758989438929,0.0,0
2014-09-09,-0.006566472549267566,0.8399999999999999,0.020000000000000018,0.020000000000000018,0.0,-0.009999999999999787,0.05815297738480857,0.0,0
2014-09-10,0.0036394434933182396,-0.6199999999999992,0.019999999999999907,0.040000000000000036,0.0,0.009999999999999787,0.058495755759193524,0.020000000000000018,0
2014-09-11,0.0008815118498075591,-0.08000000000000007,0.0,0.0,0.0,-0.009999999999999787,0.05747660710267996,0.0,0
2014-09-12,-0.005980449610726524,0.5099999999999998,0.0,0.08000000000000007,0.0,0.020000000000000018,0.059895714969248684,0.08000000000000007,0
2014-09-15,-0.0007103865355535532,0.8099999999999987,0.0,-0.020000000000000018,0.0,0.009999999999999787,0.058832141795747736,-0.020000000000000018,0
2014-09-16,0.007456519556098051,-1.3899999999999988,-0.029999999999999916,0.0,0.0,0.020000000000000018,0.06320773766365081,0.029999999999999805,0
2014-09-17,0.0012948221428841222,-0.08000000000000007,0.039999999999999925,0.020000000000000018,0.0,-0.009999999999999787,0.05716475134427955,-0.019999999999999574,0
2014-09-18,0.004879237575788231,-0.620000000000001,0.0,0.009999999999999787,0.0,-0.010000000000000231,0.05706328080842533,0.009999999999999787,0
2014-09-19,-0.00047740293713882664,0.08000000000000007,0.0,-0.040000000000000036,0.0,-0.020000000000000018,0.05682870569035735,-0.040000000000000036,0
2014-09-22,-0.008045609973506451,1.58,-0.010000000000000009,-0.020000000000000018,0.0,0.010000000000000231,0.06341127109574311,-0.010000000000000231,0
2014-09-23,-0.005793240342941708,1.2400000000000002,-0.010000000000000009,-0.029999999999999805,0.0,-0.010000000000000231,0.06625308324735966,-0.019999999999999574,0
2014-09-24,0.007801962174308841,-1.6600000000000001,0.020000000000000018,0.029999999999999805,0.0,0.010000000000000231,0.06981255803668998,0.009999999999999787,0
2014-09-25,-0.016300883863056725,2.370000000000001,-0.029999999999999916,-0.04999999999999982,0.0,0.0,0.08961730413655518,-0.020000000000000018,0
2014-09-26,0.008539268469331951,-0.7900000000000009,0.029999999999999916,0.020000000000000018,0.0,0.0,0.09529739530092025,-0.009999999999999787,0
2014-09-29,-0.002550087857628114,1.1300000000000008,-0.010000000000000009,-0.040000000000000036,-0.009999999999999995,0.0,0.09548878573393779,-0.03000000000000025,0
2014-09-30,-0.0027898116618692015,0.3299999999999983,0.0,0.020000000000000018,-0.009999999999999995,0.020000000000000018,0.09479207854731408,0.020000000000000018,0
2014-10-01,-0.013337103869609734,0.40000000000000213,-0.04999999999999993,-0.10000000000000009,0.01999999999999999,0.020000000000000018,0.1043304931678349,-0.050000000000000044,0
2014-10-02,5.138310472219132e-06,-0.5500000000000007,0.0,0.020000000000000018,0.0,0.009999999999999787,0.10442026974328171,0.020000000000000018,0
2014-10-03,0.011103645698161024,-1.6099999999999994,0.039999999999999925,0.010000000000000231,0.0,-0.029999999999999805,0.1129193161410532,-0.029999999999999583,0
2014-10-06,-0.001566346258933926,0.9100000000000001,-0.029999999999999916,-0.020000000000000018,0.0,0.009999999999999787,0.11099118204231198,0.009999999999999787,0
2014-10-07,-0.015241633339009297,1.7399999999999984,-0.020000000000000018,-0.07000000000000028,0.0,0.0,0.12133745620664793,-0.050000000000000266,0
2014-10-08,0.01731092744167828,-2.09,-0.06,-0.009999999999999787,0.0,0.020000000000000018,0.13631025700745134,0.050000000000000266,0
2014-10-09,-0.02087782075594191,3.650000000000002,0.0,-0.010000000000000231,-0.009999999999999995,0.020000000000000018,0.15249385083222786,-0.010000000000000231,1
2014-10-10,-0.011517102846274163,2.479999999999997,-0.010000000000000009,-0.029999999999999805,0.009999999999999995,0.020000000000000018,0.15592266353135859,-0.019999999999999796,1
2014-10-13,-0.016605025431830178,3.400000000000002,0.0,0.0,0.0,0.0,0.16331266957901916,0.0,1
2014-10-14,0.0015776404760323715,-1.8500000000000014,-0.06,-0.10000000000000009,0.0,0.03000000000000025,0.163861362036605,-0.04000000000000026,1
2014-10-15,-0.00813332148698187,3.460000000000001,-0.04999999999999999,-0.06000000000000005,0.0,0.04999999999999982,0.16064323740533634,-0.010000000000000009,1
2014-10-16,0.00014495671456860038,-1.0500000000000007,0.009999999999999953,0.020000000000000018,0.0,0.03000000000000025,0.16027167710935697,0.010000000000000009,1
2014-10-17,0.012801813443832799,-3.210000000000001,0.040000000000000036,0.050000000000000266,0.0,-0.03000000000000025,0.1676235393353481,0.010000000000000231,0
2014-10-20,0.009101116168173995,-3.419999999999998,-0.020000000000000018,-0.020000000000000018,0.0,0.010000000000000231,0.17268019104275092,0.0,0
2014-10-21,0.01938536086520415,-2.490000000000002,0.010000000000000009,0.029999999999999805,0.0,-0.020000000000000018,0.18728611928149366,0.020000000000000018,0
2014-10-22,-0.007326077968841993,1.7900000000000027,0.02999999999999997,0.020000000000000018,0.0,-0.010000000000000231,0.1878257421808504,-0.010000000000000009,0
2014-10-23,0.012228325652846372,-1.3399999999999999,0.0,0.040000000000000036,0.0,0.0,0.19114164090845168,0.040000000000000036,0
2014-10-24,0.007028685012031133,-0.4200000000000017,0.0,0.0,0.0,0.010000000000000231,0.18481392519818932,0.0,0
2014-10-27,-0.0015027217368066559,-0.07000000000000028,0.0,-0.020000000000000018,0.0,0.009999999999999787,0.18219963956159654,-0.020000000000000018,0
2014-10-28,0.011868342458139836,-1.6499999999999986,0.010000000000000009,0.029999999999999805,0.0,-0.009999999999999787,0.18695187385357262,0.019999999999999796,0
2014-10-29,-0.0013863160247664652,0.7599999999999998,0.06,0.040000000000000036,0.0,-0.07000000000000028,0.18673459235169534,-0.020000000000000018,0
2014-10-30,0.006210809640156079,-0.6300000000000008,0.0,-0.020000000000000018,0.0,0.03000000000000025,0.18101532960984829,-0.020000000000000018,0
2014-10-31,0.011663102277225335,-0.4900000000000002,0.020000000000000018,0.03000000000000025,-0.01999999999999999,0.0,0.18453906915391222,0.010000000000000231,0
2014-11-03,-0.00011893375899241221,0.7000000000000011,0.020000000000000018,0.009999999999999787,0.01999999999999999,0.0,0.18142282662466155,-0.010000000000000231,0
2014-11-04,-0.002833812080753617,0.16000000000000014,0.0,-0.009999999999999787,0.010000000000000009,0.0,0.18171858071632185,-0.009999999999999787,0
2014-11-05,0.005684325469846208,-0.7200000000000006,0.0,0.009999999999999787,-0.010000000000000009,0.0,0.17216810627137202,0.009999999999999787,0
2014-11-06,0.0037683963328118963,-0.5,0.020000000000000018,0.03000000000000025,0.0,0.009999999999999787,0.1632832457152309,0.010000000000000231,0
2014-11-07,0.00034948426815173406,-0.5500000000000007,-0.030000000000000027,-0.07000000000000028,0.0,0.03000000000000025,0.1417980662460473,-0.04000000000000026,0
2014-11-10,0.003115343855882635,-0.4499999999999993,0.040000000000000036,0.06000000000000005,0.0,-0.020000000000000018,0.13232274217938578,0.020000000000000018,0
2014-11-11,0.0006964300884231278,0.25,0.0,0.0,0.0,0.0,0.11166992984076937,0.0,0
2014-11-12,-0.0007013362458963002,0.09999999999999964,0.0,-0.009999999999999787,0.0,0.020000000000000018,0.11257218958309567,-0.009999999999999787,0
2014-11-13,0.0005297259772980567,0.7699999999999996,-0.020000000000000018,-0.020000000000000018,0.0,0.040000000000000036,0.10461645159203085,0.0,0
2014-11-14,0.00024024613086393032,-0.47999999999999865,0.010000000000000009,-0.03000000000000025,0.0,0.009999999999999787,0.10456905319134249,-0.04000000000000026,0
2014-11-17,0.0007350887583097432,0.6799999999999997,0.0,0.020000000000000018,0.010000000000000009,0.010000000000000231,0.10051858852925122,0.020000000000000018,0
2014-11-18,0.005120799244120455,-0.13000000000000078,-0.010000000000000009,-0.020000000000000018,0.009999999999999995,0.029999999999999805,0.09877901892116914,-0.010000000000000009,0
2014-11-19,-0.0015022487778297844,0.10000000000000142,0.010000000000000009,0.040000000000000036,-0.009999999999999995,-0.010000000000000231,0.08162550470326575,0.030000000000000027,0
2014-11-20,0.001965149713115899,-0.3800000000000008,-0.010000000000000009,-0.020000000000000018,0.0,0.010000000000000231,0.07336708956501173,-0.010000000000000009,0
2014-11-21,0.005223212603738148,-0.6799999999999997,0.0,-0.029999999999999805,0.0,-0.029999999999999805,0.06590795894595773,-0.029999999999999805,0
2014-11-24,0.002859972285084389,-0.28000000000000114,0.0,-0.010000000000000231,0.0,0.009999999999999787,0.06399163578573755,-0.010000000000000231,0
2014-11-25,-0.0011507481131776132,-0.3699999999999992,-0.020000000000000018,-0.029999999999999805,0.0,-0.040000000000000036,0.06372699967457851,-0.009999999999999787,0
2014-11-26,0.0028020289550010347,-0.17999999999999972,0.020000000000000018,-0.029999999999999805,0.0,0.010000000000000231,0.05390119168310554,-0.04999999999999982,0
2014-11-28,-0.0025456552865588122,1.2599999999999998,-0.06000000000000005,-0.06000000000000005,-0.020000000000000004,0.04999999999999982,0.05497424411954885,0.0,0
2014-12-01,-0.006852732470835399,0.9599999999999991,0.020000000000000018,0.040000000000000036,0.05,0.020000000000000018,0.06070900513008292,0.020000000000000018,0
2014-12-02,0.006364114596567383,-1.4399999999999995,0.06000000000000005,0.05999999999999961,-0.010000000000000009,0.0,0.05147637429560931,-4.440892098500626e-16,0
2014-12-03,0.0037576597991098026,-0.379999999999999,0.019999999999999907,0.010000000000000231,0.0,-0.020000000000000018,0.05203899125113724,-0.009999999999999565,0
2014-12-04,-0.0011624963624505824,-0.08999999999999986,-0.019999999999999907,-0.040000000000000036,0.0,0.009999999999999787,0.050663784409386244,-0.02000000000000024,0
2014-12-05,0.001663737426515155,-0.5600000000000005,0.09999999999999998,0.06000000000000005,0.0,-0.04999999999999982,0.04823089979573903,-0.039999999999999813,0
2014-12-08,-0.007282994123169573,2.3900000000000006,-0.010000000000000009,-0.050000000000000266,0.0,0.0,0.055475607317418525,-0.04000000000000048,0
2014-12-09,-0.00023785657360786416,0.6799999999999997,0.0,-0.03999999999999959,0.0,0.029999999999999805,0.05555659889044699,-0.03999999999999959,0
2014-12-10,-0.016486095225713093,3.6400000000000006,-0.050000000000000044,-0.040000000000000036,0.0,0.020000000000000018,0.08049264070959711,0.010000000000000231,1
2014-12-11,0.004525462792593693,1.5499999999999972,0.030000000000000027,0.009999999999999787,0.0,0.0,0.08215598813458247,-0.020000000000000462,1
2014-12-12,-0.016346465435817414,1.0,-0.05999999999999994,-0.08999999999999986,0.0,0.050000000000000266,0.09961562094570135,-0.029999999999999805,1
2014-12-15,-0.006362810672940533,-0.6599999999999966,0.039999999999999925,0.020000000000000018,-0.009999999999999995,-0.020000000000000018,0.10126345643893436,-0.020000000000000018,1
2014-12-16,-0.008525252460965582,3.1499999999999986,-0.020000000000000018,-0.050000000000000266,0.009999999999999995,0.040000000000000036,0.1042291015085151,-0.03000000000000025,0
2014-12-17,0.02014806101569455,-4.129999999999999,0.040000000000000036,0.07000000000000028,0.010000000000000009,0.0,0.12854819395617484,0.03000000000000025,0
2014-12-18,0.023731391638556865,-2.6300000000000026,0.050000000000000044,0.08000000000000007,0.0,-0.040000000000000036,0.1529565155416164,0.03000000000000025,0
2014-12-19,0.004559675654012274,-0.3200000000000003,0.0,-0.050000000000000266,0.0,0.0,0.15353767823438003,-0.050000000000000266,0
2014-12-22,0.0038031565245635335,-1.2399999999999984,0.039999999999999925,0.0,0.0,-0.03000000000000025,0.153889230675946,-0.040000000000000036,0
2014-12-23,0.0017448949438962913,-0.4499999999999993,0.020000000000000018,0.08999999999999986,0.0,0.0,0.15304038654427957,0.06999999999999984,0
2014-12-24,-0.00013928747275837594,-0.4300000000000015,0.0,0.010000000000000231,0.0,-0.029999999999999805,0.1527925503531248,0.010000000000000231,0
2014-12-26,0.0033040443422533983,0.13000000000000078,0.0,-0.020000000000000018,0.0,0.0,0.15304380268281673,-0.020000000000000018,0
2014-12-29,0.0008613800797716564,0.5600000000000005,-0.010000000000000009,-0.029999999999999805,0.0,-0.009999999999999787,0.1528232069536596,-0.019999999999999796,0
2014-12-30,-0.0049006072778077225,0.8599999999999994,-0.030000000000000027,-0.020000000000000018,0.0,0.0,0.15361196580983774,0.010000000000000009,0
2014-12-31,-0.01036428918775556,3.2799999999999994,-0.019999999999999907,-0.03000000000000025,-0.07,0.019999999999999574,0.1561313612642014,-0.010000000000000231,0
2015-01-02,-0.00034004518070762657,-1.4100000000000001,-0.010000000000000009,-0.04999999999999982,0.06,0.0,0.15447501318565865,-0.040000000000000036,0
2015-01-05,-0.018447215507428893,2.1300000000000026,0.020000000000000018,-0.08000000000000007,0.0,0.010000000000000231,0.16603818441718918,-0.10000000000000009,1
2015-01-06,-0.008933269124888454,1.1999999999999993,-0.030000000000000027,-0.07000000000000006,0.0,0.0,0.16815507324282744,-0.040000000000000036,0
2015-01-07,0.011562716479232016,-1.8100000000000023,-0.030000000000000027,-0.010000000000000009,0.0,0.009999999999999787,0.17398620777752785,0.020000000000000018,0
2015-01-08,0.017730232270554147,-2.299999999999997,0.0,0.06999999999999984,0.0,0.010000000000000231,0.184153657930439,0.06999999999999984,0
2015-01-09,-0.00843940289436862,0.5399999999999991,-0.030000000000000027,-0.04999999999999982,0.0,0.009999999999999787,0.18648767207767755,-0.019999999999999574,0
2015-01-12,-0.008126593003387583,2.0500000000000007,-0.029999999999999916,-0.06000000000000005,0.0,0.0,0.17948995022400652,-0.03000000000000025,1
2015-01-13,-0.0025818951027174464,0.9599999999999973,-0.020000000000000018,-0.010000000000000009,0.0,0.0,0.17894468702683788,0.010000000000000009,1
2015-01-14,-0.005830024197198469,0.9200000000000017,-0.030000000000000027,-0.04999999999999982,0.0,0.03000000000000025,0.17056610315824405,-0.019999999999999796,1
2015-01-15,-0.009290915347145656,0.9100000000000001,-0.07,-0.09000000000000008,0.0,0.06999999999999984,0.1722812667008276,-0.020000000000000018,1
2015-01-16,0.01333489347839567,-1.4400000000000013,0.04999999999999999,0.06000000000000005,0.010000000000000009,-0.029999999999999805,0.17515371037855795,0.010000000000000009,0
2015-01-20,0.0015487500528914566,-1.0599999999999987,0.040000000000000036,-0.010000000000000009,-0.010000000000000009,-0.010000000000000231,0.1609613670526438,-0.050000000000000044,0
2015-01-21,0.004720491566868823,-1.0399999999999991,0.0,0.050000000000000044,0.0,-0.020000000000000018,0.13778840424560526,0.050000000000000044,0
2015-01-22,0.015154358001382207,-2.450000000000003,0.0,0.029999999999999805,0.0,0.0,0.14741374136365729,0.029999999999999805,0
2015-01-23,-0.0055067369293277935,0.26000000000000156,-0.010000000000000009,-0.08999999999999986,0.0,0.010000000000000231,0.1477772175849383,-0.07999999999999985,0
2015-01-26,0.002565158589374228,-1.1400000000000006,0.020000000000000018,0.020000000000000018,0.0,-0.020000000000000018,0.14796953647829372,0.0,0
2015-01-27,-0.013478269148747835,1.6999999999999993,0.0,0.0,-0.009999999999999995,0.009999999999999787,0.15454116308833712,0.0,1
2015-01-28,-0.013587495823832008,3.2200000000000024,-0.040000000000000036,-0.10000000000000009,0.009999999999999995,0.0,0.15932490158710283,-0.06000000000000005,0
2015-01-29,0.009489534129669686,-1.6799999999999997,0.010000000000000009,0.040000000000000036,-0.009999999999999995,-0.009999999999999787,0.16402293844666038,0.030000000000000027,1
2015-01-30,-0.013077094111243248,2.2099999999999973,-0.040000000000000036,-0.09000000000000008,-0.05,0.029999999999999805,0.16847754098054457,-0.050000000000000044,0
2015-02-02,0.012879177186226443,-1.5399999999999991,0.020000000000000018,0.0,0.06,0.0,0.17310591234925468,-0.020000000000000018,0
2015-02-03,0.014336212205417809,-2.1000000000000014,0.030000000000000027,0.1100000000000001,0.0,0.0,0.18097823959011078,0.08000000000000007,0
2015-02-04,-0.004164697065034417,1.0,0.0,0.020000000000000018,-0.009999999999999995,-0.009999999999999787,0.16920302538091692,0.020000000000000018,0
2015-02-05,0.010238806024834624,-1.4799999999999969,0.0,0.020000000000000018,0.009999999999999995,0.0,0.16878214937696268,0.020000000000000018,0
2015-02-06,-0.003424003889146654,0.4399999999999977,0.13,0.11999999999999988,-0.009999999999999995,-0.050000000000000266,0.16536601214230276,-0.010000000000000231,0
2015-02-09,-0.004256248792301243,1.2600000000000016,0.0,0.010000000000000009,0.009999999999999995,-0.020000000000000018,0.1539658904972612,0.010000000000000231,0
2015-02-10,0.010618932294575778,-1.3200000000000003,0.020000000000000018,0.04999999999999982,0.0,0.0,0.15550684267875906,0.029999999999999805,0
2015-02-11,-2.9005685115990332e-05,-0.2699999999999996,0.0,-0.009999999999999787,0.0,0.0,0.1523107698869686,-0.009999999999999787,0
2015-02-12,0.009598318580950504,-1.620000000000001,-0.06000000000000005,-0.010000000000000009,0.0,0.010000000000000231,0.1545930686970514,0.04999999999999982,0
2015-02-13,0.004066454532854813,-0.6500000000000004,0.050000000000000044,0.030000000000000027,0.0,0.009999999999999787,0.15245398304178437,-0.020000000000000018,0
2015-02-17,0.0015962531949229586,1.1100000000000012,0.039999999999999925,0.1200000000000001,0.0,-0.020000000000000018,0.14686825895817301,0.0800000000000003,0
2015-02-18,-0.00031428422028145775,-0.3500000000000014,-0.07999999999999996,-0.07000000000000028,0.0,0.0,0.14170797968087562,0.009999999999999565,0
2015-02-19,-0.0010626309930072964,-0.16000000000000014,0.050000000000000044,0.040000000000000036,0.0,0.0,0.14206758257876984,-0.009999999999999787,0
2015-02-20,0.006107796303298052,-0.9899999999999984,0.0,0.020000000000000018,0.0,-0.029999999999999805,0.14251591453544418,0.020000000000000018,0
2015-02-23,-0.00030332041294567347,0.2599999999999998,-0.030000000000000027,-0.06999999999999984,-0.009999999999999995,-0.020000000000000018,0.13407153482923448,-0.040000000000000036,0
2015-02-24,0.0027549400403312774,-0.870000000000001,-0.040000000000000036,-0.07000000000000006,0.0,0.010000000000000231,0.13201044451085134,-0.029999999999999805,0
2015-02-25,-0.0007660770140160977,0.15000000000000036,0.010000000000000009,-0.030000000000000027,0.0,0.0,0.13216174380361753,-0.040000000000000036,0
2015-02-26,-0.0014770631857432548,0.07000000000000028,0.050000000000000044,0.06999999999999984,0.0,-0.050000000000000266,0.12135394836269381,0.019999999999999574,0
2015-02-27,-0.0029606876752676925,-0.5700000000000003,-0.030000000000000027,-0.029999999999999805,-0.05,0.020000000000000018,0.10928431154116629,4.440892098500626e-16,0
2015-03-02,0.006106288914288882,-0.3000000000000007,0.030000000000000027,0.08000000000000007,0.06,0.020000000000000018,0.10711559817648264,0.04999999999999982,0
2015-03-03,-0.00454893723637273,0.8200000000000003,0.020000000000000018,0.040000000000000036,0.0,-0.020000000000000018,0.09518701637023447,0.020000000000000018,0
2015-03-04,-0.004398161291420344,0.370000000000001,-0.020000000000000018,0.0,-0.009999999999999995,0.0,0.09041802944199505,0.020000000000000018,0
2015-03-05,0.0011953606197181443,-0.19000000000000128,-0.010000000000000009,-0.010000000000000231,0.0,0.010000000000000231,0.07807025554681779,0.0,0
2015-03-06,-0.014275342485307263,1.1600000000000001,0.07999999999999996,0.13000000000000034,0.009999999999999995,-0.020000000000000018,0.09317178908533663,0.050000000000000266,0
2015-03-09,0.003936699946891942,-0.1399999999999988,-0.030000000000000027,-0.040000000000000036,0.0,0.009999999999999787,0.08741243925790838,-0.010000000000000009,0
2015-03-10,-0.017106870531885754,1.6300000000000008,0.0,-0.06000000000000005,0.0,-0.009999999999999787,0.10584081780998592,-0.06000000000000005,0
2015-03-11,-0.0019194991693254337,0.17999999999999972,0.0,-0.03000000000000025,-0.009999999999999995,0.0,0.10503638182360242,-0.03000000000000025,0
2015-03-12,0.012522721054237351,-1.450000000000001,-0.029999999999999916,-0.009999999999999787,0.0,0.009999999999999787,0.10767009590509777,0.02000000000000024,0
2015-03-13,-0.00609321316658562,0.5800000000000001,0.010000000000000009,0.029999999999999805,0.0,0.010000000000000231,0.10967809426175111,0.019999999999999574,0
2015-03-16,0.013442889619502019,-0.39000000000000057,-0.020000000000000018,-0.029999999999999805,0.009999999999999995,0.009999999999999787,0.11476252685810027,-0.009999999999999787,0
2015-03-17,-0.003325739985624132,0.05000000000000071,0.039999999999999925,-0.040000000000000036,0.0,0.010000000000000231,0.11418249286430193,-0.07999999999999985,0
2015-03-18,0.012085115625505516,-1.6899999999999995,-0.13,-0.13000000000000012,-0.009999999999999995,0.05999999999999961,0.1221343989459259,-2.220446049250313e-16,0
2015-03-19,-0.004884498475311361,0.09999999999999964,0.06000000000000005,0.050000000000000044,0.009999999999999995,-0.04999999999999982,0.12329418414636156,-0.009999999999999787,0
2015-03-20,0.008972345217324929,-1.0500000000000007,-0.030000000000000027,-0.050000000000000044,0.0,0.009999999999999787,0.1272831354219114,-0.020000000000000018,0
2015-03-23,-0.0017471731581739647,0.39000000000000057,0.0,-0.010000000000000009,0.0,0.03000000000000025,0.1256190036417539,-0.010000000000000231,0
2015-03-24,-0.00615838282583514,0.20999999999999908,-0.020000000000000018,-0.040000000000000036,-0.009999999999999995,-0.010000000000000231,0.12734467017880036,-0.020000000000000018,0
2015-03-25,-0.014665950218136103,1.8200000000000003,0.010000000000000009,0.050000000000000044,0.009999999999999995,0.0,0.1358982978201694,0.040000000000000036,0
2015-03-26,-0.00238025955186405,0.3600000000000012,0.020000000000000018,0.07999999999999985,-0.009999999999999995,0.020000000000000018,0.13594221462249023,0.06000000000000005,0
2015-03-27,0.0023657037582935914,-0.7300000000000004,-0.030000000000000027,-0.05999999999999983,0.009999999999999995,-0.020000000000000018,0.13653605958080198,-0.029999999999999805,0
2015-03-30,0.012162396804615838,-0.5600000000000005,0.0,0.010000000000000009,0.0,0.020000000000000018,0.14384318568354268,0.009999999999999787,0
2015-03-31,-0.008834638950921736,0.7799999999999994,-0.019999999999999907,-0.020000000000000018,-0.06,0.0,0.1446177973756581,0.0,0
2015-04-01,-0.003973277701575739,-0.17999999999999972,-0.010000000000000009,-0.06999999999999984,0.06,0.0,0.144459804759215,-0.05999999999999983,0
2015-04-02,0.003523442754391759,-0.4399999999999995,0.0,0.04999999999999982,0.0,0.0,0.14478629465200257,0.04999999999999982,0
2015-04-06,0.006586997425284125,0.07000000000000028,-0.040000000000000036,0.0,0.010000000000000009,0.03000000000000025,0.14687543585741247,0.040000000000000036,0
2015-04-07,-0.002064014011717852,0.03999999999999915,0.010000000000000009,-0.030000000000000027,-0.010000000000000009,-0.020000000000000018,0.1382462311168157,-0.040000000000000036,0
2015-04-08,0.0026790260911058184,-0.7999999999999989,0.020000000000000018,0.030000000000000027,0.0,-0.050000000000000266,0.13787647991325733,0.010000000000000009,0
2015-04-09,0.004447561655731569,-0.8900000000000006,0.020000000000000018,0.050000000000000044,0.0,0.020000000000000018,0.12354097792666066,0.030000000000000027,0
2015-04-10,0.005189316335634686,-0.5099999999999998,0.009999999999999898,-0.010000000000000009,0.0,0.0,0.12381815096530165,-0.019999999999999796,0
2015-04-13,-0.004591746276668474,1.3599999999999994,-0.029999999999999916,-0.020000000000000018,0.010000000000000009,0.010000000000000231,0.1185663769659731,0.009999999999999787,0
2015-04-14,0.001628357652912804,-0.2699999999999996,-0.010000000000000009,-0.040000000000000036,0.0,0.0,0.11605950613535747,-0.030000000000000027,0
2015-04-15,0.005135086608693662,-0.8300000000000001,-0.020000000000000018,0.010000000000000009,0.0,0.0,0.10810936075316872,0.030000000000000027,0
2015-04-16,-0.0007787977466593432,-0.2400000000000002,-0.010000000000000009,-0.010000000000000009,0.0,0.009999999999999787,0.10730744461367211,0.0,0
2015-04-17,-0.011375675981875943,1.290000000000001,0.010000000000000009,-0.029999999999999805,0.0,-0.020000000000000018,0.10671776225513252,-0.039999999999999813,0
2015-04-20,0.009192762234206953,-0.5899999999999999,0.040000000000000036,0.029999999999999805,0.0,0.020000000000000018,0.11037210590730606,-0.010000000000000231,0
2015-04-21,-0.0014817676241145605,-0.05000000000000071,0.0,0.020000000000000018,0.0,-0.009999999999999787,0.10581308235360683,0.020000000000000018,0
2015-04-22,0.005074620009561492,-0.5399999999999991,0.019999999999999907,0.07000000000000006,0.0,-0.010000000000000231,0.10722211011331907,0.050000000000000044,0
2015-04-23,0.002354954664484765,-0.23000000000000043,-0.019999999999999907,-0.030000000000000027,0.0,0.010000000000000231,0.10501398840030919,-0.010000000000000009,0
2015-04-24,0.0022502621405813272,-0.19000000000000128,-0.010000000000000009,-0.030000000000000027,0.0,0.020000000000000018,0.0894593502214937,-0.020000000000000018,0
2015-04-27,-0.00414990386441616,0.8300000000000001,0.0,0.010000000000000009,0.0,-0.020000000000000018,0.09057744489486025,0.010000000000000009,0
2015-04-28,0.0027653627744772535,-0.7099999999999991,0.020000000000000018,0.06000000000000005,0.0,0.009999999999999787,0.09065243001019928,0.040000000000000036,0
2015-04-29,-0.0037473898615125734,0.9800000000000004,0.0,0.06000000000000005,0.0,0.03000000000000025,0.08288858674556562,0.06000000000000005,0
2015-04-30,-0.010180511364075606,1.1600000000000001,0.019999999999999907,-0.010000000000000231,-0.05,0.020000000000000018,0.0848985662081007,-0.03000000000000025,0
2015-05-01,0.010863762718013703,-1.8500000000000014,0.020000000000000018,0.07000000000000028,0.05,0.009999999999999787,0.0906243487425632,0.050000000000000266,0
2015-05-04,0.00293645629424244,0.15000000000000036,0.0,0.040000000000000036,0.0,0.0,0.09045007286284973,0.040000000000000036,0
2015-05-05,-0.011907989281938036,1.4600000000000009,0.020000000000000018,0.029999999999999805,0.0,0.010000000000000231,0.09859278908337109,0.009999999999999787,0
2015-05-06,-0.004465652889218852,0.8399999999999999,0.030000000000000027,0.06000000000000005,0.0,0.020000000000000018,0.09963376973211546,0.03000000000000025,0
2015-05-07,0.0037666635227395773,-0.019999999999999574,-0.020000000000000018,-0.06999999999999984,0.0,0.0,0.10006054419839536,-0.04999999999999982,0
2015-05-08,0.013368101838196367,-2.2700000000000014,-0.040000000000000036,-0.020000000000000018,0.0,0.009999999999999787,0.10924974720464944,0.020000000000000018,0
2015-05-11,-0.005102547415113179,0.9900000000000002,0.030000000000000027,0.11999999999999966,0.0,0.010000000000000231,0.10957648503681039,0.08999999999999941,0
2015-05-12,-0.0029540151581350926,0.009999999999999787,-0.010000000000000009,0.0,0.0,-0.010000000000000231,0.1088422346114001,0.010000000000000231,0
2015-05-13,-0.0003049361563558506,-0.09999999999999964,-0.020000000000000018,-0.009999999999999787,0.0,0.06000000000000005,0.10871778687663108,0.010000000000000231,0
2015-05-14,0.010721548914049528,-1.0199999999999996,-0.029999999999999916,-0.040000000000000036,0.0,0.03000000000000025,0.1136157230011228,-0.010000000000000231,0
2015-05-15,0.0007681740692504491,-0.35999999999999943,-0.010000000000000009,-0.08999999999999986,0.0,-0.020000000000000018,0.11355255244639738,-0.07999999999999985,0
2015-05-18,0.0030433262041809073,0.34999999999999964,0.029999999999999916,0.08999999999999986,0.0,0.009999999999999787,0.10540593483182771,0.05999999999999983,0
2015-05-19,-0.0006436412462660357,0.11999999999999922,0.050000000000000044,0.040000000000000036,-0.010000000000000009,-0.020000000000000018,0.10130176977735711,-0.009999999999999787,0
2015-05-20,-0.0009309586724919328,0.030000000000001137,-0.030000000000000027,-0.010000000000000231,0.0,0.020000000000000018,0.10117581591045269,0.019999999999999574,0
2015-05-21,0.002335159764998984,-0.7700000000000014,0.0,-0.06999999999999984,0.0,0.020000000000000018,0.10010365525308496,-0.06999999999999984,0
2015-05-22,-0.002236380628013457,0.02000000000000135,0.040000000000000036,0.020000000000000018,0.010000000000000009,-0.009999999999999787,0.10030285038315366,-0.020000000000000018,0
2015-05-26,-0.010335154142642189,1.9299999999999997,0.0,-0.06999999999999984,-0.010000000000000009,-0.010000000000000231,0.1064953348205906,-0.06999999999999984,0
2015-05-27,0.00912090492178752,-0.7900000000000009,0.0,0.0,0.0,-0.020000000000000018,0.11031123520088774,0.0,0
2015-05-28,-0.0012675915340860655,0.040000000000000924,-0.020000000000000018,-0.010000000000000231,0.0,0.040000000000000036,0.1100726925443376,0.009999999999999787,0
2015-05-29,-0.006338445791358893,0.5299999999999994,-0.010000000000000009,-0.009999999999999787,-0.039999999999999994,-0.029999999999999805,0.1115800069929881,4.440892098500626e-16,0
2015-06-01,0.002057301774185838,0.13000000000000078,0.030000000000000027,0.06999999999999984,0.039999999999999994,0.029999999999999805,0.10537507292353811,0.03999999999999959,0
2015-06-02,-0.001009160705638834,0.2699999999999996,0.0,0.08000000000000007,0.0,0.0,0.09860577484517062,0.08000000000000007,0
2015-06-03,0.0021166434256780775,-0.5800000000000001,0.04999999999999993,0.10999999999999988,0.010000000000000009,-0.029999999999999805,0.0983418016444934,0.06000000000000005,0
2015-06-04,-0.00866057181541624,1.0500000000000007,-0.029999999999999916,-0.06999999999999984,0.0,0.0,0.0939358470297767,-0.040000000000000036,0
2015-06-05,-0.0014372106268174534,-0.5,0.06999999999999995,0.10000000000000009,0.0,-0.03000000000000025,0.09263971714297799,0.03000000000000025,0
2015-06-08,-0.006495537098383686,1.0799999999999983,-0.030000000000000027,-0.020000000000000018,0.0,0.010000000000000231,0.09458658322427507,0.010000000000000009,0
2015-06-09,0.0004183265556516602,-0.8199999999999985,0.020000000000000018,0.029999999999999805,0.0,0.029999999999999805,0.08081755759271382,0.009999999999999787,0
2015-06-10,0.011970467999834256,-1.25,0.030000000000000027,0.08000000000000007,0.0,-0.029999999999999805,0.09047133509763516,0.050000000000000044,0
2015-06-11,0.0017370426241116732,-0.370000000000001,-0.020000000000000018,-0.10999999999999988,0.0,0.009999999999999787,0.09000152483570678,-0.08999999999999986,0
2015-06-12,-0.0070188750118900245,0.9299999999999997,0.010000000000000009,0.0,0.0,-0.009999999999999787,0.09343493871238401,-0.010000000000000009,0
2015-06-15,-0.00463320552938562,1.6100000000000012,-0.020000000000000018,-0.03000000000000025,0.0,0.029999999999999805,0.0858621258916843,-0.010000000000000231,0
2015-06-16,0.005673679086405592,-0.5800000000000001,-0.010000000000000009,-0.040000000000000036,0.010000000000000009,0.010000000000000231,0.0886492634368647,-0.030000000000000027,0
2015-06-17,0.0019777309251249875,-0.3100000000000005,-0.039999999999999925,0.0,0.0,0.019999999999999574,0.08817351151669152,0.040000000000000036,0
2015-06-18,0.009853976761801775,-1.3100000000000005,-0.010000000000000009,0.03000000000000025,0.0,0.06000000000000005,0.09538350812587183,0.040000000000000036,0
2015-06-19,-0.00531761521340357,0.7700000000000014,-0.010000000000000009,-0.0900000000000003,-0.010000000000000009,0.0,0.09703355196170012,-0.08000000000000007,0
2015-06-22,0.006076317350837357,-1.2200000000000006,0.030000000000000027,0.11000000000000032,0.0,-0.009999999999999787,0.09918284346827354,0.08000000000000007,0
2015-06-23,0.0006357354142130234,-0.6300000000000008,0.019999999999999907,0.04999999999999982,0.0,0.009999999999999787,0.09893066870862405,0.030000000000000027,0
2015-06-24,-0.0073805257559005355,1.1500000000000004,-0.019999999999999907,-0.040000000000000036,0.0,-0.009999999999999787,0.09552809831514873,-0.02000000000000024,0
2015-06-25,-0.0029779949767227976,0.75,0.0,0.020000000000000018,0.0,-0.010000000000000231,0.09017491116718948,0.020000000000000018,0
2015-06-26,-0.00039012322679532474,0.009999999999999787,0.039999999999999925,0.0900000000000003,0.0,0.010000000000000231,0.09012921245401433,0.05000000000000049,0
2015-06-29,-0.02108692194926043,4.830000000000002,-0.07999999999999996,-0.16000000000000014,0.010000000000000009,0.029999999999999805,0.11369892244805035,-0.0800000000000003,0
2015-06-30,0.002654858078183331,-0.620000000000001,0.0,0.020000000000000018,-0.06000000000000001,-0.009999999999999787,0.11392910373173308,0.020000000000000018,0
2015-07-01,0.006912186109313545,-2.1400000000000006,0.04999999999999993,0.08000000000000007,0.05,0.0,0.11727225116372943,0.03000000000000025,0
2015-07-02,-0.00030812190316442667,0.6999999999999993,-0.04999999999999993,-0.03000000000000025,0.0,0.029999999999999805,0.1168300992763315,0.019999999999999574,0
2015-07-06,-0.0038692233125443565,0.22000000000000242,-0.040000000000000036,-0.10000000000000009,0.0,-0.020000000000000018,0.11393587730423514,-0.06000000000000005,0
2015-07-07,0.006062523086487026,-0.9200000000000017,-0.020000000000000018,-0.029999999999999805,0.0,0.0,0.11619704897184284,-0.009999999999999787,0
2015-07-08,-0.016792948927196072,3.5700000000000003,-0.029999999999999916,-0.04999999999999982,0.0,0.03000000000000025,0.12803016840844855,-0.019999999999999796,0
2015-07-09,0.0022596453237140324,0.3099999999999987,0.04999999999999993,0.09999999999999964,0.0,0.009999999999999787,0.12840069214822475,0.0499999999999996,0
2015-07-10,0.012262958517226252,-3.1400000000000006,0.050000000000000044,0.10000000000000009,0.0,0.020000000000000018,0.12876682842180368,0.050000000000000266,0
2015-07-13,0.011005278427365539,-2.929999999999998,0.039999999999999925,0.020000000000000018,0.0,-0.020000000000000018,0.13479401045662234,-0.020000000000000018,0
2015-07-14,0.004443342901147673,-0.5300000000000011,-0.029999999999999916,-0.029999999999999805,0.0,0.03000000000000025,0.1333385051766091,0.0,0
2015-07-15,-0.0007352331138648083,-0.1399999999999988,-0.020000000000000018,-0.050000000000000266,0.0,0.0,0.13218676804762575,-0.03000000000000025,0
2015-07-16,0.00798266871629405,-1.120000000000001,0.030000000000000027,0.0,0.010000000000000009,-0.03000000000000025,0.1335555467967208,-0.029999999999999805,0
2015-07-17,0.0011056405254352697,-0.16000000000000014,0.010000000000000009,-0.020000000000000018,-0.010000000000000009,-0.009999999999999787,0.13347895802675872,-0.03000000000000025,0
2015-07-20,0.0007708723459964872,0.3000000000000007,0.029999999999999916,0.040000000000000036,0.010000000000000009,-0.010000000000000231,0.12917532594692707,0.010000000000000231,0
2015-07-21,-0.004270764044630226,-0.02999999999999936,0.0,-0.029999999999999805,-0.010000000000000009,0.010000000000000231,0.12866612295996607,-0.029999999999999805,0
2015-07-22,-0.00239053726103311,-0.10000000000000142,0.040000000000000036,-0.020000000000000018,0.0,-0.020000000000000018,0.12713398907998305,-0.06000000000000005,0
2015-07-23,-0.0056922099476963695,0.5200000000000014,-0.040000000000000036,-0.050000000000000266,0.0,0.0,0.12849515392160843,-0.010000000000000231,0
2015-07-24,-0.010761020194054893,1.0999999999999996,-0.010000000000000009,-0.009999999999999787,0.0,0.020000000000000018,0.13128040243338915,2.220446049250313e-16,0
2015-07-27,-0.005791750069227497,1.8599999999999994,-0.019999999999999907,-0.040000000000000036,0.010000000000000009,0.029999999999999805,0.13226512543111116,-0.02000000000000024,0
2015-07-28,0.012310021848030317,-2.16,0.009999999999999898,0.029999999999999805,0.0,0.010000000000000231,0.1398504851099584,0.020000000000000018,0
2015-07-29,0.007292110507604477,-0.9399999999999995,0.010000000000000009,0.03000000000000025,0.0,-0.010000000000000231,0.1194823755509177,0.02000000000000024,0
2015-07-30,2.8454898986396415e-05,-0.3699999999999992,0.020000000000000018,-0.010000000000000231,0.0,-0.020000000000000018,0.11941591544056016,-0.03000000000000025,0
2015-07-31,-0.002274201152523858,-0.010000000000001563,-0.04999999999999993,-0.07999999999999963,-0.06000000000000001,0.06000000000000005,0.1179545108177924,-0.029999999999999583,0
2015-08-03,-0.0027606707871852265,0.4400000000000013,0.010000000000000009,-0.040000000000000036,0.06000000000000001,-0.020000000000000018,0.1184976064614443,-0.050000000000000266,0
2015-08-04,-0.0022522532043254273,0.4399999999999995,0.05999999999999994,0.06999999999999984,0.0,-0.040000000000000036,0.1178797419944882,0.010000000000000009,0
2015-08-05,0.0031098289855844286,-0.4900000000000002,-0.010000000000000009,0.04999999999999982,0.0,0.020000000000000018,0.116580323486744,0.05999999999999983,0
2015-08-06,-0.007783182188635607,1.2599999999999998,-0.020000000000000018,-0.04999999999999982,0.0,0.020000000000000018,0.1032309702201259,-0.029999999999999805,0
2015-08-07,-0.002879027637921361,-0.379999999999999,0.020000000000000018,-0.04999999999999982,0.0,-0.009999999999999787,0.10387982881815817,-0.06999999999999984,0
2015-08-10,0.012726901022967141,-1.1600000000000001,0.0,0.06000000000000005,0.0,0.020000000000000018,0.10454611661900723,0.06000000000000005,0
2015-08-11,-0.009603129968501989,1.4800000000000004,-0.04999999999999993,-0.0900000000000003,0.009999999999999981,0.009999999999999787,0.10313595200228703,-0.04000000000000048,0
2015-08-12,0.0009496130321391405,-0.10000000000000142,-0.010000000000000009,-0.009999999999999787,0.0,0.03000000000000025,0.10178984278636759,4.440892098500626e-16,0
2015-08-13,-0.0012759509003057445,-0.11999999999999922,0.04999999999999993,0.04999999999999982,0.0,0.009999999999999787,0.10182148482585145,-2.220446049250313e-16,0
2015-08-14,0.003904262036830808,-0.6600000000000001,0.010000000000000009,0.010000000000000231,-0.009999999999999981,-0.009999999999999787,0.0984414074951564,2.220446049250313e-16,0
2015-08-17,0.005197938255236956,0.1899999999999995,-0.010000000000000009,-0.040000000000000036,0.009999999999999981,0.0,0.10040912355330828,-0.030000000000000027,0
2015-08-18,-0.002628973548011615,0.7699999999999996,0.020000000000000018,0.040000000000000036,0.0,0.03999999999999959,0.1005383605009834,0.020000000000000018,0
2015-08-19,-0.008289225321439275,1.4600000000000009,-0.06999999999999995,-0.08000000000000007,0.0,0.050000000000000266,0.10326003840055112,-0.010000000000000009,0
2015-08-20,-0.02132589920510597,3.8900000000000006,0.019999999999999907,-0.03000000000000025,0.0,-0.020000000000000018,0.12520899625629064,-0.050000000000000266,1
2015-08-21,-0.03236925954849923,8.89,-0.04999999999999993,-0.040000000000000036,0.0,0.06000000000000005,0.16381058670578066,0.009999999999999787,1
2015-08-24,-0.04021141628117597,12.71,-0.050000000000000044,-0.040000000000000036,0.0,0.040000000000000036,0.20724265358318328,0.010000000000000231,1
2015-08-25,-0.013614262532188448,-4.719999999999999,0.08000000000000007,0.11000000000000032,0.0,0.029999999999999805,0.2096278775305837,0.03000000000000025,1
2015-08-26,0.038291286558614246,-5.700000000000003,0.0,0.06000000000000005,-0.009999999999999981,0.03000000000000025,0.2515474804445528,0.06000000000000005,1
2015-08-27,0.02400724232625162,-4.219999999999999,0.010000000000000009,0.0,0.0,-0.050000000000000266,0.26687117217750883,-0.010000000000000231,1
2015-08-28,0.000608570807886899,-0.05000000000000071,0.039999999999999925,0.009999999999999787,0.0,-0.020000000000000018,0.2669565232138214,-0.030000000000000027,1
2015-08-31,-0.008427108353349588,2.379999999999999,0.020000000000000018,0.020000000000000018,-0.06000000000000001,0.020000000000000018,0.2676583285780103,0.0,1
2015-09-01,-0.030022609851612536,2.969999999999999,-0.040000000000000036,-0.040000000000000036,0.06000000000000001,0.03000000000000025,0.2834465907973737,0.0,1
2015-09-02,0.018127666183109348,-5.309999999999999,0.020000000000000018,0.03000000000000025,0.0,-0.010000000000000231,0.2939668956664758,0.010000000000000231,1
2015-09-03,0.0011641056804494454,-0.4800000000000004,-0.010000000000000009,-0.020000000000000018,0.0,0.0,0.2935004688049812,-0.010000000000000009,1
2015-09-04,-0.015448291002620351,2.1900000000000013,0.0,-0.050000000000000266,0.0,-0.020000000000000018,0.29610023951494285,-0.050000000000000266,1
2015-09-08,0.02477360459264588,-2.900000000000002,0.030000000000000027,0.07000000000000028,0.0,0.010000000000000231,0.3123089271233723,0.04000000000000026,1
2015-09-09,-0.013995038527950143,1.3300000000000018,0.010000000000000009,0.009999999999999787,0.0,-0.06000000000000005,0.30954964377978483,-2.220446049250313e-16,1
2015-09-10,0.005264075550540426,-1.8599999999999994,0.0,0.020000000000000018,0.0,0.020000000000000018,0.3103322836271802,0.020000000000000018,1
2015-09-11,0.004477001554570315,-1.1700000000000017,-0.040000000000000036,-0.029999999999999805,0.0,-0.010000000000000231,0.3111532365372417,0.010000000000000231,1
2015-09-14,-0.004098031324804019,1.0500000000000007,0.020000000000000018,-0.020000000000000018,0.0,0.020000000000000018,0.31111635763110207,-0.040000000000000036,1
2015-09-15,0.012749719911298918,-1.7100000000000009,0.08999999999999997,0.09999999999999964,0.0,0.03000000000000025,0.3151006624196986,0.009999999999999787,1
2015-09-16,0.008667694070502385,-1.1899999999999977,0.0,0.020000000000000018,0.0,-0.010000000000000231,0.3164168134358996,0.020000000000000018,1
2015-09-17,-0.00256429054254248,-0.21000000000000085,-0.12,-0.08999999999999986,0.0,0.03000000000000025,0.3164165359351391,0.030000000000000027,1
2015-09-18,-0.016296270451087835,1.1400000000000006,-0.010000000000000009,-0.08000000000000007,0.0,-0.03000000000000025,0.3194674701439202,-0.07000000000000006,1
2015-09-21,0.004555421890515277,-2.1400000000000006,0.030000000000000027,0.07000000000000028,0.0,0.040000000000000036,0.3131446695934398,0.04000000000000026,1
2015-09-22,-0.012394939887069079,2.3000000000000007,-0.030000000000000027,-0.06000000000000005,0.0,-0.040000000000000036,0.2955971784511802,-0.030000000000000027,1
2015-09-23,-0.0020507542933687617,-0.3100000000000023,0.010000000000000009,0.020000000000000018,0.0,0.0,0.2585382739296561,0.010000000000000009,1
2015-09-24,-0.0033686417802165636,1.3399999999999999,-0.029999999999999916,-0.03000000000000025,0.0,0.010000000000000231,0.25356329669781724,-2.220446049250313e-16,1
2015-09-25,-0.00046588915786838214,0.15000000000000213,0.029999999999999916,0.040000000000000036,-0.010000000000000009,0.029999999999999805,0.21564704068875237,0.010000000000000009,1
2015-09-28,-0.026001239239395346,4.009999999999998,-0.029999999999999916,-0.06999999999999984,0.0,0.020000000000000018,0.21441854957870438,-0.039999999999999813,1
2015-09-29,0.0012321224333904368,-0.8000000000000007,-0.030000000000000027,-0.050000000000000266,0.0,0.04999999999999982,0.21454721336842422,-0.020000000000000462,1
2015-09-30,0.018895865203797158,-2.3299999999999983,0.0,0.010000000000000231,-0.06,0.03000000000000025,0.22574581250169692,0.010000000000000231,1
2015-10-01,0.001971981855787064,-1.9499999999999993,0.0,-0.010000000000000231,0.06,0.020000000000000018,0.20016936503226646,-0.010000000000000231,1
2015-10-02,0.014213772604289687,-1.6099999999999994,-0.06000000000000005,-0.05999999999999983,0.0,0.029999999999999805,0.1961837580080071,4.440892098500626e-16,0
2015-10-05,0.018124561438544795,-1.4000000000000021,0.030000000000000027,0.07999999999999985,0.0,-0.009999999999999787,0.20594028965858954,0.04999999999999982,0
2015-10-06,-0.0035946869664682524,-0.14000000000000057,0.0,-0.020000000000000018,0.0,-0.010000000000000231,0.1980490848982984,-0.020000000000000018,0
2015-10-07,0.008003564071616509,-1.0,0.040000000000000036,0.03000000000000025,0.0,-0.04999999999999982,0.18092665805954153,-0.009999999999999787,0
2015-10-08,0.008779731449656936,-0.9799999999999969,0.0,0.040000000000000036,0.0,0.009999999999999787,0.17482119485194098,0.040000000000000036,0
2015-10-09,0.0007248679667588576,-0.3400000000000034,0.0,0.0,0.0,-0.020000000000000018,0.1743679972227515,0.0,0
2015-10-12,0.001274691109643733,-0.9099999999999966,0.0,0.0,0.0,0.0,0.17403233547226182,0.0,0
2015-10-13,-0.006848813809422261,1.5,-0.010000000000000009,-0.06000000000000005,0.0,0.020000000000000018,0.17537315066615147,-0.050000000000000266,0
2015-10-14,-0.004727455257945934,0.35999999999999943,-0.07000000000000006,-0.07000000000000006,0.0,0.03000000000000025,0.17129782598788998,0.0,0
2015-10-15,0.014743553692309952,-1.9800000000000004,0.040000000000000036,0.050000000000000044,0.0,-0.020000000000000018,0.1762208204701225,0.010000000000000231,0
2015-10-16,0.004560061340766808,-1.0,0.0,0.0,0.0,-0.010000000000000231,0.1762980931710756,0.0,0
2015-10-19,0.00027048493195014345,-0.07000000000000028,0.0,0.0,0.0,0.020000000000000018,0.16476355867536988,0.0,0
2015-10-20,-0.0014220938665685523,0.7699999999999996,0.050000000000000044,0.040000000000000036,0.0,-0.009999999999999787,0.1648072961403185,-0.010000000000000231,0
2015-10-21,-0.005842410271440279,0.9499999999999993,-0.020000000000000018,-0.040000000000000036,0.0,-0.010000000000000231,0.15930781443708372,-0.020000000000000018,0
2015-10-22,0.016490813232663548,-2.25,-0.030000000000000027,0.0,-0.010000000000000009,-0.020000000000000018,0.16640378865647298,0.03000000000000025,0
2015-10-23,0.010970005786789194,0.010000000000001563,0.050000000000000044,0.04999999999999982,0.0,-0.029999999999999805,0.1672099257209959,-4.440892098500626e-16,0
2015-10-26,-0.0019149470559138848,0.8299999999999983,0.0,-0.020000000000000018,0.0,-0.009999999999999787,0.16770642032329514,-0.020000000000000018,0
2015-10-27,-0.002557366872257383,0.14000000000000057,-0.010000000000000009,-0.020000000000000018,0.0,0.029999999999999805,0.1318827937095863,-0.009999999999999787,0
2015-10-28,0.011770389772620682,-1.0999999999999996,0.07999999999999996,0.050000000000000266,0.0,-0.04999999999999982,0.1336879379316819,-0.029999999999999805,0
2015-10-29,-0.0004497865982004967,0.27999999999999936,0.020000000000000018,0.08999999999999986,0.0,0.009999999999999787,0.12475290973999643,0.06999999999999984,0
2015-10-30,-0.004821575414258206,0.46000000000000085,0.0,-0.029999999999999805,-0.04999999999999999,-0.020000000000000018,0.12833050757032988,-0.029999999999999805,0
2015-11-02,0.011803904793109332,-0.9199999999999999,0.020000000000000018,0.040000000000000036,0.04999999999999999,-0.009999999999999787,0.12609543320131536,0.020000000000000018,0
2015-11-03,0.0027243576169233563,0.3899999999999988,0.030000000000000027,0.029999999999999805,0.0,0.009999999999999787,0.11447460861144931,-2.220446049250313e-16,0
2015-11-04,-0.003551676295898254,0.9700000000000006,0.039999999999999925,0.020000000000000018,0.0,-0.029999999999999805,0.1144441720435404,-0.019999999999999796,0
2015-11-05,-0.0011327293322027643,-0.4599999999999991,0.010000000000000009,0.009999999999999787,0.0,0.020000000000000018,0.11363991651047552,-4.440892098500626e-16,0
2015-11-06,-0.00034769107284304823,-0.7200000000000006,0.050000000000000044,0.08000000000000007,0.0,-0.010000000000000231,0.11158495947004274,0.03000000000000025,0
2015-11-09,-0.009871351502606984,2.1899999999999995,-0.010000000000000009,0.020000000000000018,0.0,-0.020000000000000018,0.1188925969579951,0.029999999999999805,0
2015-11-10,0.0015095068126029787,-1.2300000000000004,-0.020000000000000018,-0.040000000000000036,0.0,0.03000000000000025,0.1188902225276344,-0.020000000000000018,0
2015-11-11,-0.003233321394967348,0.7699999999999996,0.0,0.0,0.0,0.0,0.11632588237325676,0.0,0
2015-11-12,-0.014089149017324054,2.3100000000000023,0.020000000000000018,0.0,0.0,0.009999999999999787,0.12685245135866177,-0.020000000000000018,1
2015-11-13,-0.01127067406027571,1.7099999999999973,-0.030000000000000027,-0.040000000000000036,0.0,0.010000000000000231,0.12388139417380387,-0.009999999999999787,0
2015-11-16,0.014793350640956326,-1.9199999999999982,0.020000000000000018,-0.009999999999999787,0.010000000000000009,0.040000000000000036,0.13335727325339136,-0.029999999999999805,0
2015-11-17,-0.001340276979972188,0.6799999999999997,-0.020000000000000018,-0.020000000000000018,0.0,-0.010000000000000231,0.13350398656749832,0.0,0
2015-11-18,0.016033163805428075,-1.9899999999999984,0.040000000000000036,0.020000000000000018,-0.010000000000000009,-0.020000000000000018,0.1438119780623584,-0.020000000000000018,0
2015-11-19,-0.001123698141205054,0.13999999999999702,0.010000000000000009,-0.029999999999999805,0.0,-0.009999999999999787,0.14180613652637777,-0.040000000000000036,0
2015-11-20,0.003802987983169359,-1.5199999999999978,0.020000000000000018,0.019999999999999574,0.0,0.0,0.13126617793825884,-4.440892098500626e-16,0
2015-11-23,-0.001235703358572593,0.14999999999999858,0.009999999999999898,-0.009999999999999787,0.0,-0.010000000000000231,0.12610973025847547,-0.019999999999999574,0
2015-11-24,0.0012213434858008299,0.3100000000000005,-0.009999999999999898,-0.009999999999999787,0.0,0.010000000000000231,0.12589544092746077,0.0,0
2015-11-25,-0.00012924813505765798,-0.7400000000000002,0.0,-0.010000000000000231,0.0,0.009999999999999787,0.125454263491306,-0.010000000000000231,0
2015-11-27,0.0005934462650651895,-0.07000000000000028,-0.010000000000000009,-0.009999999999999787,0.0,0.010000000000000231,0.11862122054626059,4.440892098500626e-16,0
2015-11-30,-0.00465170649751645,1.0099999999999998,0.019999999999999907,-0.010000000000000231,-0.039999999999999994,-0.020000000000000018,0.11970762612309235,-0.03000000000000025,0
2015-12-01,0.010623952433730821,-1.459999999999999,-0.029999999999999916,-0.06000000000000005,0.05,0.009999999999999787,0.1240806516707525,-0.03000000000000025,0
2015-12-02,-0.011056653069340783,1.2400000000000002,0.029999999999999916,0.03000000000000025,0.0,-0.040000000000000036,0.12317668922860835,4.440892098500626e-16,0
2015-12-03,-0.014477878923262466,2.1999999999999993,0.020000000000000018,0.1499999999999999,0.0,0.010000000000000231,0.1315307026720146,0.1299999999999999,0
2015-12-04,0.020317941551717844,-3.299999999999999,0.0,-0.050000000000000266,0.0,-0.03000000000000025,0.15109539271712796,-0.050000000000000266,0
2015-12-07,-0.007014104884477845,1.0299999999999994,-0.020000000000000018,-0.04999999999999982,0.0,0.0,0.15289553467138883,-0.029999999999999805,0
2015-12-08,-0.006511062305277093,1.7600000000000016,0.0,0.010000000000000231,0.0,0.040000000000000036,0.1542917276194303,0.010000000000000231,0
2015-12-09,-0.007769041389937392,2.009999999999998,-0.009999999999999898,-0.020000000000000018,0.010000000000000009,-0.009999999999999787,0.15290248387327754,-0.010000000000000231,0
2015-12-10,0.0022488637110527065,-0.2699999999999996,0.019999999999999907,0.020000000000000018,0.0,0.009999999999999787,0.1530593631813973,2.220446049250313e-16,1
2015-12-11,-0.019613874846503343,5.050000000000001,-0.06999999999999995,-0.11000000000000032,0.0,0.050000000000000266,0.16643698738289073,-0.04000000000000026,1
2015-12-14,0.004744314616645262,-1.6600000000000001,0.08999999999999997,0.10000000000000009,0.009999999999999981,-0.010000000000000231,0.16113210944870637,0.010000000000000009,1
2015-12-15,0.010562534400150092,-1.7800000000000011,0.010000000000000009,0.04999999999999982,0.0,-0.020000000000000018,0.16059973488723697,0.039999999999999813,0
2015-12-16,0.014410619402612568,-3.09,0.040000000000000036,0.020000000000000018,0.0,0.0,0.16017476291250923,-0.020000000000000018,0
2015-12-17,-0.015154750834889263,1.0800000000000018,-0.020000000000000018,-0.05999999999999961,0.22,0.0,0.1690335844997165,-0.03999999999999959,1
2015-12-18,-0.01795751217964714,1.759999999999998,-0.030000000000000027,-0.050000000000000266,0.0,0.040000000000000036,0.16891672369139268,-0.02000000000000024,0
2015-12-21,0.007748318994364567,-2.0,-0.010000000000000009,0.010000000000000231,-0.010000000000000009,0.020000000000000018,0.17214106674208224,0.02000000000000024,0
2015-12-22,0.008778122039329261,-2.099999999999998,0.030000000000000027,0.040000000000000036,0.0,-0.010000000000000231,0.1748750207846306,0.010000000000000009,0
2015-12-23,0.012341563236114794,-1.0300000000000011,0.020000000000000018,0.029999999999999805,0.0,0.0,0.1810161854612915,0.009999999999999787,0
2015-12-24,-0.0015998917425745773,0.16999999999999993,0.020000000000000018,-0.020000000000000018,0.0,-0.03999999999999959,0.1809396691515063,-0.040000000000000036,0
2015-12-28,-0.0021809411946236423,1.17,0.020000000000000018,-0.009999999999999787,0.0,-0.010000000000000231,0.18100541328481137,-0.029999999999999805,0
2015-12-29,0.01057361248714006,-0.8300000000000018,0.040000000000000036,0.07999999999999963,0.0,0.010000000000000231,0.18518773524179905,0.03999999999999959,0
2015-12-30,-0.007243399159519548,1.2100000000000009,-0.010000000000000009,-0.009999999999999787,-0.010000000000000009,0.009999999999999787,0.18617565012306633,2.220446049250313e-16,0
2015-12-31,-0.009456404312784272,0.9200000000000017,-0.020000000000000018,-0.040000000000000036,-0.14999999999999997,0.0,0.1841894134932918,-0.020000000000000018,1
2016-01-04,-0.015422087447211297,2.4899999999999984,-0.040000000000000036,-0.029999999999999805,0.15999999999999998,0.010000000000000231,0.18767646212454742,0.010000000000000231,0
2016-01-05,0.0020102404911241933,-1.3599999999999994,0.020000000000000018,0.009999999999999787,0.0,0.009999999999999787,0.18197715304285755,-0.010000000000000231,1
2016-01-06,-0.013202187278753108,1.25,-0.050000000000000044,-0.06999999999999984,0.0,0.009999999999999787,0.1696615874513234,-0.019999999999999796,1
2016-01-07,-0.02398579402225831,4.399999999999999,-0.030000000000000027,-0.020000000000000018,0.0,0.020000000000000018,0.1850108536951536,0.010000000000000009,1
2016-01-08,-0.010897570278898705,2.020000000000003,-0.020000000000000018,-0.03000000000000025,0.0,0.03000000000000025,0.18662438737712828,-0.010000000000000231,1
2016-01-11,0.0008529006939781425,-2.710000000000001,0.0,0.040000000000000036,0.0,-0.010000000000000231,0.1864617355966224,0.040000000000000036,1
2016-01-12,0.007772509257391036,-1.8300000000000018,-0.009999999999999898,-0.04999999999999982,0.0,-0.009999999999999787,0.18937010598294668,-0.040000000000000036,1
2016-01-13,-0.025282362871704045,2.75,-0.020000000000000018,-0.040000000000000036,0.0,-0.010000000000000231,0.19662451900673167,-0.020000000000000018,1
2016-01-14,0.016558094217956842,-1.2699999999999996,-0.010000000000000009,0.020000000000000018,0.0,0.08000000000000007,0.20648410672262005,0.03000000000000025,1
2016-01-15,-0.021835767111975102,3.0700000000000003,-0.050000000000000044,-0.07000000000000028,0.0,0.020000000000000018,0.21126721228073955,-0.020000000000000462,1
2016-01-19,0.000531680175005711,-0.9699999999999989,0.030000000000000027,0.03000000000000025,0.0,-0.029999999999999805,0.20129583310765478,4.440892098500626e-16,1
2016-01-20,-0.011762765749513626,1.5399999999999991,-0.030000000000000027,-0.050000000000000266,0.010000000000000009,0.04999999999999982,0.1993933755854913,-0.020000000000000462,1
2016-01-21,0.0051819702260038625,-0.8999999999999986,-0.010000000000000009,0.010000000000000231,0.0,0.050000000000000266,0.1957353693198579,0.020000000000000462,1
2016-01-22,0.020080708854120388,-4.350000000000001,0.040000000000000036,0.04999999999999982,0.010000000000000009,-0.03000000000000025,0.2087797900165514,0.009999999999999787,1
2016-01-25,-0.015761508958281212,1.8099999999999987,0.0,-0.040000000000000036,0.0,0.020000000000000018,0.20898195054955157,-0.040000000000000036,1
2016-01-26,0.01404521185383878,-1.6499999999999986,-0.030000000000000027,-0.020000000000000018,0.0,0.020000000000000018,0.21073029706418714,0.009999999999999787,1
2016-01-27,-0.010922893803811284,0.6099999999999994,-0.010000000000000009,0.010000000000000231,0.0,0.0,0.21194266911659077,0.020000000000000462,1
2016-01-28,0.00551333252261621,-0.6899999999999977,-0.010000000000000009,-0.020000000000000018,0.0,0.020000000000000018,0.21457265724980745,-0.010000000000000231,1
2016-01-29,0.02445864829102007,-2.2200000000000024,-0.06999999999999995,-0.06000000000000005,-0.09000000000000002,0.0,0.23115331004255532,0.010000000000000009,0
2016-02-01,-0.00044334239646470763,-0.21999999999999886,0.050000000000000044,0.030000000000000027,0.09000000000000002,0.010000000000000231,0.23088232889676713,-0.020000000000000018,1
2016-02-02,-0.01892098159537081,2.0,-0.06000000000000005,-0.09999999999999987,0.0,0.0,0.2365020427584113,-0.039999999999999813,1
2016-02-03,0.004979620098044535,-0.33000000000000185,-0.030000000000000027,0.009999999999999787,0.0,0.029999999999999805,0.23398274042776493,0.039999999999999813,1
2016-02-04,0.0015256091026358831,0.19000000000000128,-0.020000000000000018,-0.009999999999999787,0.0,0.009999999999999787,0.23387285799243737,0.010000000000000231,1
2016-02-05,-0.01865420973979326,1.5399999999999991,0.040000000000000036,-0.010000000000000009,0.0,-0.009999999999999787,0.2377604617246293,-0.050000000000000044,1
2016-02-08,-0.014255000337827894,2.620000000000001,-0.07999999999999996,-0.1100000000000001,0.0,0.009999999999999787,0.22901920603532047,-0.03000000000000025,1
2016-02-09,-0.0006638511706027472,0.5399999999999991,0.029999999999999916,-0.010000000000000009,0.0,0.010000000000000231,0.2268837914891024,-0.039999999999999813,1
2016-02-10,-0.00018898131031086507,-0.25,0.020000000000000018,-0.030000000000000027,0.0,0.020000000000000018,0.22676116340027838,-0.050000000000000044,1
2016-02-11,-0.012377431213466572,1.8500000000000014,-0.06999999999999995,-0.08000000000000007,0.0,0.06999999999999984,0.22677355525715623,-0.01000000000000012,1
2016-02-12,0.019329975470501637,-2.740000000000002,0.06999999999999995,0.1100000000000001,0.0,-0.029999999999999805,0.2236103223281219,0.04000000000000015,1
2016-02-16,0.016381776635361334,-1.2899999999999991,0.030000000000000027,0.040000000000000036,0.0,-0.010000000000000231,0.22344015901684033,0.010000000000000009,1
2016-02-17,0.01634611531802932,-1.8000000000000007,0.0,0.030000000000000027,-0.010000000000000009,0.03000000000000025,0.21688739413538408,0.030000000000000027,1
2016-02-18,-0.004676637085283986,-0.6699999999999982,-0.030000000000000027,-0.06000000000000005,0.010000000000000009,0.0,0.21782682409324358,-0.030000000000000027,1
2016-02-19,-2.6071472335686963e-05,-1.1099999999999994,0.050000000000000044,0.010000000000000009,0.0,-0.06000000000000005,0.21295981906042738,-0.040000000000000036,0
2016-02-22,0.0143507463755288,-1.1500000000000021,0.020000000000000018,0.010000000000000009,0.0,0.009999999999999787,0.21729574683832759,-0.010000000000000009,1
2016-02-23,-0.012532587736590273,1.6000000000000014,-0.020000000000000018,-0.030000000000000027,0.0,0.010000000000000231,0.21224443868314546,-0.010000000000000009,1
2016-02-24,0.0044299448982654255,-0.26000000000000156,-0.010000000000000009,0.010000000000000009,0.0,-0.020000000000000018,0.20429950962196122,0.020000000000000018,0
2016-02-25,0.011284417050872797,-1.6099999999999994,-0.030000000000000027,-0.040000000000000036,-0.010000000000000009,0.0,0.20234714003991733,-0.010000000000000009,0
2016-02-26,-0.0018719154129476223,0.6999999999999993,0.08000000000000007,0.050000000000000044,0.0,0.0,0.19790200863606408,-0.030000000000000027,1
2016-02-29,-0.008154095918303739,0.740000000000002,-0.020000000000000018,-0.020000000000000018,-0.08000000000000002,-0.010000000000000231,0.2001632939064548,0.0,0
2016-03-01,0.023588387634098318,-2.8500000000000014,0.06999999999999995,0.09000000000000008,0.07,-0.009999999999999787,0.1988951046880749,0.02000000000000013,0
2016-03-02,0.004085962101079588,-0.6099999999999994,0.0,0.010000000000000009,0.010000000000000009,-0.040000000000000036,0.19912085120660056,0.010000000000000009,0
2016-03-03,0.003492597492273042,-0.39000000000000057,0.0,-0.010000000000000009,0.0,-0.029999999999999805,0.18532552698289678,-0.010000000000000009,0
2016-03-04,0.0033004569962260533,0.16000000000000014,0.030000000000000027,0.04999999999999982,-0.010000000000000009,-0.040000000000000036,0.18510040058763594,0.019999999999999796,0
2016-03-07,0.0008846130395072649,0.490000000000002,0.030000000000000027,0.030000000000000027,0.0,-0.040000000000000036,0.18514005568227582,0.0,0
2016-03-08,-0.011303756111463947,1.3200000000000003,-0.030000000000000027,-0.07999999999999985,0.0,-0.010000000000000231,0.17629828623603122,-0.04999999999999982,0
2016-03-09,0.005039672807616746,-0.33000000000000185,0.020000000000000018,0.06999999999999984,0.0,-0.020000000000000018,0.1656100350904676,0.04999999999999982,0
2016-03-10,0.00015582470255193215,-0.28999999999999915,0.030000000000000027,0.030000000000000027,0.0,-0.06000000000000005,0.1653828087327229,0.0,0
2016-03-11,0.016262547567990282,-1.5500000000000007,0.039999999999999925,0.050000000000000044,0.0,-0.040000000000000036,0.17061256714930872,0.01000000000000012,0
2016-03-14,-0.0012618048449990482,0.4200000000000017,0.0,-0.010000000000000009,0.0,-0.03999999999999959,0.16109177745257333,-0.010000000000000009,0
2016-03-15,-0.001838650324578417,-0.08000000000000185,0.010000000000000009,0.0,0.010000000000000009,-0.03000000000000025,0.1534074830034767,-0.010000000000000009,0
2016-03-16,0.005584768976783394,-1.8499999999999996,-0.10999999999999999,-0.030000000000000027,0.0,0.03000000000000025,0.1465787229213675,0.07999999999999985,0
2016-03-17,0.0065735853667518995,-0.5500000000000007,0.0,-0.030000000000000027,0.0,-0.020000000000000018,0.13925942867133553,-0.029999999999999805,0
2016-03-18,0.004395912383556855,-0.41999999999999993,-0.030000000000000027,-0.030000000000000027,0.0,-0.03000000000000025,0.13670092207231466,0.0,0
2016-03-21,0.0009850824218142762,-0.23000000000000043,0.030000000000000027,0.040000000000000036,0.0,-0.020000000000000018,0.13644826492401463,0.009999999999999787,0
2016-03-22,-0.0008777491176505947,0.3800000000000008,0.040000000000000036,0.020000000000000018,0.0,-0.04999999999999982,0.13086796627535774,-0.020000000000000018,0
2016-03-23,-0.0064064665305307855,0.7699999999999996,-0.040000000000000036,-0.06000000000000005,0.0,-0.03000000000000025,0.12352371037717728,-0.020000000000000018,0
2016-03-24,-0.00037813217888782447,-0.1999999999999993,0.020000000000000018,0.030000000000000027,0.0,-0.009999999999999787,0.12383629594092455,0.010000000000000231,0
2016-03-28,0.000545054138350487,0.5,0.0,-0.020000000000000018,0.0,-0.010000000000000231,0.11981448261498023,-0.02000000000000013,0
2016-03-29,0.008778031272148823,-1.42,-0.10999999999999999,-0.07999999999999985,0.0,0.040000000000000036,0.12110812933636805,0.030000000000000138,0
2016-03-30,0.004340908403283272,-0.2599999999999998,-0.020000000000000018,0.020000000000000018,0.0,0.020000000000000018,0.11476806919548094,0.040000000000000036,0
2016-03-31,-0.002041861276039114,0.3899999999999988,-0.030000000000000027,-0.050000000000000044,-0.12,0.010000000000000231,0.08858659665014283,-0.020000000000000018,0
2016-04-01,0.006310940191309733,-0.8499999999999996,0.030000000000000027,0.010000000000000009,0.12,-0.020000000000000018,0.08960158938523215,-0.020000000000000018,0
2016-04-04,-0.0032134091933979647,1.0199999999999996,-0.010000000000000009,-0.010000000000000009,0.0,0.0,0.0912152027092103,0.0,0
2016-04-05,-0.010196376617517267,1.3000000000000007,-0.030000000000000027,-0.050000000000000044,0.0,-0.020000000000000018,0.09982001477238008,-0.020000000000000018,0
2016-04-06,0.010452861947236158,-1.33,0.010000000000000009,0.030000000000000027,0.0,0.0,0.10497360947095549,0.020000000000000018,0
2016-04-07,-0.01204813323694065,2.0700000000000003,-0.030000000000000027,-0.06000000000000005,0.0,-0.020000000000000018,0.10614446823256847,-0.030000000000000027,0
2016-04-08,0.002782731266950833,-0.8000000000000007,0.0,0.020000000000000018,0.0,0.009999999999999787,0.1054776808332394,0.020000000000000018,0
2016-04-11,-0.0027435530304558142,0.9000000000000021,0.0,0.010000000000000009,0.0,-0.020000000000000018,0.10637482199244745,0.010000000000000009,0
2016-04-12,0.009615763308903347,-1.410000000000002,0.040000000000000036,0.06000000000000005,0.0,-0.020000000000000018,0.09658793716914345,0.020000000000000018,0
2016-04-13,0.00999009307508647,-1.0099999999999998,0.010000000000000009,-0.020000000000000018,0.0,-0.020000000000000018,0.10114006465961473,-0.030000000000000027,0
2016-04-14,0.00017286084744849717,-0.11999999999999922,0.020000000000000018,0.030000000000000027,0.0,-0.019999999999999574,0.10055235084327088,0.010000000000000009,0
2016-04-15,-0.0009847461231808907,-0.10000000000000142,-0.030000000000000027,-0.040000000000000036,0.0,0.0,0.09980625839535949,-0.010000000000000009,0
2016-04-18,0.006519674261283193,-0.2699999999999996,0.010000000000000009,0.020000000000000018,0.0,0.0,0.09977013061787772,0.010000000000000009,0
2016-04-19,0.0030797566260183373,-0.10999999999999943,0.020000000000000018,0.010000000000000009,0.0,-0.03000000000000025,0.09934852604594596,-0.010000000000000009,0
2016-04-20,0.0007613247417594948,0.03999999999999915,0.030000000000000027,0.06000000000000005,0.0,-0.029999999999999805,0.09935695024163814,0.030000000000000027,0
2016-04-21,-0.0052075999687009045,0.6699999999999999,0.019999999999999907,0.029999999999999805,0.0,-0.020000000000000018,0.10158560723881255,0.010000000000000009,0
2016-04-22,4.781188891378463e-05,-0.7299999999999986,0.020000000000000018,0.010000000000000009,0.0,-0.020000000000000018,0.09808987170317102,-0.010000000000000231,0
2016-04-25,-0.001813670978593862,0.8599999999999994,0.010000000000000009,0.020000000000000018,0.0,-0.010000000000000231,0.09851815151159565,0.010000000000000231,0
2016-04-26,0.0018710422279637484,-0.11999999999999922,0.010000000000000009,0.030000000000000027,0.0,-0.029999999999999805,0.09851457844960036,0.020000000000000018,0
2016-04-27,0.0016480173786206365,-0.19000000000000128,-0.030000000000000027,-0.06999999999999984,0.0,0.009999999999999787,0.09468093027017525,-0.040000000000000036,0
2016-04-28,-0.009273710899119436,1.450000000000001,-0.04999999999999993,-0.030000000000000027,0.0,0.03000000000000025,0.10007746034538002,0.020000000000000018,0
2016-04-29,-0.005075944645771102,0.47999999999999865,-0.010000000000000009,-0.010000000000000009,-0.07,-0.03000000000000025,0.10150342935006726,0.0,0
2016-05-02,0.00777966318189538,-1.0199999999999996,0.030000000000000027,0.04999999999999982,0.07,0.0,0.10275047529189878,0.019999999999999796,0
2016-05-03,-0.00871458902512412,0.9199999999999999,-0.050000000000000044,-0.06999999999999984,0.0,-0.009999999999999787,0.10674165675935318,-0.019999999999999796,0
2016-05-04,-0.005954583044667672,0.45000000000000107,0.0,-0.020000000000000018,0.0,0.0,0.10259910264157306,-0.020000000000000018,0
2016-05-05,-0.00023892241230250022,-0.14000000000000057,-0.030000000000000027,-0.030000000000000027,0.0,0.009999999999999787,0.09549488863802497,0.0,0
2016-05-06,0.0031696056255201555,-1.1899999999999995,0.020000000000000018,0.030000000000000027,0.0,0.010000000000000231,0.08614012649150762,0.010000000000000009,0
2016-05-09,0.0007531895502363994,-0.15000000000000036,-0.020000000000000018,-0.020000000000000018,0.0,0.020000000000000018,0.08570488021028694,0.0,0
2016-05-10,0.012406388310732375,-0.9399999999999995,0.0,0.0,0.0,0.0,0.09462529772698258,0.0,0
2016-05-11,-0.009607555492817887,1.0599999999999987,0.020000000000000018,-0.040000000000000036,0.0,0.009999999999999787,0.09593913289569529,-0.06000000000000005,0
2016-05-12,-0.00016955023208442555,-0.27999999999999936,0.020000000000000018,0.020000000000000018,0.0,0.010000000000000231,0.08889001869098331,0.0,0
2016-05-13,-0.008514374961630544,0.629999999999999,0.0,-0.040000000000000036,0.0,-0.010000000000000231,0.09315118796362268,-0.040000000000000036,0
2016-05-16,0.009749011760057158,-0.35999999999999943,0.030000000000000027,0.040000000000000036,0.0,0.0,0.10009491788219627,0.010000000000000009,0
2016-05-17,-0.009455886999175434,0.8900000000000006,0.029999999999999916,0.010000000000000009,0.0,-0.009999999999999787,0.10162098438908845,-0.019999999999999907,0
2016-05-18,0.00020513622093787376,0.379999999999999,0.08000000000000007,0.1100000000000001,0.0,-0.020000000000000018,0.10061994457602386,0.030000000000000027,0
2016-05-19,-0.0037136112860123305,0.379999999999999,-0.010000000000000009,-0.020000000000000018,0.0,-0.020000000000000018,0.1007033339468133,-0.010000000000000009,0
2016-05-20,0.006001445062372213,-1.129999999999999,0.0,0.0,0.0,0.009999999999999787,0.10287322664607065,0.0,0
2016-05-23,-0.002087622332874517,0.620000000000001,0.020000000000000018,-0.010000000000000009,0.0,0.0,0.10289127453672085,-0.030000000000000027,0
2016-05-24,0.013588628383570445,-1.4000000000000004,0.010000000000000009,0.020000000000000018,0.0,-0.009999999999999787,0.1145348975137802,0.010000000000000009,0
2016-05-25,0.00695053918975308,-0.5199999999999996,0.0,0.010000000000000009,0.0,0.020000000000000018,0.1170542637871484,0.010000000000000009,0
2016-05-26,-0.00021049408780715595,-0.47000000000000064,-0.050000000000000044,-0.040000000000000036,0.0,-0.010000000000000231,0.11689622850391228,0.010000000000000009,0
2016-05-27,0.004277713748401801,-0.3100000000000005,0.030000000000000027,0.020000000000000018,0.0,-0.009999999999999787,0.11287484518549874,-0.010000000000000009,0
2016-05-31,-0.0010057174210027497,1.0700000000000003,-0.030000000000000027,-0.010000000000000009,-0.08000000000000002,-0.010000000000000231,0.11119573498913943,0.020000000000000018,0
2016-06-01,0.0011343381543653663,0.009999999999999787,0.040000000000000036,0.010000000000000009,0.08000000000000002,-0.020000000000000018,0.10822612438807824,-0.030000000000000027,0
2016-06-02,0.0028207287425612293,-0.5699999999999985,-0.020000000000000018,-0.040000000000000036,0.0,0.010000000000000231,0.10323700490449329,-0.020000000000000018,0
2016-06-03,-0.002916001771314569,-0.16000000000000014,-0.10999999999999999,-0.10000000000000009,0.0,0.029999999999999805,0.1011900900063309,0.009999999999999898,0
2016-06-06,0.0048853143586375936,0.17999999999999972,0.020000000000000018,0.020000000000000018,0.0,0.0,0.10188917718263357,0.0,0
2016-06-07,0.00128862944631436,0.40000000000000036,-0.020000000000000018,-0.010000000000000009,0.0,0.0,0.10167305692379078,0.010000000000000009,0
2016-06-08,0.003303991188785993,0.02999999999999936,0.0,-0.010000000000000009,0.0,-0.009999999999999787,0.10189777137543225,-0.010000000000000009,0
2016-06-09,-0.0017191710652788572,0.5600000000000005,-0.010000000000000009,-0.030000000000000027,0.0,0.0,0.09408349939082479,-0.020000000000000018,0
2016-06-10,-0.00921757425582026,2.3900000000000006,-0.040000000000000036,-0.040000000000000036,0.0,0.009999999999999787,0.09355310114096416,0.0,1
2016-06-13,-0.008148294359402009,3.9399999999999977,0.0,-0.019999999999999796,0.0,0.0,0.09846667696688818,-0.019999999999999796,1
2016-06-14,-0.0018005098283602194,-0.46999999999999886,0.010000000000000009,0.0,0.0,0.020000000000000018,0.09347680849618857,-0.010000000000000009,1
2016-06-15,-0.0018423761246140202,-0.35999999999999943,-0.050000000000000044,-0.020000000000000018,0.0,0.020000000000000018,0.08772851049982905,0.030000000000000027,0
2016-06-16,0.003128097810598973,-0.7699999999999996,0.010000000000000009,-0.030000000000000027,0.010000000000000009,0.0,0.0810100660934346,-0.040000000000000036,0
2016-06-17,-0.0032632746994192274,0.03999999999999915,0.0,0.050000000000000044,0.0,-0.009999999999999787,0.08216551155078641,0.050000000000000044,0
2016-06-20,0.005791368633680349,-1.0399999999999991,0.040000000000000036,0.04999999999999982,0.0,-0.020000000000000018,0.08255391873427764,0.009999999999999787,0
2016-06-21,0.0027084373542942686,0.10999999999999943,0.020000000000000018,0.040000000000000036,0.0,-0.010000000000000231,0.0808089004379506,0.020000000000000018,1
2016-06-22,-0.0016529523329484874,2.6900000000000013,-0.010000000000000009,-0.020000000000000018,0.0,0.0,0.08062421126891044,-0.010000000000000009,0
2016-06-23,0.013275511311332089,-3.9200000000000017,0.030000000000000027,0.050000000000000044,0.010000000000000009,0.0,0.0800063724488162,0.020000000000000018,1
2016-06-24,-0.036580777234719086,8.510000000000002,-0.14,-0.16999999999999993,0.010000000000000009,0.1200000000000001,0.1498174804620649,-0.029999999999999916,1
2016-06-27,-0.018262249261632668,-1.9100000000000001,-0.030000000000000027,-0.1100000000000001,0.009999999999999953,-0.020000000000000018,0.1609154268920749,-0.08000000000000007,0
2016-06-28,0.017614157916988837,-5.100000000000001,0.0,0.0,0.0,-0.009999999999999787,0.17368543536733788,0.0,0
2016-06-29,0.016889216752452363,-2.1099999999999994,0.010000000000000009,0.040000000000000036,0.0,-0.050000000000000266,0.18495919413096817,0.030000000000000027,0
2016-06-30,0.013473821400287633,-1.0099999999999998,-0.040000000000000036,-0.010000000000000009,-0.10999999999999999,0.020000000000000018,0.19124804999814743,0.030000000000000027,0
2016-07-01,0.0019467806929593934,-0.8600000000000012,0.010000000000000009,-0.030000000000000027,0.10999999999999999,-0.06000000000000005,0.1911089347416543,-0.040000000000000036,0
2016-07-05,-0.0068710755834286985,0.8100000000000005,-0.029999999999999916,-0.08999999999999986,-0.009999999999999953,-0.029999999999999805,0.19234281215644597,-0.05999999999999994,0
2016-07-06,0.005338719739026665,-0.6199999999999992,0.019999999999999907,0.009999999999999787,0.0,0.0,0.192501408400257,-0.01000000000000012,0
2016-07-07,-0.0008719206389979917,-0.20000000000000107,0.0,0.020000000000000018,0.0,-0.040000000000000036,0.1924336831650506,0.020000000000000018,0
2016-07-08,0.015138185866623743,-1.5600000000000005,0.030000000000000027,-0.029999999999999805,0.0,-0.010000000000000231,0.19948088200897196,-0.05999999999999983,0
2016-07-11,0.003402814586803693,0.33999999999999986,0.050000000000000044,0.05999999999999983,0.0,-0.029999999999999805,0.19963554613969603,0.009999999999999787,0
2016-07-12,0.006984851096364153,0.010000000000001563,0.029999999999999916,0.10000000000000009,0.0,-0.04999999999999982,0.1975924756626315,0.07000000000000017,0
2016-07-13,0.00013474052016348992,-0.5100000000000016,-0.009999999999999898,-0.050000000000000044,0.0,-0.010000000000000231,0.19468663229611544,-0.04000000000000015,0
2016-07-14,0.005245391042532965,-0.21999999999999886,0.0,0.050000000000000044,0.0,0.010000000000000231,0.1946424757570321,0.050000000000000044,0
2016-07-15,-0.0009293745423875066,-0.15000000000000036,0.029999999999999916,0.07000000000000006,0.0,-0.040000000000000036,0.19444174143176024,0.04000000000000015,0
2016-07-18,0.0023795068786034435,-0.23000000000000043,-0.029999999999999916,-0.010000000000000009,0.0,0.009999999999999787,0.19440578648924314,0.019999999999999907,0
2016-07-19,-0.0014362676143067077,-0.46999999999999886,0.019999999999999907,-0.030000000000000027,0.0,0.0,0.1938854767930665,-0.04999999999999993,0
2016-07-20,0.004261212867369579,-0.20000000000000107,0.030000000000000027,0.030000000000000027,0.0,-0.009999999999999787,0.1935888321598762,0.0,0
2016-07-21,-0.003619024785839642,0.9700000000000006,-0.030000000000000027,-0.020000000000000018,0.0,0.020000000000000018,0.1945393237924102,0.010000000000000009,0
2016-07-22,0.004543577237250851,-0.7200000000000006,0.010000000000000009,0.0,0.0,-0.020000000000000018,0.19437474382801737,-0.010000000000000009,0
2016-07-25,-0.003015996263402876,0.8499999999999996,0.010000000000000009,0.010000000000000009,0.0,-0.010000000000000231,0.19062663415057068,0.0,0
2016-07-26,0.00032275466775910644,0.1800000000000015,0.030000000000000027,-0.010000000000000009,0.0,0.0,0.13236665790851984,-0.040000000000000036,0
2016-07-27,-0.0011993285198670378,-0.22000000000000064,-0.020000000000000018,-0.050000000000000044,0.0,0.020000000000000018,0.1089905995160297,-0.030000000000000027,0
2016-07-28,0.001604929506244801,-0.10999999999999943,-0.010000000000000009,0.0,0.0,0.010000000000000231,0.0968510320268853,0.010000000000000009,0
2016-07-29,0.0016299621902948758,-0.8500000000000014,-0.04999999999999993,-0.06000000000000005,-0.10000000000000003,0.029999999999999805,0.08274444868847863,-0.01000000000000012,0
2016-08-01,-0.0012705897060660831,0.5700000000000003,0.0,0.050000000000000044,0.10000000000000003,0.020000000000000018,0.07284631980784213,0.050000000000000044,0
2016-08-02,-0.006381913907791414,0.9299999999999997,0.0,0.040000000000000036,0.0,0.020000000000000018,0.07789355924331381,0.040000000000000036,0
2016-08-03,0.0031290382452997534,-0.5099999999999998,0.0,0.0,0.0,0.009999999999999787,0.07232707522161415,0.0,0
2016-08-04,0.00021256735230323898,-0.4399999999999995,-0.030000000000000027,-0.040000000000000036,0.0,0.0,0.0712361538862145,-0.010000000000000009,0
2016-08-05,0.008566643604324575,-1.0299999999999994,0.07999999999999996,0.08000000000000007,0.0,-0.029999999999999805,0.07478936127099349,1.1102230246251565e-16,0
2016-08-08,-0.0009074743505044225,0.10999999999999943,0.020000000000000018,0.0,0.0,-0.020000000000000018,0.05767458809750695,-0.020000000000000018,0
2016-08-09,0.00038967320664617944,0.16000000000000014,-0.030000000000000027,-0.040000000000000036,0.0,-0.009999999999999787,0.057118023835388096,-0.010000000000000009,0
2016-08-10,-0.00286879705062848,0.39000000000000057,-0.020000000000000018,-0.050000000000000044,0.0,0.009999999999999787,0.05419679136377517,-0.030000000000000027,0
2016-08-11,0.004723392742399746,-0.370000000000001,0.07000000000000006,0.07000000000000006,0.0,-0.009999999999999787,0.05609029229626632,0.0,0
2016-08-12,-0.0007963678724891565,-0.129999999999999,-0.050000000000000044,-0.06000000000000005,0.0,0.009999999999999787,0.053824139307406905,-0.010000000000000009,0
2016-08-15,0.0027890832400512267,0.2599999999999998,0.010000000000000009,0.040000000000000036,0.0,-0.009999999999999787,0.05416831029504944,0.030000000000000027,0
2016-08-16,-0.00549414197082676,0.8300000000000001,0.040000000000000036,0.020000000000000018,0.0,0.0,0.05770068805047122,-0.020000000000000018,0
2016-08-17,0.0018668145969238381,-0.45000000000000107,-0.020000000000000018,-0.010000000000000009,0.0,-0.010000000000000231,0.05762116339166424,0.010000000000000009,0
2016-08-18,0.0021971793405901607,-0.7599999999999998,-0.030000000000000027,-0.030000000000000027,0.0,0.010000000000000231,0.0563089564280931,0.0,0
2016-08-19,-0.0014413542987101735,-0.08999999999999986,0.050000000000000044,0.050000000000000044,0.0,-0.03000000000000025,0.054883707164520706,0.0,0
2016-08-22,-0.0005633790063610533,0.9299999999999997,0.0,-0.030000000000000027,0.0,-0.020000000000000018,0.052850335563615014,-0.030000000000000027,0
2016-08-23,0.0019498626169784927,0.11000000000000121,-0.020000000000000018,0.0,0.0,-0.009999999999999787,0.05187331918374672,0.020000000000000018,0
2016-08-24,-0.00525407298057079,1.0699999999999985,0.020000000000000018,0.010000000000000009,0.0,0.0,0.055455395912715415,-0.010000000000000009,0
2016-08-25,-0.0013661738453381034,0.1800000000000015,0.020000000000000018,0.020000000000000018,0.0,-0.010000000000000231,0.055509049053292785,0.0,0
2016-08-26,-0.0015800957333471644,0.019999999999999574,0.05999999999999994,0.040000000000000036,0.0,0.0,0.05553870401081478,-0.019999999999999907,0
2016-08-29,0.005214500184160364,-0.7100000000000009,-0.029999999999999916,-0.050000000000000044,0.0,-0.040000000000000036,0.05820645977110923,-0.02000000000000013,0
2016-08-30,-0.001955699005067757,0.17999999999999972,-0.010000000000000009,0.0,0.0,0.03000000000000025,0.05846470145244171,0.010000000000000009,0
2016-08-31,-0.0023786147623905407,0.3000000000000007,0.0,0.010000000000000009,-0.10000000000000003,-0.010000000000000231,0.05435936418016581,0.010000000000000009,0
2016-09-01,-4.1457364560848475e-05,0.0600000000000005,-0.020000000000000018,-0.010000000000000009,0.10000000000000003,0.010000000000000231,0.05338575829077618,0.010000000000000009,0
2016-09-02,0.004192300041961694,-1.5,0.020000000000000018,0.030000000000000027,0.0,0.009999999999999787,0.05518911115380572,0.010000000000000009,0
2016-09-06,0.002977242343370712,0.03999999999999915,-0.06000000000000005,-0.050000000000000044,0.0,0.010000000000000231,0.04756754256792982,0.010000000000000009,0
2016-09-07,-0.00014636466783102264,-0.08000000000000007,0.0,-0.010000000000000009,0.0,0.009999999999999787,0.04744162759079451,-0.010000000000000009,0
2016-09-08,-0.002225550780543095,0.5700000000000003,0.040000000000000036,0.07000000000000006,0.0,0.020000000000000018,0.048111061172243445,0.030000000000000027,0
2016-09-09,-0.024827747563078262,4.99,0.010000000000000009,0.05999999999999983,0.0,0.0,0.0984032467560868,0.04999999999999982,0
2016-09-12,0.014570396678018405,-2.34,0.0,0.010000000000000009,0.0,0.010000000000000231,0.11081833730903141,0.010000000000000009,0
2016-09-13,-0.014941739368127038,2.6900000000000013,0.010000000000000009,0.050000000000000044,0.0,0.020000000000000018,0.12147699799325543,0.040000000000000036,0
2016-09-14,-0.0005878494052122818,0.28999999999999915,-0.030000000000000027,-0.030000000000000027,0.0,0.0,0.12061897612856962,0.0,0
2016-09-15,0.010058521089339578,-1.8399999999999999,-0.030000000000000027,0.010000000000000009,0.0,0.020000000000000018,0.12591700536634132,0.040000000000000036,0
2016-09-16,-0.0037793821611114,-0.9300000000000015,0.030000000000000027,-0.010000000000000009,0.0,-0.010000000000000231,0.12599703602419454,-0.040000000000000036,0
2016-09-19,-1.8699103377706194e-05,0.16000000000000014,0.020000000000000018,0.0,0.0,-0.009999999999999787,0.12553282493728435,-0.020000000000000018,0
2016-09-20,0.00029914370338612883,0.39000000000000057,0.0,-0.010000000000000009,0.0,0.0,0.12561001665560506,-0.010000000000000009,0
2016-09-21,0.010857950722305887,-2.619999999999999,0.0,-0.030000000000000027,0.0,0.0,0.13213912351617854,-0.030000000000000027,0
2016-09-22,0.00647883749098721,-1.2800000000000011,0.0,-0.030000000000000027,0.0,-0.010000000000000231,0.13408299252629172,-0.030000000000000027,0
2016-09-23,-0.005753297289881942,0.2699999999999996,-0.020000000000000018,-0.009999999999999787,0.0,-0.009999999999999787,0.13433044931635585,0.010000000000000231,0
2016-09-26,-0.008624922689933534,2.210000000000001,-0.010000000000000009,-0.030000000000000027,0.0,0.020000000000000018,0.137417954106304,-0.020000000000000018,0
2016-09-27,0.006423572318236204,-1.4000000000000004,-0.010000000000000009,-0.030000000000000027,0.0,-0.010000000000000231,0.13946683908032886,-0.020000000000000018,0
2016-09-28,0.005282490985375254,-0.7099999999999991,0.0,0.010000000000000009,0.0,0.0,0.13950029545228665,0.010000000000000009,0
2016-09-29,-0.009365019283515963,1.629999999999999,-0.020000000000000018,-0.010000000000000009,0.0,-0.020000000000000018,0.14299457897038986,0.010000000000000009,0
2016-09-30,0.007936329103086948,-0.7300000000000004,0.040000000000000036,0.040000000000000036,-0.11000000000000004,0.020000000000000018,0.14577004109617905,0.0,0
2016-10-03,-0.0032659915807071727,0.28000000000000114,0.030000000000000027,0.029999999999999805,0.11000000000000004,-0.029999999999999805,0.14619256265972258,-2.220446049250313e-16,0
2016-10-04,-0.004967899838308476,0.0600000000000005,0.019999999999999907,0.06000000000000005,0.0,0.0,0.14615887052890378,0.04000000000000015,0
2016-10-05,0.004287490733457133,-0.6400000000000006,0.030000000000000027,0.030000000000000027,0.0,-0.020000000000000018,0.14663810716054196,0.0,0
2016-10-06,0.00048142577020549027,-0.15000000000000036,0.010000000000000009,0.030000000000000027,0.0,-0.03000000000000025,0.14667795302472966,0.020000000000000018,0
2016-10-07,-0.0032587738683274026,0.6400000000000006,-0.030000000000000027,-0.020000000000000018,0.0,0.020000000000000018,0.1468696551419587,0.010000000000000009,0
2016-10-10,0.004595366404335444,-0.09999999999999964,0.0,0.0,0.0,0.0,0.11831919452883945,0.0,0
2016-10-11,-0.01252460917831133,1.9799999999999986,0.040000000000000036,0.040000000000000036,0.009999999999999953,-0.029999999999999805,0.11577462908426846,0.0,0
2016-10-12,0.0011459550215580094,0.5500000000000007,0.0,0.020000000000000018,0.0,0.0,0.10321108058160063,0.020000000000000018,0
2016-10-13,-0.0031041312647026587,0.7800000000000011,-0.020000000000000018,-0.040000000000000036,0.0,-0.010000000000000231,0.10384120691532842,-0.020000000000000018,0
2016-10-14,0.00020161621250114337,-0.5700000000000003,-0.010000000000000009,0.050000000000000044,0.0,0.040000000000000036,0.09740681859034576,0.06000000000000005,0
2016-10-17,-0.003042627268629694,0.08999999999999986,-0.029999999999999916,-0.030000000000000027,0.0,-0.009999999999999787,0.09710989850023607,-1.1102230246251565e-16,0
2016-10-18,0.006141459963406426,-0.9300000000000015,0.009999999999999898,-0.020000000000000018,0.0,0.0,0.09963271974324646,-0.029999999999999916,0
2016-10-19,0.002189599580656676,-0.8699999999999992,-0.009999999999999898,0.010000000000000009,0.0,0.0,0.09991649909908368,0.019999999999999907,0
2016-10-20,-0.0013766939590791338,-0.6600000000000001,0.029999999999999916,0.0,0.0,-0.03000000000000025,0.09199427272011138,-0.029999999999999916,0
2016-10-21,-8.40630473346593e-05,-0.41000000000000014,0.0,-0.020000000000000018,0.0,0.010000000000000231,0.08847940191392556,-0.020000000000000018,0
2016-10-24,0.004738517284547328,-0.3200000000000003,0.0,0.030000000000000027,0.0,-0.010000000000000231,0.08853499517710334,0.030000000000000027,0
2016-10-25,-0.0038048801401329158,0.4400000000000013,0.020000000000000018,0.0,0.0,-0.009999999999999787,0.08429365792824102,-0.020000000000000018,0
2016-10-26,-0.0017419369788722605,0.7799999999999994,0.0,0.020000000000000018,0.0,0.020000000000000018,0.08105745402788048,0.020000000000000018,0
2016-10-27,-0.0029912461712182647,1.1199999999999992,0.010000000000000009,0.06000000000000005,0.0,-0.010000000000000231,0.07871274407126164,0.050000000000000044,0
2016-10-28,-0.0031130804936907452,0.8300000000000018,-0.010000000000000009,0.010000000000000009,0.0,0.010000000000000231,0.07295824925297886,0.019999999999999907,0
2016-10-31,-0.00012227928604158222,0.8699999999999974,0.0,-0.020000000000000018,-0.09999999999999998,0.009999999999999787,0.06617207453607439,-0.019999999999999907,0
2016-11-01,-0.00681005116629585,1.5,-0.030000000000000027,-0.010000000000000009,0.09999999999999998,0.0,0.06883114693167208,0.019999999999999907,0
2016-11-02,-0.006546870397736271,0.7600000000000016,-0.019999999999999907,-0.020000000000000018,0.0,0.020000000000000018,0.07015292754302235,0.0,1
2016-11-03,-0.004433198871882205,2.759999999999998,0.0,0.010000000000000009,0.0,0.040000000000000036,0.06806552452570325,0.010000000000000009,1
2016-11-04,-0.0016675295681620739,0.43000000000000327,-0.010000000000000009,-0.030000000000000027,0.0,0.0,0.06764595046374255,-0.020000000000000018,0
2016-11-07,0.021980157782961918,-3.8000000000000007,0.019999999999999907,0.040000000000000036,0.0,-0.009999999999999787,0.10595217498941861,0.02000000000000024,0
2016-11-08,0.0037648601743320853,0.029999999999997584,0.050000000000000044,0.04999999999999982,0.0,-0.040000000000000036,0.10548758041634852,-4.440892098500626e-16,0
2016-11-09,0.011016142751233637,-4.359999999999998,0.030000000000000027,0.18999999999999995,0.0,0.040000000000000036,0.10326720101656059,0.16000000000000014,0
2016-11-10,0.0019488592414456107,0.35999999999999943,0.020000000000000018,0.08000000000000007,0.0,-0.06000000000000005,0.10335931430430603,0.06000000000000005,0
2016-11-11,-0.00139891479970089,-0.5700000000000003,0.0,0.0,0.0,0.0,0.10275095499160967,0.0,0
2016-11-14,-0.00011550945457727835,0.3100000000000005,0.07999999999999996,0.08000000000000007,0.0,0.0,0.10277647933373826,0.0,0
2016-11-15,0.007452981727622543,-1.1100000000000012,0.020000000000000018,0.0,0.0,-0.010000000000000231,0.10438939341819325,-0.020000000000000018,0
2016-11-16,-0.0015835388740041978,0.3500000000000014,-0.020000000000000018,-0.009999999999999787,0.0,-0.040000000000000036,0.10319732991546383,0.010000000000000231,0
2016-11-17,0.004665388864814268,-0.370000000000001,0.040000000000000036,0.06999999999999984,0.0,-0.009999999999999787,0.10396369965759403,0.029999999999999805,0
2016-11-18,-0.002389553027375868,-0.5,0.030000000000000027,0.04999999999999982,0.0,-0.020000000000000018,0.10430694112893149,0.019999999999999796,0
2016-11-21,0.0074336884116066315,-0.4299999999999997,0.010000000000000009,-0.009999999999999787,0.0,0.0,0.10664395660220827,-0.019999999999999796,0
2016-11-22,0.002163086603401254,-0.009999999999999787,-0.010000000000000009,-0.020000000000000018,0.0,0.009999999999999787,0.10595385206893604,-0.010000000000000009,0
2016-11-23,0.0008076848471825215,0.019999999999999574,0.050000000000000044,0.04999999999999982,0.0,-0.03999999999999959,0.10444157991145393,-2.220446049250313e-16,0
2016-11-25,0.003906688203705322,-0.08999999999999986,0.0,0.0,0.0,-0.010000000000000231,0.10416819820440486,0.0,0
2016-11-28,-0.005268331826910888,0.8100000000000005,-0.010000000000000009,-0.040000000000000036,0.0,-0.009999999999999787,0.10572462968129838,-0.030000000000000027,0
2016-11-29,0.001334428912746155,-0.25,-0.020000000000000018,-0.020000000000000018,0.0,-0.010000000000000231,0.10438880408597428,0.0,0
2016-11-30,-0.002656997068934963,0.4299999999999997,0.020000000000000018,0.07000000000000028,-0.09999999999999998,-0.009999999999999787,0.1053178553771403,0.050000000000000266,0
2016-12-01,-0.0035217319747591347,0.7400000000000002,0.029999999999999805,0.08000000000000007,0.09999999999999998,-0.03000000000000025,0.10258990775601061,0.050000000000000266,0
2016-12-02,0.0003969856521290893,0.049999999999998934,-0.029999999999999805,-0.050000000000000266,0.0,0.0,0.0982358591404248,-0.020000000000000462,0
2016-12-05,0.005804422368380635,-1.9799999999999986,0.019999999999999796,-0.009999999999999787,0.0,0.0,0.09605077313483212,-0.029999999999999583,0
2016-12-06,0.0034050755798862298,-0.3500000000000014,-0.009999999999999787,0.0,0.0,0.020000000000000018,0.09482729756837677,0.009999999999999787,0
2016-12-07,0.013077306345681272,0.4300000000000015,-0.020000000000000018,-0.050000000000000266,0.0,0.0,0.07512613823647273,-0.03000000000000025,0
2016-12-08,0.0021570846729908055,0.41999999999999993,0.020000000000000018,0.06000000000000005,0.0,-0.009999999999999787,0.07496235384085738,0.040000000000000036,0
2016-12-09,0.005921379481215183,-0.8900000000000006,0.029999999999999805,0.07000000000000028,0.0,0.0,0.06938180609606674,0.04000000000000048,0
2016-12-12,-0.0011380520171107023,0.8900000000000006,0.0,0.020000000000000018,0.0,-0.020000000000000018,0.07026996458669031,0.020000000000000018,0
2016-12-13,0.006518478790004778,0.08000000000000007,0.020000000000000018,-0.010000000000000231,0.0,-0.020000000000000018,0.07089877306155505,-0.03000000000000025,0
2016-12-14,-0.00815032136007865,0.46999999999999886,0.10000000000000009,0.06000000000000005,0.0,-0.07000000000000028,0.0793164826885321,-0.040000000000000036,0
2016-12-15,0.0038757077378477334,-0.40000000000000036,0.020000000000000018,0.06000000000000005,0.25000000000000006,-0.07999999999999963,0.07711000618408179,0.040000000000000036,0
2016-12-16,-0.0017521740727586277,-0.5899999999999999,-0.010000000000000009,0.0,0.0,0.03999999999999959,0.0772040305610828,0.010000000000000009,0
2016-12-19,0.0019731900398509694,-0.48999999999999844,-0.040000000000000036,-0.06000000000000005,0.0,0.0,0.0764796150328076,-0.020000000000000018,0
2016-12-20,0.003630921049278868,-0.26000000000000156,0.010000000000000009,0.029999999999999805,0.0,0.0,0.07534356470366867,0.019999999999999796,0
2016-12-21,-0.0024603512457384014,-0.17999999999999972,-0.040000000000000036,-0.020000000000000018,0.0,-0.020000000000000018,0.07397204512062878,0.020000000000000018,0
2016-12-22,-0.001864724123785244,0.16000000000000014,0.010000000000000009,0.0,0.0,0.010000000000000231,0.07478039177941984,-0.010000000000000009,0
2016-12-23,0.00125089800277145,0.009999999999999787,0.0,0.0,0.0,-0.020000000000000018,0.07476402061944797,0.0,0
2016-12-27,0.0022459178098381827,0.5500000000000007,0.06000000000000005,0.020000000000000018,0.0,0.0,0.07424250092692378,-0.040000000000000036,0
2016-12-28,-0.00839165763624905,0.9599999999999991,-0.020000000000000018,-0.06000000000000005,0.0,0.009999999999999787,0.07833608151179622,-0.040000000000000036,0
2016-12-29,-0.00029338679703094783,0.41999999999999993,-0.040000000000000036,-0.019999999999999574,0.0,0.010000000000000231,0.07845955315391465,0.020000000000000462,0
2016-12-30,-0.0046478652506074525,0.6699999999999999,-0.020000000000000018,-0.040000000000000036,-0.10999999999999999,0.009999999999999787,0.07990377359416871,-0.020000000000000018,0
2017-01-03,0.008450767046808139,-1.1899999999999995,0.020000000000000018,0.0,0.10999999999999999,-0.009999999999999787,0.08235916274467213,-0.020000000000000018,0
2017-01-04,0.0057059983723570795,-1.0,0.020000000000000018,0.009999999999999787,0.0,-0.020000000000000018,0.08356545349066385,-0.010000000000000231,0
2017-01-05,-0.0007709676024818535,-0.17999999999999972,-0.07000000000000006,-0.08999999999999986,0.0,0.0,0.08257664725034088,-0.019999999999999796,0
2017-01-06,0.003510797758279338,-0.34999999999999964,0.050000000000000044,0.04999999999999982,0.0,-0.009999999999999787,0.08261030226456971,-2.220446049250313e-16,0
2017-01-09,-0.003554871008026872,0.2400000000000002,-0.010000000000000009,-0.040000000000000036,0.0,0.0,0.07237883744016656,-0.030000000000000027,0
2017-01-10,0.0,-0.07000000000000028,-0.020000000000000018,0.0,0.0,0.0,0.07217270570292252,0.020000000000000018,0
2017-01-11,0.0028255693040186713,-0.23000000000000043,0.010000000000000009,0.0,0.0,-0.020000000000000018,0.06999518856014507,-0.010000000000000009,0
2017-01-12,-0.0021470565426557897,0.27999999999999936,-0.020000000000000018,-0.020000000000000018,0.0,0.029999999999999805,0.07034850781217973,0.0,0
2017-01-13,0.001848152813804127,-0.3099999999999987,0.030000000000000027,0.040000000000000036,0.0,-0.020000000000000018,0.06690930507668581,0.010000000000000009,0
2017-01-17,-0.0029719143156583527,0.6399999999999988,-0.040000000000000036,-0.06999999999999984,0.0,0.029999999999999805,0.061049819436598624,-0.029999999999999805,0
2017-01-18,0.0017622003864135038,0.6100000000000012,0.06000000000000005,0.08999999999999986,0.0,-0.03999999999999959,0.05992205871029986,0.029999999999999805,0
2017-01-19,-0.0036158590231876175,0.29999999999999893,0.020000000000000018,0.050000000000000266,0.0,-0.010000000000000231,0.06102745925005513,0.03000000000000025,0
2017-01-20,0.003360532379786285,-1.2400000000000002,-0.050000000000000044,0.009999999999999787,0.0,0.0,0.061743775713960974,0.05999999999999983,0
2017-01-23,-0.00269370229296495,0.23000000000000043,-0.040000000000000036,-0.06999999999999984,0.0,0.0,0.06118007201018834,-0.029999999999999805,0
2017-01-24,0.0065430889919335655,-0.6999999999999993,0.050000000000000044,0.06000000000000005,0.0,0.010000000000000231,0.0646839241398516,0.010000000000000009,0
2017-01-25,0.007994031790009792,-0.2599999999999998,0.020000000000000018,0.05999999999999961,0.0,-0.010000000000000231,0.06935102791555287,0.03999999999999959,0
2017-01-26,-0.0007355741836105878,-0.17999999999999972,-0.020000000000000018,-0.020000000000000018,0.0,-0.009999999999999787,0.06952278996292757,0.0,0
2017-01-27,-0.0008668437196783785,-0.05000000000000071,0.010000000000000009,-0.019999999999999574,0.0,-0.010000000000000231,0.06947945949968953,-0.029999999999999583,0
2017-01-30,-0.0060276562158030345,1.3000000000000007,0.0,0.0,0.0,0.020000000000000018,0.06604887712092991,0.0,0
2017-01-31,-0.0008903958463326589,0.10999999999999943,-0.030000000000000027,-0.040000000000000036,-0.09999999999999998,0.020000000000000018,0.06618868737861491,-0.010000000000000009,0
2017-02-01,0.0002983489915555637,-0.17999999999999972,0.030000000000000027,0.029999999999999805,0.09999999999999998,0.0,0.06338426448254598,-2.220446049250313e-16,0
2017-02-02,0.0005701254430370284,0.11999999999999922,-0.010000000000000009,0.0,0.0,0.0,0.057052764322966694,0.010000000000000009,0
2017-02-03,0.007238573675816262,-0.9599999999999991,0.0,0.010000000000000231,0.0,0.010000000000000231,0.05903319742315642,0.010000000000000231,0
2017-02-06,-0.0021176570774645853,0.3999999999999986,-0.050000000000000044,-0.07000000000000028,0.0,0.009999999999999787,0.05959626617773448,-0.02000000000000024,0
2017-02-07,0.00022679495216770817,-0.08000000000000007,0.0,-0.020000000000000018,0.0,-0.009999999999999787,0.05857726922420307,-0.020000000000000018,0
2017-02-08,0.0006931502647971044,0.16000000000000014,-0.010000000000000009,-0.06000000000000005,0.0,0.009999999999999787,0.05684521053124329,-0.050000000000000044,0
2017-02-09,0.005735978912330353,-0.5699999999999985,0.050000000000000044,0.06000000000000005,0.0,-0.009999999999999787,0.0595689302854969,0.010000000000000009,0
2017-02-10,0.0035597154352586813,-0.030000000000001137,0.0,0.010000000000000231,0.0,-0.010000000000000231,0.059934936264831484,0.010000000000000231,0
2017-02-13,0.005232175748100865,0.22000000000000064,0.0,0.020000000000000018,0.0,0.0,0.06073773158605932,0.020000000000000018,0
2017-02-14,0.003999293774357149,-0.33000000000000007,0.050000000000000044,0.040000000000000036,0.0,-0.020000000000000018,0.06148075252640203,-0.010000000000000009,0
2017-02-15,0.004979922087049893,1.2300000000000004,0.020000000000000018,0.03999999999999959,0.0,-0.020000000000000018,0.06068511934386599,0.019999999999999574,0
2017-02-16,-0.0008644791200298485,-0.21000000000000085,-0.050000000000000044,-0.05999999999999961,0.0,0.010000000000000231,0.06131826497888097,-0.009999999999999565,0
2017-02-17,0.0016771742275309975,-0.2699999999999996,-0.010000000000000009,-0.03000000000000025,0.0,0.009999999999999787,0.05836640281999418,-0.02000000000000024,0
2017-02-21,0.006029862181035739,0.08000000000000007,0.010000000000000009,0.010000000000000231,0.0,-0.009999999999999787,0.059972932793574615,2.220446049250313e-16,0
2017-02-22,-0.0010828646208507209,0.16999999999999993,0.0,-0.010000000000000231,0.0,0.009999999999999787,0.058652360686342504,-0.010000000000000231,0
2017-02-23,0.0004189031146832889,-0.02999999999999936,-0.040000000000000036,-0.040000000000000036,0.0,0.020000000000000018,0.05648408010335894,0.0,0
2017-02-24,0.0014922378935526837,-0.2400000000000002,-0.05999999999999983,-0.06999999999999984,0.0,0.0,0.05166584917683418,-0.010000000000000009,0
2017-02-27,0.0010175023940544037,0.6199999999999992,0.07999999999999985,0.04999999999999982,0.0,-0.020000000000000018,0.05110326841584246,-0.030000000000000027,0
2017-02-28,-0.002581660667547503,0.8300000000000001,0.020000000000000018,0.0,-0.09000000000000008,-0.020000000000000018,0.05242842606042831,-0.020000000000000018,0
2017-03-01,0.013581181939564146,-0.3800000000000008,0.07000000000000006,0.10000000000000009,0.09000000000000008,-0.009999999999999787,0.06072619831601546,0.030000000000000027,0
2017-03-02,-0.005877100476419983,-0.7299999999999986,0.030000000000000027,0.03000000000000025,0.0,-0.020000000000000018,0.06627569325366801,2.220446049250313e-16,0
2017-03-03,0.0005036683953827392,-0.8499999999999996,0.0,0.0,0.0,0.0,0.06620891347538913,0.0,0
2017-03-06,-0.0032825982574173906,0.27999999999999936,-0.010000000000000009,0.0,0.0,0.009999999999999787,0.06864264453056704,0.010000000000000009,0
2017-03-07,-0.0029175558777589927,0.20999999999999908,0.010000000000000009,0.029999999999999805,0.0,-0.020000000000000018,0.06776087306727266,0.019999999999999796,0
2017-03-08,-0.00228686505504605,0.41000000000000014,0.040000000000000036,0.04999999999999982,0.0,0.0,0.0678755241583159,0.009999999999999787,0
2017-03-09,0.0007995177937871745,0.4400000000000013,0.010000000000000009,0.03000000000000025,0.0,0.020000000000000018,0.06777538840056918,0.02000000000000024,0
2017-03-10,0.003263348099308061,-0.6400000000000006,-0.010000000000000009,-0.020000000000000018,0.0,0.010000000000000231,0.06798963623254395,-0.010000000000000009,0
2017-03-13,0.000366619122661227,-0.3100000000000005,0.039999999999999813,0.040000000000000036,0.0,-0.010000000000000231,0.06638986953161712,2.220446049250313e-16,0
2017-03-14,-0.0033847406821552184,0.9500000000000011,0.0,-0.020000000000000018,0.0,0.010000000000000231,0.06780070959091179,-0.020000000000000018,0
2017-03-15,0.008339854388316859,-0.6699999999999999,-0.06999999999999984,-0.0900000000000003,0.0,0.020000000000000018,0.07102079396985204,-0.020000000000000462,0
2017-03-16,-0.001627981495114561,-0.41999999999999993,0.020000000000000018,0.020000000000000018,0.25,0.009999999999999787,0.07085319674999714,0.0,0
2017-03-17,-0.0013152284741453357,0.06999999999999851,-0.020000000000000018,-0.029999999999999805,0.0,0.010000000000000231,0.06961288730765967,-0.009999999999999787,0
2017-03-20,-0.0020119037369017434,0.0600000000000005,-0.030000000000000027,-0.029999999999999805,0.0,0.009999999999999787,0.07002601373395025,2.220446049250313e-16,0
2017-03-21,-0.012485615265953598,1.1300000000000008,-0.030000000000000027,-0.040000000000000036,0.0,0.0,0.083072751809057,-0.010000000000000009,0
2017-03-22,0.001888131971474749,0.33999999999999986,0.0,-0.03000000000000025,0.0,0.0,0.08038946936986015,-0.03000000000000025,0
2017-03-23,-0.0010608362855029085,0.3099999999999987,-0.010000000000000009,0.010000000000000231,0.0,0.010000000000000231,0.08038694778733316,0.02000000000000024,0
2017-03-24,-0.0008443605323886771,-0.15999999999999837,0.0,-0.010000000000000231,0.0,-0.020000000000000018,0.08035558642869492,-0.010000000000000231,0
2017-03-27,-0.001020153452953032,-0.46000000000000085,0.010000000000000009,-0.020000000000000018,0.0,0.009999999999999787,0.08008052332161539,-0.030000000000000027,0
2017-03-28,0.007225317380816776,-0.9700000000000006,0.030000000000000027,0.040000000000000036,0.0,-0.009999999999999787,0.08435627396039244,0.010000000000000009,0
2017-03-29,0.0010848148191859863,-0.10999999999999943,-0.040000000000000036,-0.029999999999999805,0.0,0.009999999999999787,0.08402125208976947,0.010000000000000231,0
2017-03-30,0.002930736536392864,0.11999999999999922,0.020000000000000018,0.029999999999999805,0.0,0.0,0.06900801017981695,0.009999999999999787,0
2017-03-31,-0.0022575567952731745,0.8300000000000001,-0.010000000000000009,-0.020000000000000018,-0.09000000000000008,0.010000000000000231,0.06658924953494265,-0.010000000000000009,0
2017-04-03,-0.0016435249677559938,0.010000000000001563,-0.030000000000000027,-0.04999999999999982,0.09000000000000008,0.019999999999999574,0.06664342888723765,-0.019999999999999796,0
2017-04-04,0.0005594405740314556,-0.5900000000000016,0.010000000000000009,0.009999999999999787,0.0,0.0,0.0659384280209147,-2.220446049250313e-16,0
2017-04-05,-0.0030595532989128316,1.1000000000000014,-0.010000000000000009,-0.020000000000000018,0.0,0.03000000000000025,0.06601111989419677,-0.010000000000000009,0
2017-04-06,0.0019276336842422026,-0.5,0.0,0.0,0.0,-0.020000000000000018,0.0660364498875336,0.0,0
2017-04-07,-0.0008274931885736692,0.47999999999999865,0.050000000000000044,0.040000000000000036,0.0,-0.029999999999999805,0.06599436739306816,-0.010000000000000009,0
2017-04-10,0.0006875040056906201,1.1800000000000015,0.0,-0.009999999999999787,0.0,0.0,0.06489090224561184,-0.009999999999999787,0
2017-04-11,-0.0014349580253538718,1.0199999999999996,-0.050000000000000044,-0.050000000000000266,0.0,0.0,0.0649539696353674,-2.220446049250313e-16,0
2017-04-12,-0.0037669958202624088,0.6999999999999993,0.0,-0.040000000000000036,0.0,0.03999999999999959,0.06518861089063226,-0.040000000000000036,0
2017-04-13,-0.006838028476069624,0.19000000000000128,-0.030000000000000027,-0.03999999999999959,0.0,0.0,0.06054282797539404,-0.009999999999999565,0
2017-04-17,0.00857644056804574,-1.3000000000000007,0.0,0.019999999999999574,0.0,0.010000000000000231,0.06920192806135828,0.019999999999999574,0
2017-04-18,-0.002907573671845576,-0.2400000000000002,-0.030000000000000027,-0.07999999999999963,0.0,0.0,0.06961291650939794,-0.0499999999999996,0
2017-04-19,-0.0017178170006362237,0.5099999999999998,0.010000000000000009,0.029999999999999805,0.0,0.0,0.06955197808937114,0.019999999999999796,0
2017-04-20,0.00752877964253873,-0.7799999999999994,0.020000000000000018,0.03000000000000025,0.0,-0.010000000000000231,0.06088510491201409,0.010000000000000231,0
2017-04-21,-0.0030396258521454556,0.4800000000000004,-0.010000000000000009,0.0,0.0,0.010000000000000231,0.061592742463272614,0.010000000000000009,0
2017-04-24,0.01078175277383675,-3.790000000000001,0.050000000000000044,0.03999999999999959,0.0,-0.010000000000000231,0.07182331005011518,-0.010000000000000453,0
2017-04-25,0.00607212810606228,-0.08000000000000007,0.040000000000000036,0.07000000000000028,0.0,-0.020000000000000018,0.07406979331529824,0.03000000000000025,0
2017-04-26,-0.00048575605114287157,0.08999999999999986,-0.010000000000000009,-0.03000000000000025,0.0,0.010000000000000231,0.0739183856465129,-0.02000000000000024,0
2017-04-27,0.0005527383720211887,-0.4900000000000002,-0.030000000000000027,-0.020000000000000018,0.0,0.009999999999999787,0.07027503514652868,0.010000000000000009,0
2017-04-28,-0.001914950815332439,0.46000000000000085,0.030000000000000027,-0.009999999999999787,-0.08000000000000007,0.0,0.070783879725028,-0.039999999999999813,0
2017-05-01,0.0017307386358744736,-0.7100000000000009,0.0,0.040000000000000036,0.08000000000000007,0.010000000000000231,0.07037765133472862,0.040000000000000036,0
2017-05-02,0.0011884089692433264,0.4800000000000004,-0.010000000000000009,-0.040000000000000036,0.0,0.009999999999999787,0.06974397606235372,-0.030000000000000027,0
2017-05-03,-0.0012721529972958834,0.08999999999999986,0.030000000000000027,0.040000000000000036,0.0,-0.06999999999999984,0.06960719850309716,0.010000000000000009,0
2017-05-04,0.0005818760433342618,-0.21999999999999886,0.020000000000000018,0.029999999999999805,0.0,0.020000000000000018,0.06960712732550474,0.009999999999999787,0
2017-05-05,0.0040803513003337955,0.10999999999999943,0.0,0.0,0.0,-0.009999999999999787,0.06928544932708791,0.0,0
2017-05-08,3.7510393508632944e-05,-0.8000000000000007,0.010000000000000009,0.03000000000000025,0.0,-0.010000000000000231,0.06925145951446635,0.02000000000000024,0
2017-05-09,-0.0010257908036237495,0.19000000000000128,0.040000000000000036,0.029999999999999805,0.0,-0.009999999999999787,0.0693149528177405,-0.010000000000000231,0
2017-05-10,0.0011299789591925347,0.25,-0.020000000000000018,-0.009999999999999787,0.0,0.0,0.06932049767692193,0.010000000000000231,0
2017-05-11,-0.0021651757390088733,0.3899999999999988,0.0,-0.020000000000000018,0.0,0.020000000000000018,0.06966909514588362,-0.020000000000000018,0
2017-05-12,-0.0014795189665717245,-0.1999999999999993,-0.06000000000000005,-0.06000000000000005,0.0,0.009999999999999787,0.06820860983274399,0.0,0
2017-05-15,0.004765073002474196,0.019999999999999574,0.020000000000000018,0.009999999999999787,0.0,0.0,0.06323172936586322,-0.010000000000000231,0
2017-05-16,-0.0006870720384215545,0.23000000000000043,-0.020000000000000018,-0.009999999999999787,0.0,-0.009999999999999787,0.05805782564501814,0.010000000000000231,0
2017-05-17,-0.01834551314368671,4.9399999999999995,-0.030000000000000027,-0.10999999999999988,0.0,0.019999999999999574,0.08811824090455901,-0.07999999999999985,0
2017-05-18,0.003680063440703485,-0.9299999999999997,0.010000000000000009,0.009999999999999787,0.0,0.0,0.08854315095425025,-2.220446049250313e-16,0
2017-05-19,0.0067446990247326255,-2.620000000000001,0.010000000000000009,0.0,0.0,0.0,0.0878039213130067,-0.010000000000000009,0
2017-05-22,0.005146846937212679,-1.1099999999999994,0.010000000000000009,0.020000000000000018,0.0,-0.019999999999999574,0.08820036889125855,0.010000000000000009,0
2017-05-23,0.0018362259042570273,-0.20999999999999908,0.020000000000000018,0.040000000000000036,0.0,-0.020000000000000018,0.0807110839406007,0.020000000000000018,0
2017-05-24,0.002486045908441703,-0.7000000000000011,-0.020000000000000018,-0.03000000000000025,0.0,0.029999999999999805,0.07850880651688234,-0.010000000000000231,0
2017-05-25,0.004432039059246051,-0.02999999999999936,0.010000000000000009,-0.009999999999999787,0.0,-0.009999999999999787,0.07971694930040196,-0.019999999999999796,0
2017-05-26,0.00031050179409053413,-0.17999999999999972,0.0,0.0,0.0,0.0,0.07972117411419948,0.0,0
2017-05-30,-0.0012052860078259897,0.5700000000000003,-0.020000000000000018,-0.040000000000000036,0.0,0.009999999999999787,0.0794837959512367,-0.020000000000000018,0
2017-05-31,-0.0004601312906196142,0.02999999999999936,0.0,0.0,-0.08000000000000007,-0.020000000000000018,0.07944298626252279,0.0,0
2017-06-01,0.0075425917183000735,-0.5199999999999996,0.0,0.0,0.08000000000000007,0.010000000000000231,0.08313498232229,0.0,0
2017-06-02,0.003700870703284842,-0.14000000000000057,0.0,-0.06000000000000005,0.0,0.0,0.08338161475121876,-0.06000000000000005,0
2017-06-05,-0.0012184192007351768,0.3200000000000003,0.040000000000000036,0.03000000000000025,0.0,0.0,0.08372923651569776,-0.009999999999999787,0
2017-06-06,-0.0027829007381505733,0.379999999999999,-0.020000000000000018,-0.040000000000000036,0.0,0.009999999999999787,0.08383987323583841,-0.020000000000000018,0
2017-06-07,0.0015671051049048756,-0.05999999999999872,0.020000000000000018,0.040000000000000036,0.0,-0.020000000000000018,0.08387972042146855,0.020000000000000018,0
2017-06-08,0.0002671088361099194,-0.23000000000000043,0.010000000000000009,0.009999999999999787,0.0,0.0,0.0836705896585684,-2.220446049250313e-16,0
2017-06-09,-0.0008303258478186137,0.5399999999999991,0.020000000000000018,0.020000000000000018,0.0,-0.020000000000000018,0.08382702243145526,0.0,0
2017-06-12,-0.0009791902303826205,0.7600000000000016,0.0,0.0,0.0,0.010000000000000231,0.08342783096234799,0.0,0
2017-06-13,0.004501274608283978,-1.040000000000001,0.029999999999999805,0.0,0.0,-0.010000000000000231,0.08403841158820047,-0.029999999999999805,0
2017-06-14,-0.0009962549022448641,0.22000000000000064,-0.029999999999999805,-0.06000000000000005,0.0,-0.020000000000000018,0.08312931164454121,-0.03000000000000025,0
2017-06-15,-0.0022421257837548225,0.2599999999999998,0.0,0.010000000000000231,0.2499999999999999,-0.009999999999999787,0.08362939451114015,0.010000000000000231,0
2017-06-16,0.0002836232269434191,-0.5199999999999996,-0.030000000000000027,0.0,0.0,0.009999999999999787,0.04745470288472833,0.030000000000000027,0
2017-06-19,0.008312558992557229,-0.010000000000001563,0.040000000000000036,0.029999999999999805,0.0,-0.020000000000000018,0.05255840959973801,-0.010000000000000231,0
2017-06-20,-0.0067191883898738425,0.4900000000000002,0.0,-0.029999999999999805,0.0,-0.009999999999999787,0.05690050859400697,-0.029999999999999805,0
2017-06-21,-0.0005828462764325693,-0.10999999999999943,0.0,0.0,0.0,-0.010000000000000231,0.05519322734388262,0.0,0
2017-06-22,-0.00045584186772806845,-0.2699999999999996,-0.020000000000000018,-0.010000000000000231,0.0,0.010000000000000231,0.055232661865077984,0.009999999999999787,0
2017-06-23,0.0015596785299303306,-0.46000000000000085,0.0,0.0,0.0,-0.010000000000000231,0.05495004607085625,0.0,0
2017-06-26,0.0003157439383913996,-0.11999999999999922,0.020000000000000018,-0.009999999999999787,0.0,0.0,0.05321910963146827,-0.029999999999999805,0
2017-06-27,-0.008105510111855452,1.1600000000000001,0.019999999999999796,0.06999999999999984,0.0,-0.029999999999999805,0.060960962540200794,0.050000000000000044,0
2017-06-28,0.008769477216596933,-1.0300000000000011,-0.039999999999999813,0.010000000000000231,0.0,0.020000000000000018,0.06774657476641294,0.050000000000000044,0
2017-06-29,-0.00863722067177175,1.4100000000000001,0.039999999999999813,0.04999999999999982,0.0,-0.03000000000000025,0.0748272574184322,0.010000000000000009,0
2017-06-30,0.001532073698797376,-0.2599999999999998,0.0,0.040000000000000036,-0.09999999999999987,-0.020000000000000018,0.07009837438637748,0.040000000000000036,0
2017-07-03,0.0023081276913972104,0.040000000000000924,0.030000000000000027,0.040000000000000036,0.09999999999999987,-0.020000000000000018,0.06930071511493473,0.010000000000000009,0
2017-07-05,0.0014522119983846338,-0.15000000000000036,0.0,-0.020000000000000018,0.0,0.010000000000000231,0.06942205916873741,-0.020000000000000018,0
2017-07-06,-0.009412971248548452,1.4699999999999989,-0.010000000000000009,0.040000000000000036,0.0,-0.010000000000000231,0.07615932012841217,0.050000000000000044,0
2017-07-07,0.006382740756956551,-1.3499999999999996,0.0,0.020000000000000018,0.0,0.010000000000000231,0.07946990180965147,0.020000000000000018,0
2017-07-10,0.0009273360773853767,-0.08000000000000007,0.0,-0.010000000000000231,0.0,0.0,0.07954706997054749,-0.010000000000000231,0
2017-07-11,-0.0007830273058413439,-0.21999999999999886,-0.029999999999999805,-0.009999999999999787,0.0,0.0,0.07954195130429842,0.020000000000000018,0
2017-07-12,0.007279063026366828,-0.5899999999999999,-0.020000000000000018,-0.040000000000000036,0.0,0.009999999999999787,0.08346850598010365,-0.020000000000000018,0
2017-07-13,0.0018727975574499567,-0.40000000000000036,0.020000000000000018,0.020000000000000018,0.0,0.0,0.08227811562103537,0.0,0
2017-07-14,0.004662640144142749,-0.39000000000000057,-0.020000000000000018,-0.020000000000000018,0.0,0.0,0.0836128748874394,0.0,0
2017-07-17,-5.286261211612242e-05,0.3100000000000005,0.010000000000000009,-0.020000000000000018,0.0,0.0,0.08307841958584253,-0.030000000000000027,0
2017-07-18,0.0005975913588072146,0.07000000000000028,0.0,-0.040000000000000036,0.0,-0.009999999999999787,0.08307430886785216,-0.040000000000000036,0
2017-07-19,0.005358270292070699,-0.10000000000000142,0.010000000000000009,0.0,0.0,-0.010000000000000231,0.08016861168891229,-0.010000000000000009,0
2017-07-20,-0.0001536197671230255,-0.20999999999999908,0.0,0.0,0.0,-0.020000000000000018,0.07594365045548991,0.0,0
2017-07-21,-0.0003679748686389317,-0.22000000000000064,-0.010000000000000009,-0.029999999999999805,0.0,0.0,0.07590132583733528,-0.019999999999999796,0
2017-07-24,-0.0010642496123312029,0.07000000000000028,0.010000000000000009,0.019999999999999574,0.0,0.010000000000000231,0.07604885933682304,0.009999999999999565,0
2017-07-25,0.002918919243124485,0.0,0.029999999999999805,0.07000000000000028,0.0,-0.010000000000000231,0.07639024447681818,0.04000000000000048,0
2017-07-26,0.00028254516874248736,0.16999999999999993,-0.039999999999999813,-0.040000000000000036,0.0,0.020000000000000018,0.07639272186487975,-2.220446049250313e-16,0
2017-07-27,-0.0009730985474876164,0.5099999999999998,0.0,0.029999999999999805,0.0,0.0,0.06967426129602616,0.029999999999999805,0
2017-07-28,-0.0013420867417748283,0.17999999999999972,-0.020000000000000018,-0.020000000000000018,0.0,-0.020000000000000018,0.06422394704071692,0.0,0
2017-07-31,-0.0007283910972732954,-0.02999999999999936,0.0,0.0,-0.08999999999999986,0.010000000000000231,0.05506843453088975,0.0,0
2017-08-01,0.0024461011054492943,-0.16999999999999993,0.0,-0.040000000000000036,0.08999999999999986,0.0,0.05527338191231876,-0.040000000000000036,0
2017-08-02,0.0004925392516081928,0.1899999999999995,0.020000000000000018,0.010000000000000231,0.0,-0.010000000000000231,0.055101557960047357,-0.009999999999999787,0
2017-08-03,-0.0021859786914877333,0.16000000000000014,-0.020000000000000018,-0.029999999999999805,0.0,0.0,0.05610967710153652,-0.009999999999999787,0
2017-08-04,0.0018872543230461503,-0.41000000000000014,0.020000000000000018,0.029999999999999805,0.0,0.0,0.04220263336333657,0.009999999999999787,0
2017-08-07,0.001645911613383788,-0.09999999999999964,0.0,-0.010000000000000231,0.0,0.010000000000000231,0.038006386519430134,-0.010000000000000231,0
2017-08-08,-0.0024173560904774405,1.0300000000000011,0.0,0.03000000000000025,0.0,0.009999999999999787,0.039896813576913555,0.03000000000000025,0
2017-08-09,-0.0003637142539298921,0.14999999999999858,-0.030000000000000027,-0.04999999999999982,0.0,0.020000000000000018,0.03969688383962585,-0.019999999999999796,0
2017-08-10,-0.014580194485226627,4.93,0.0,-0.040000000000000036,0.0,0.020000000000000018,0.061800476577573454,-0.040000000000000036,0
2017-08-11,0.0012747131060235617,-0.5299999999999994,-0.030000000000000027,-0.010000000000000231,0.0,0.010000000000000231,0.061594505010039886,0.019999999999999796,0
2017-08-14,0.009993643603759317,-3.1799999999999997,0.030000000000000027,0.03000000000000025,0.0,-0.010000000000000231,0.06912553304441996,2.220446049250313e-16,0
2017-08-15,-0.0004989402693533762,-0.2900000000000009,0.020000000000000018,0.04999999999999982,0.0,-0.020000000000000018,0.06915742563858733,0.029999999999999805,0
2017-08-16,0.0014190955851409726,-0.29999999999999893,-0.020000000000000018,-0.040000000000000036,0.0,0.0,0.06928945725413944,-0.020000000000000018,0
2017-08-17,-0.015557302982010413,3.8100000000000005,-0.010000000000000009,-0.040000000000000036,0.0,0.020000000000000018,0.08545613954955672,-0.030000000000000027,0
2017-08-18,-0.0018370697733356423,-1.290000000000001,0.010000000000000009,0.0,0.0,0.010000000000000231,0.08548200115369887,-0.010000000000000009,0
2017-08-21,0.001161947587631218,-1.0700000000000003,-0.010000000000000009,-0.009999999999999787,0.0,0.0,0.08577281550126889,2.220446049250313e-16,0
2017-08-22,0.009891739536413091,-1.8399999999999999,0.010000000000000009,0.040000000000000036,0.0,-0.020000000000000018,0.09349084448068978,0.030000000000000027,0
2017-08-23,-0.0034595821335070553,0.9000000000000004,-0.010000000000000009,-0.050000000000000266,0.0,0.020000000000000018,0.09330308863650182,-0.04000000000000026,0
2017-08-24,-0.002076588752393249,-0.019999999999999574,0.010000000000000009,0.020000000000000018,0.0,0.0,0.09336693070625836,0.010000000000000009,0
2017-08-25,0.001671439670407615,-0.9500000000000011,0.020000000000000018,-0.020000000000000018,0.0,0.0,0.09373697747727358,-0.040000000000000036,0
2017-08-28,0.0004869774552016537,0.040000000000000924,-0.020000000000000018,-0.009999999999999787,0.0,0.009999999999999787,0.09377524942618677,0.010000000000000231,0
2017-08-29,0.0008424428066566847,0.379999999999999,0.0,-0.03000000000000025,0.0,0.020000000000000018,0.09389322872266698,-0.03000000000000025,0
2017-08-30,0.004604515985120017,-0.47999999999999865,0.0,0.020000000000000018,0.0,-0.009999999999999787,0.09502725317533682,0.020000000000000018,0
2017-08-31,0.005704748858195607,-0.6300000000000008,0.0,-0.029999999999999805,-0.08999999999999986,0.0,0.09730591874920862,-0.029999999999999805,0
2017-09-01,0.001980518815597243,-0.4599999999999991,0.020000000000000018,0.040000000000000036,0.08999999999999986,0.009999999999999787,0.09725842276155054,0.020000000000000018,0
2017-09-05,-0.007579478568344733,2.0999999999999996,-0.050000000000000044,-0.0900000000000003,0.0,0.010000000000000231,0.10052142901974713,-0.04000000000000026,0
2017-09-06,0.003123866382146012,-0.5999999999999996,0.0,0.03000000000000025,0.0,0.009999999999999787,0.10102333415466772,0.03000000000000025,0
2017-09-07,-0.00017847581700003445,-0.08000000000000007,-0.030000000000000027,-0.050000000000000266,0.0,0.0,0.10072822241835928,-0.02000000000000024,0
2017-09-08,-0.0014898927557061015,0.5699999999999985,0.0,0.010000000000000231,0.0,0.0,0.10082828677654297,0.010000000000000231,0
2017-09-11,0.01078090425084266,-1.3899999999999988,0.050000000000000044,0.08000000000000007,0.0,-0.020000000000000018,0.09338970305345086,0.030000000000000027,0
2017-09-12,0.0033583535924837093,-0.15000000000000036,0.010000000000000009,0.029999999999999805,0.0,0.010000000000000231,0.09375506444726117,0.019999999999999796,0
2017-09-13,0.0007567795189853399,-0.08000000000000007,0.020000000000000018,0.03000000000000025,0.0,-0.03000000000000025,0.08795050549513725,0.010000000000000231,0
2017-09-14,-0.001101323902514828,-0.0600000000000005,0.020000000000000018,0.0,0.0,-0.020000000000000018,0.08807209298915784,-0.020000000000000018,0
2017-09-15,0.0018455323152091196,-0.2699999999999996,0.019999999999999796,0.0,0.0,-0.009999999999999787,0.08813471072631279,-0.019999999999999796,0
2017-09-18,0.001454807314798856,-0.019999999999999574,0.010000000000000009,0.029999999999999805,0.0,0.0,0.06562935823196367,0.019999999999999796,0
2017-09-19,0.0011096653781503818,0.02999999999999936,0.0,0.010000000000000231,0.0,-0.010000000000000231,0.06456870037517595,0.010000000000000231,0
2017-09-20,0.0006341116368568933,-0.40000000000000036,0.050000000000000044,0.03999999999999959,0.0,-0.029999999999999805,0.06463618740573497,-0.010000000000000453,0
2017-09-21,-0.0030506088934592057,-0.10999999999999943,0.0,-0.009999999999999787,0.0,-0.010000000000000231,0.058858475337779693,-0.009999999999999787,0
2017-09-22,0.0006476347566470864,-0.08000000000000007,0.010000000000000009,-0.010000000000000231,0.0,0.0,0.05668306132308617,-0.02000000000000024,0
2017-09-25,-0.002224499204925401,0.620000000000001,-0.020000000000000018,-0.03999999999999959,0.0,0.010000000000000231,0.056790384815746504,-0.019999999999999574,0
2017-09-26,7.209372187055862e-05,-0.040000000000000924,0.010000000000000009,0.020000000000000018,0.0,-0.020000000000000018,0.056862511793861883,0.010000000000000009,0
2017-09-27,0.00407684202160663,-0.3000000000000007,0.020000000000000018,0.06999999999999984,0.0,0.020000000000000018,0.057777383175200425,0.04999999999999982,0
2017-09-28,0.0012038828664966417,-0.3199999999999985,-0.020000000000000018,0.0,0.0,-0.010000000000000231,0.05776213153433092,0.020000000000000018,0
2017-09-29,0.0036982437735080254,-0.040000000000000924,0.020000000000000018,0.020000000000000018,-0.09999999999999987,-0.04999999999999982,0.05717642536322943,0.0,0
2017-10-02,0.0038665151329828618,-0.0600000000000005,0.020000000000000018,0.009999999999999787,0.09999999999999987,-0.010000000000000009,0.055679323886746825,-0.010000000000000231,0
2017-10-03,0.002156526696299288,0.0600000000000005,-0.020000000000000018,-0.009999999999999787,0.0,0.010000000000000009,0.055717936923545215,0.010000000000000231,0
2017-10-04,0.001245978332918618,0.120000000000001,0.0,0.0,0.0,0.009999999999999787,0.04591483950138389,0.0,0
2017-10-05,0.0056308733972807445,-0.4400000000000013,0.020000000000000018,0.020000000000000018,0.0,-0.009999999999999787,0.04779873335114576,0.0,0
2017-10-06,-0.0010742150246922932,0.46000000000000085,0.050000000000000044,0.020000000000000018,0.0,-0.020000000000000018,0.04832652332589511,-0.030000000000000027,0
2017-10-09,-0.001806025547531398,0.6799999999999997,0.0,0.0,0.0,0.0,0.048592872203256955,0.0,0
2017-10-10,0.002319754070958524,-0.25,-0.030000000000000027,-0.020000000000000018,0.0,-0.010000000000000009,0.035490428168528605,0.010000000000000009,0
2017-10-11,0.0018018446358105678,-0.23000000000000043,0.0,0.0,0.0,0.0,0.03468826559982876,0.0,0
2017-10-12,-0.0016881541443298786,0.0600000000000005,0.0,-0.020000000000000018,0.0,0.0,0.03600884843128584,-0.020000000000000018,0
2017-10-13,0.0008777258062382387,-0.3000000000000007,0.0,-0.050000000000000266,0.0,0.0,0.03520324123240158,-0.050000000000000266,0
2017-10-16,0.001749233933479033,0.3000000000000007,0.030000000000000027,0.020000000000000018,0.0,0.0,0.03517862190038152,-0.010000000000000009,0
2017-10-17,0.0006722689328819698,0.40000000000000036,0.0,0.0,0.0,-0.020000000000000018,0.03517831039563112,0.0,0
2017-10-18,0.0007420976706713489,-0.2400000000000002,0.050000000000000044,0.040000000000000036,0.0,0.0,0.03519267900237519,-0.010000000000000009,0
2017-10-19,0.0003279098121256041,-0.019999999999999574,-0.010000000000000009,-0.009999999999999787,0.0,-0.010000000000000009,0.03525160908615867,2.220446049250313e-16,0
2017-10-20,0.005103849469401567,-0.08000000000000007,0.020000000000000018,0.06000000000000005,0.0,0.0,0.034725245194837245,0.040000000000000036,0
2017-10-23,-0.003980402867081345,1.0999999999999996,-0.020000000000000018,-0.010000000000000231,0.0,0.0,0.03937785314876273,0.009999999999999787,0
2017-10-24,0.0016166388736671422,0.08999999999999986,0.020000000000000018,0.040000000000000036,0.0,-0.020000000000000018,0.03739195759081161,0.020000000000000018,0
2017-10-25,-0.004673963111462065,0.07000000000000028,0.010000000000000009,0.020000000000000018,0.0,0.010000000000000009,0.042694240302273555,0.010000000000000009,0
2017-10-26,0.0012701392021270408,0.07000000000000028,0.019999999999999796,0.020000000000000018,0.0,-0.020000000000000018,0.04134446817677402,2.220446049250313e-16,0
2017-10-27,0.008040545353815709,-1.5,-0.039999999999999813,-0.040000000000000036,0.0,0.020000000000000018,0.04800908318688929,-2.220446049250313e-16,0
2017-10-30,-0.0031975812572380136,0.6999999999999993,-0.010000000000000009,-0.04999999999999982,0.0,-0.010000000000000009,0.04963557134438759,-0.039999999999999813,0
2017-10-31,0.0009440395099815646,-0.3200000000000003,0.020000000000000018,0.009999999999999787,-0.08999999999999986,-0.010000000000000009,0.048529138643188766,-0.010000000000000231,0
2017-11-01,0.0015908062532812295,0.019999999999999574,0.010000000000000009,-0.009999999999999787,0.08999999999999986,0.010000000000000009,0.04837816906835837,-0.019999999999999796,0
2017-11-02,0.0001899515629224524,-0.2699999999999996,0.0,-0.020000000000000018,0.0,-0.010000000000000009,0.0484031531028209,-0.020000000000000018,0
2017-11-03,0.0030922932168460093,-0.7899999999999991,0.019999999999999796,-0.010000000000000231,0.0,0.0,0.04593595921992529,-0.030000000000000027,0
2017-11-06,0.0012705230741127949,0.2599999999999998,-0.019999999999999796,-0.020000000000000018,0.0,0.010000000000000009,0.045535154897776146,-2.220446049250313e-16,0
2017-11-07,-0.00018912456610831185,0.4900000000000002,0.019999999999999796,0.0,0.0,-0.020000000000000018,0.04471776895038216,-0.019999999999999796,0
2017-11-08,0.0014426176364308319,-0.11000000000000121,0.020000000000000018,0.0,0.0,0.020000000000000018,0.04445735109991695,-0.020000000000000018,0
2017-11-09,-0.003769071849442085,0.7200000000000006,-0.020000000000000018,0.010000000000000231,0.0,0.010000000000000009,0.04700627767477125,0.03000000000000025,0
2017-11-10,-0.0008980205445068279,0.7899999999999991,0.040000000000000036,0.06999999999999984,0.0,0.0,0.046611465588758456,0.029999999999999805,0
2017-11-13,0.0009831358177203597,0.21000000000000085,0.030000000000000027,0.0,0.0,0.0,0.04662132071661829,-0.030000000000000027,0
2017-11-14,-0.0023122919993499025,0.08999999999999986,-0.020000000000000018,-0.020000000000000018,0.0,0.0,0.047461021995338984,0.0,0
2017-11-15,-0.005540998994613133,1.540000000000001,0.0,-0.04999999999999982,0.0,0.020000000000000018,0.05169311607270166,-0.04999999999999982,0
2017-11-16,0.008162740022441106,-1.370000000000001,0.040000000000000036,0.040000000000000036,0.0,-0.030000000000000027,0.05876614273170513,0.0,0
2017-11-17,-0.0026294963926014603,-0.33000000000000007,0.010000000000000009,-0.020000000000000018,0.0,0.010000000000000009,0.05972937092915365,-0.030000000000000027,0
2017-11-20,0.0012749493588080085,-0.7799999999999994,0.040000000000000036,0.020000000000000018,0.0,-0.020000000000000018,0.05728003350256372,-0.020000000000000018,0
2017-11-21,0.006519786005639183,-0.9199999999999999,0.0,-0.010000000000000231,0.0,-0.030000000000000027,0.05930391289795091,-0.010000000000000231,0
2017-11-22,-0.0007505615129561605,0.15000000000000036,-0.030000000000000027,-0.040000000000000036,0.0,0.030000000000000027,0.05937357097407353,-0.010000000000000009,0
2017-11-24,0.0020540443802277153,-0.21000000000000085,0.010000000000000009,0.020000000000000018,0.0,-0.010000000000000009,0.05646771972696577,0.010000000000000009,0
2017-11-27,-0.00038433157526274186,0.1999999999999993,-0.010000000000000009,-0.020000000000000018,0.0,0.030000000000000027,0.05659801404221417,-0.010000000000000009,0
2017-11-28,0.009800287295721688,0.16000000000000014,0.010000000000000009,0.020000000000000018,0.0,-0.020000000000000018,0.05969501122692969,0.010000000000000009,0
2017-11-29,-0.00036930504445020773,0.6699999999999999,0.030000000000000027,0.03000000000000025,0.0,0.010000000000000009,0.05806607344517124,2.220446049250313e-16,0
2017-11-30,0.008157583185788297,0.5800000000000001,0.0,0.04999999999999982,-0.08999999999999986,-0.040000000000000036,0.06316963706675492,0.04999999999999982,0
2017-12-01,-0.0020265423397498594,0.15000000000000036,0.0,-0.04999999999999982,0.08999999999999986,-0.009999999999999787,0.06420773596818675,-0.04999999999999982,0
2017-12-04,-0.0010526994379516097,0.25,0.020000000000000018,0.0,0.0,0.0,0.06458420975501969,-0.020000000000000018,0
2017-12-05,-0.003746438721674572,-0.34999999999999964,0.030000000000000027,-0.010000000000000231,0.0,-0.030000000000000027,0.06623310944275139,-0.04000000000000026,0
2017-12-06,-0.00011409360251590783,-0.3100000000000005,-0.050000000000000044,-0.029999999999999805,0.0,0.020000000000000018,0.06627275850222662,0.02000000000000024,0
2017-12-07,0.0029280818451757895,-0.8599999999999994,0.020000000000000018,0.040000000000000036,0.0,0.019999999999999796,0.06662707290709931,0.020000000000000018,0
2017-12-08,0.005491194628844731,-0.5800000000000001,0.0,0.009999999999999787,0.0,-0.009999999999999787,0.06853397621331164,0.009999999999999787,0
2017-12-11,0.0031968457929973937,-0.2400000000000002,0.020000000000000018,0.010000000000000231,0.0,-0.020000000000000018,0.06659972068992329,-0.009999999999999787,0
2017-12-12,0.0015476797289268873,0.5800000000000001,0.010000000000000009,0.009999999999999787,0.010000000000000009,-0.010000000000000009,0.06608778287490931,-2.220446049250313e-16,0
2017-12-13,-0.00047306532187096906,0.2599999999999998,-0.040000000000000036,-0.040000000000000036,0.0,-0.010000000000000009,0.06641886653959343,0.0,0
2017-12-14,-0.004079134739528811,0.3100000000000005,0.030000000000000027,-0.009999999999999787,0.24,-0.010000000000000009,0.06793321096627263,-0.039999999999999813,0
2017-12-15,0.00893429519491562,-1.0700000000000003,0.020000000000000018,0.0,0.0,-0.020000000000000018,0.06798758098509036,-0.020000000000000018,0
2017-12-18,0.005348533148324286,0.10999999999999943,0.0,0.040000000000000036,0.010000000000000009,0.010000000000000009,0.0654353960557791,0.040000000000000036,0
2017-12-19,-0.0032355197885935993,0.5,0.030000000000000027,0.06999999999999984,0.0,0.0,0.06599373952709962,0.039999999999999813,0
2017-12-20,-0.0008282469992488828,-0.3099999999999987,0.0,0.03000000000000025,0.0,0.010000000000000009,0.0666270660931269,0.03000000000000025,0
2017-12-21,0.001983661548850435,-0.10000000000000142,0.019999999999999796,-0.010000000000000231,0.0,-0.030000000000000027,0.06435653666833537,-0.030000000000000027,0
2017-12-22,-0.0004582789284945932,0.28000000000000114,0.020000000000000018,0.0,0.0,0.0,0.06423319202024853,-0.020000000000000018,0
2017-12-26,-0.0010589429458702782,0.34999999999999964,0.010000000000000009,-0.009999999999999787,0.0,-0.010000000000000009,0.06483143986756165,-0.019999999999999796,0
2017-12-27,0.000790584626270352,0.22000000000000064,-0.030000000000000027,-0.050000000000000266,0.0,-0.020000000000000018,0.06454938152189767,-0.02000000000000024,0
2017-12-28,0.001832348152224661,-0.2900000000000009,0.020000000000000018,0.010000000000000231,0.0,0.0,0.05704863751051235,-0.009999999999999787,0
2017-12-29,-0.005196657936668458,0.8599999999999994,-0.020000000000000018,-0.03000000000000025,-0.08999999999999986,0.010000000000000009,0.06091803430410677,-0.010000000000000231,0
2018-01-02,0.008269096661867259,-1.2699999999999996,0.030000000000000027,0.06000000000000005,0.08999999999999986,0.010000000000000009,0.06108747214530457,0.030000000000000027,0
2018-01-03,0.006378433382130844,-0.6199999999999992,0.020000000000000018,-0.020000000000000018,0.0,-0.010000000000000009,0.0629927857520442,-0.040000000000000036,0
2018-01-04,0.004020568037294225,0.07000000000000028,0.020000000000000018,0.020000000000000018,0.0,-0.020000000000000018,0.06309747664011402,0.0,0
2018-01-05,0.007009177903581687,0.0,0.0,0.010000000000000231,0.0,0.010000000000000009,0.06282586106018323,0.010000000000000231,0
2018-01-08,0.0016609423836406734,0.29999999999999893,0.0,0.020000000000000018,0.0,-0.020000000000000018,0.06236763696796698,0.020000000000000018,0
2018-01-09,0.0013020551030287209,0.5600000000000005,0.020000000000000018,0.05999999999999961,0.0,0.0,0.062349365553369986,0.03999999999999959,0
2018-01-10,-0.0011128245067881792,-0.2599999999999998,0.0,0.0,0.0,-0.010000000000000009,0.06191318870366116,0.0,0
2018-01-11,0.007008997490407509,0.0600000000000005,0.0,-0.009999999999999787,0.0,-0.040000000000000036,0.06442691576579619,-0.009999999999999787,0
2018-01-12,0.006726951075669341,0.27999999999999936,0.010000000000000009,0.009999999999999787,0.0,-0.010000000000000009,0.06654573321235611,-2.220446049250313e-16,0
2018-01-16,-0.0035306886277952643,1.5,0.039999999999999813,-0.009999999999999787,0.0,-0.020000000000000018,0.06885808692038016,-0.0499999999999996,0
2018-01-17,0.009370957160522941,0.25,0.020000000000000018,0.029999999999999805,0.0,0.0,0.06968218614311032,0.009999999999999787,0
2018-01-18,-0.0016176870607855776,0.3100000000000005,0.0,0.050000000000000266,0.0,-0.020000000000000018,0.06719508795135028,0.050000000000000266,0
2018-01-19,0.004375641082824622,-0.9500000000000011,0.010000000000000231,0.020000000000000018,0.0,0.0,0.06668996924336133,0.009999999999999787,0
2018-01-22,0.008034392098314136,-0.2400000000000002,0.020000000000000018,0.020000000000000018,0.0,0.0,0.06679762696196746,0.0,0
2018-01-23,0.0021720359026726754,0.07000000000000028,-0.020000000000000018,-0.03000000000000025,0.0,0.0,0.06564636756738779,-0.010000000000000231,0
2018-01-24,-0.000560187589407235,0.370000000000001,0.020000000000000018,0.020000000000000018,0.0,0.010000000000000009,0.06660982734601587,0.0,0
2018-01-25,0.0006024531651585008,0.10999999999999943,0.0,-0.020000000000000018,0.0,-0.039999999999999813,0.06608768364962117,-0.020000000000000018,0
2018-01-26,0.011771597314994331,-0.5,0.04999999999999982,0.03000000000000025,0.0,-0.010000000000000009,0.07163170408448427,-0.019999999999999574,0
2018-01-29,-0.006754705760661395,2.76,-0.020000000000000018,0.040000000000000036,0.0,-0.010000000000000009,0.0793189484141621,0.06000000000000005,0
2018-01-30,-0.010958608318405894,0.9499999999999993,0.020000000000000018,0.029999999999999805,0.0,0.0,0.09280184029239545,0.009999999999999787,0
2018-01-31,0.0004888208887612322,-1.25,0.010000000000000231,-0.009999999999999787,-0.07999999999999985,-0.030000000000000027,0.08900234027630899,-0.020000000000000018,0
2018-02-01,-0.0006482706810171379,-0.06999999999999851,0.020000000000000018,0.05999999999999961,0.07999999999999985,0.0,0.08719127340394738,0.03999999999999959,0
2018-02-02,-0.021436645011316813,3.839999999999998,-0.010000000000000231,0.06000000000000005,0.0,0.020000000000000018,0.1180774235749591,0.07000000000000028,1
2018-02-05,-0.04184256124518182,20.01,-0.06999999999999984,-0.06999999999999984,0.0,0.04999999999999982,0.18847582577961136,0.0,1
2018-02-06,0.017290591086863927,-7.34,0.020000000000000018,0.020000000000000018,0.0,-0.019999999999999796,0.1973634669256521,0.0,1
2018-02-07,-0.005014145306667217,-2.25,0.04999999999999982,0.04999999999999982,0.0,0.010000000000000009,0.19765170492175893,0.0,1
2018-02-08,-0.038259085020510675,5.73,-0.020000000000000018,0.010000000000000231,0.0,0.009999999999999787,0.2353593345944645,0.03000000000000025,1
2018-02-09,0.014825626559633598,-4.400000000000002,-0.08000000000000007,-0.020000000000000018,0.0,0.040000000000000036,0.24334643667550582,0.06000000000000005,1
2018-02-12,0.013818684318076535,-3.4499999999999993,0.040000000000000036,0.029999999999999805,0.0,-0.030000000000000027,0.24772684421350766,-0.010000000000000231,1
2018-02-13,0.0026095439836835155,-0.6400000000000006,0.010000000000000231,-0.029999999999999805,0.0,0.050000000000000044,0.24631434058866405,-0.040000000000000036,0
2018-02-14,0.013313461230303858,-5.709999999999997,0.06999999999999984,0.08000000000000007,0.0,-0.030000000000000027,0.25197552115263233,0.010000000000000231,0
2018-02-15,0.011996836229864805,-0.13000000000000256,0.020000000000000018,-0.010000000000000231,0.0,-0.030000000000000027,0.2535429934401221,-0.03000000000000025,0
2018-02-16,0.00037339249475554226,0.33000000000000185,0.020000000000000018,-0.029999999999999805,0.0,0.030000000000000027,0.25359826445006056,-0.04999999999999982,1
2018-02-20,-0.005858531424819624,1.1400000000000006,0.040000000000000036,0.009999999999999787,0.0,0.010000000000000009,0.2532748594789981,-0.03000000000000025,1
2018-02-21,-0.005511689809003073,-0.5800000000000018,0.009999999999999787,0.06000000000000005,0.0,0.0,0.25110600587283627,0.050000000000000266,0
2018-02-22,0.0009731208529206725,-1.3000000000000007,-0.009999999999999787,-0.020000000000000018,0.0,0.010000000000000009,0.25087326825153994,-0.010000000000000231,0
2018-02-23,0.01590124602558518,-2.2300000000000004,0.0,-0.040000000000000036,0.0,0.0,0.25868968506521745,-0.040000000000000036,0
2018-02-26,0.01168842126055658,-0.6899999999999977,-0.029999999999999805,-0.020000000000000018,0.0,0.020000000000000018,0.2626659203724614,0.009999999999999787,0
2018-02-27,-0.012788286983878905,2.789999999999999,0.04999999999999982,0.040000000000000036,0.0,-0.010000000000000009,0.26138155849349687,-0.009999999999999787,0
2018-02-28,-0.01115782419577016,1.2600000000000016,-0.020000000000000018,-0.029999999999999805,-0.06999999999999984,-0.010000000000000009,0.2627936526426108,-0.009999999999999787,1
2018-03-01,-0.01341390789066299,2.6199999999999974,-0.029999999999999805,-0.06000000000000005,0.06999999999999984,0.040000000000000036,0.26393749001820405,-0.03000000000000025,0
2018-03-02,0.005058756308713441,-2.879999999999999,0.029999999999999805,0.04999999999999982,0.0,0.0,0.2650634626694953,0.020000000000000018,0
2018-03-05,0.010971639144904621,-0.8599999999999994,-0.009999999999999787,0.020000000000000018,0.0,0.0,0.268997247460234,0.029999999999999805,0
2018-03-06,0.002635318442213652,-0.370000000000001,0.009999999999999787,0.0,0.0,0.030000000000000027,0.25954288697897676,-0.009999999999999787,0
2018-03-07,-0.0004839667770610845,-0.5999999999999979,0.0,0.010000000000000231,0.0,0.020000000000000018,0.2118819288327002,0.010000000000000231,0
2018-03-08,0.004453176811945347,-1.2200000000000024,0.0,-0.03000000000000025,0.0,0.010000000000000009,0.2042651572490433,-0.03000000000000025,0
2018-03-09,0.017229511513169093,-1.8999999999999986,0.020000000000000018,0.040000000000000036,0.0,-0.010000000000000009,0.2107614576200844,0.020000000000000018,0
2018-03-12,-0.001274779824276706,1.1399999999999988,0.0,-0.029999999999999805,0.0,0.020000000000000018,0.15321120067181654,-0.029999999999999805,0
2018-03-13,-0.006383924585162681,0.5700000000000021,-0.010000000000000231,-0.03000000000000025,0.0,0.010000000000000009,0.1512144746858149,-0.020000000000000018,0
2018-03-14,-0.005740941532719646,0.879999999999999,0.0,-0.029999999999999805,0.0,0.0,0.14804218654128698,-0.029999999999999805,0
2018-03-15,-0.0007822719394123823,-0.6400000000000006,0.03000000000000025,0.009999999999999787,0.010000000000000009,0.010000000000000009,0.1482305105572521,-0.020000000000000462,0
2018-03-16,0.0017020228353894495,-0.7899999999999991,0.020000000000000018,0.03000000000000025,0.0,-0.020000000000000018,0.14187768193315442,0.010000000000000231,0
2018-03-19,-0.014306008195446474,3.219999999999999,0.0,0.0,0.0,0.010000000000000009,0.1452505132613722,0.0,0
2018-03-20,0.0014807014304167865,-0.8200000000000003,0.029999999999999805,0.040000000000000036,0.010000000000000009,-0.010000000000000009,0.1453676986446634,0.010000000000000231,0
2018-03-21,-0.0018456884848019328,-0.33999999999999986,-0.029999999999999805,0.0,0.0,0.030000000000000027,0.14408182590453894,0.029999999999999805,1
2018-03-22,-0.025484890016140405,5.48,-0.020000000000000018,-0.06000000000000005,0.24,0.020000000000000018,0.1681744596676389,-0.040000000000000036,1
2018-03-23,-0.021189833248421053,1.5300000000000011,-0.010000000000000231,-0.010000000000000231,0.0,0.030000000000000027,0.1818237745878989,0.0,1
2018-03-26,0.026795026112632847,-3.84,0.050000000000000266,0.03000000000000025,0.0,-0.030000000000000027,0.1985470277093676,-0.020000000000000018,1
2018-03-27,-0.017427312133270867,1.4699999999999989,-0.07000000000000028,-0.07000000000000028,0.0,0.020000000000000018,0.19967556650847362,0.0,1
2018-03-28,-0.002920874045064359,0.370000000000001,0.020000000000000018,-0.009999999999999787,0.0,0.0,0.19644945015695542,-0.029999999999999805,0
2018-03-29,0.013675733119263178,-2.900000000000002,-0.009999999999999787,-0.029999999999999805,0.0,-0.010000000000000009,0.20140109936976036,-0.020000000000000018,1
2018-04-02,-0.022590592580476354,3.650000000000002,-0.020000000000000018,-0.010000000000000231,0.0,0.010000000000000009,0.21065335313720798,0.009999999999999787,1
2018-04-03,0.0125359346035534,-2.5199999999999996,0.029999999999999805,0.06000000000000005,0.010000000000000009,-0.020000000000000018,0.21523427764745143,0.03000000000000025,1
2018-04-04,0.011500105825438922,-1.0400000000000027,0.0,0.0,0.0,0.010000000000000009,0.21562379062617004,0.0,0
2018-04-05,0.006839366240059874,-1.1199999999999974,0.020000000000000018,0.040000000000000036,0.0,-0.010000000000000009,0.21709051334804697,0.020000000000000018,1
2018-04-06,-0.022164022802027894,2.549999999999997,-0.029999999999999805,-0.06000000000000005,0.0,0.0,0.22891680110047302,-0.03000000000000025,1
2018-04-09,0.003331017352751431,0.28000000000000114,0.020000000000000018,0.009999999999999787,0.0,-0.010000000000000009,0.22853944075280894,-0.010000000000000231,1
2018-04-10,0.01658852125511512,-1.3000000000000007,0.029999999999999805,0.020000000000000018,0.0,-0.030000000000000027,0.2278612084769152,-0.009999999999999787,1
2018-04-11,-0.005540619488903609,-0.23000000000000043,0.0,-0.009999999999999787,0.0,0.0,0.2281055697852757,-0.009999999999999787,0
2018-04-12,0.008216880187238651,-1.75,0.020000000000000018,0.040000000000000036,0.0,-0.010000000000000009,0.23054563174280332,0.020000000000000018,0
2018-04-13,-0.0028908218745016256,-1.0799999999999983,0.03000000000000025,-0.010000000000000231,0.0,0.0,0.23013930785060074,-0.04000000000000048,0
2018-04-16,0.008076322362107646,-0.8500000000000014,0.020000000000000018,0.010000000000000231,0.0,-0.020000000000000018,0.2325890659171222,-0.009999999999999787,0
2018-04-17,0.010605144127270982,-1.3099999999999987,0.020000000000000018,-0.010000000000000231,0.0,-0.010000000000000009,0.23601786199375083,-0.03000000000000025,0
2018-04-18,0.0008310203745827138,0.34999999999999964,0.009999999999999787,0.050000000000000266,0.0,0.0,0.23086911958977496,0.04000000000000048,0
2018-04-19,-0.005742577941307836,0.3600000000000012,0.020000000000000018,0.04999999999999982,0.0,0.010000000000000009,0.23161054986351703,0.029999999999999805,0
2018-04-20,-0.008573180471046271,0.9199999999999982,0.020000000000000018,0.040000000000000036,0.010000000000000009,0.010000000000000009,0.23329895319266578,0.020000000000000018,0
2018-04-23,5.6175251820889116e-05,-0.5399999999999991,0.03000000000000025,0.020000000000000018,0.0,-0.020000000000000018,0.2152430328031078,-0.010000000000000231,0
2018-04-24,-0.01347089561834558,1.6799999999999997,-0.010000000000000231,0.020000000000000018,0.0,0.010000000000000009,0.206954165352835,0.03000000000000025,0
2018-04-25,0.0018354334726682353,-0.17999999999999972,0.010000000000000231,0.029999999999999805,0.0,0.030000000000000027,0.18434551935062538,0.019999999999999574,0
2018-04-26,0.010380129158368057,-1.6000000000000014,0.0,-0.029999999999999805,0.0,0.0,0.1768937599939772,-0.029999999999999805,0
2018-04-27,0.0011130162199064486,-0.8299999999999983,0.0,-0.040000000000000036,0.0,0.0,0.17632395953987257,-0.040000000000000036,0
2018-04-30,-0.008221243907144071,0.5199999999999996,0.0,-0.009999999999999787,-0.010000000000000009,-0.010000000000000009,0.1730441116086098,-0.009999999999999787,0
2018-05-01,0.0025458022179103423,-0.4399999999999995,0.009999999999999787,0.020000000000000018,0.010000000000000009,0.030000000000000027,0.152100974298013,0.010000000000000231,0
2018-05-02,-0.007231903167589593,0.4800000000000004,-0.009999999999999787,0.0,0.0,0.010000000000000009,0.14913021986411704,0.009999999999999787,0
2018-05-03,-0.0022562397993910466,-0.07000000000000028,0.0,-0.03000000000000025,0.0,0.030000000000000027,0.14372711455566312,-0.03000000000000025,0
2018-05-04,0.012729831933829594,-1.1300000000000008,0.019999999999999574,0.010000000000000231,0.0,0.0,0.14875881774594615,-0.009999999999999343,0
2018-05-07,0.003451995069662317,-0.019999999999999574,-0.019999999999999574,0.0,0.0,0.010000000000000009,0.12525675531063438,0.019999999999999574,0
2018-05-08,-0.00026569121971942167,-0.03999999999999915,0.019999999999999574,0.020000000000000018,0.0,0.0,0.12511625355672798,4.440892098500626e-16,0
2018-05-09,0.009635604216150284,-1.290000000000001,0.03000000000000025,0.029999999999999805,0.0,-0.010000000000000009,0.11624627212088051,-4.440892098500626e-16,0
2018-05-10,0.009327000979503453,-0.1899999999999995,0.0,-0.029999999999999805,0.0,-0.020000000000000018,0.11754654950088897,-0.029999999999999805,0
2018-05-11,0.0017061751151761229,-0.5800000000000001,0.0,0.0,0.0,-0.020000000000000018,0.11494908623564322,0.0,0
2018-05-14,0.0008831316934818645,0.27999999999999936,0.009999999999999787,0.029999999999999805,0.0,-0.010000000000000009,0.11402724673746659,0.020000000000000018,0
2018-05-15,-0.006865679959648929,1.700000000000001,0.03000000000000025,0.08000000000000007,0.0,0.0,0.11459446372579461,0.04999999999999982,0
2018-05-16,0.004052336187627681,-1.2100000000000009,0.0,0.009999999999999787,0.0,-0.010000000000000009,0.10951715524249114,0.009999999999999787,0
2018-05-17,-0.0008562100552644836,0.009999999999999787,-0.010000000000000231,0.020000000000000018,0.0,0.020000000000000018,0.1095665155283525,0.03000000000000025,0
2018-05-18,-0.002635697537312076,-0.009999999999999787,-0.020000000000000018,-0.04999999999999982,0.0,0.010000000000000009,0.10795955806722844,-0.029999999999999805,0
2018-05-21,0.007359590175901154,-0.33999999999999986,0.03000000000000025,0.0,0.0,0.0,0.10544661563918323,-0.03000000000000025,0
2018-05-22,-0.003140663512949615,0.14000000000000057,0.009999999999999787,0.0,0.0,0.0,0.10642546368806415,-0.009999999999999787,0
2018-05-23,0.0032431094088005707,-0.6400000000000006,-0.06000000000000005,-0.050000000000000266,0.0,0.010000000000000009,0.09274789527642406,0.009999999999999787,0
2018-05-24,-0.002025252246427023,-0.05000000000000071,-0.029999999999999805,-0.029999999999999805,0.0,0.0,0.09366377932697208,0.0,0
2018-05-25,-0.002360028182485152,0.6900000000000013,-0.020000000000000018,-0.04999999999999982,0.0,0.010000000000000009,0.08883416531937949,-0.029999999999999805,0
2018-05-29,-0.011631583739264428,3.799999999999999,-0.16000000000000014,-0.16000000000000014,0.0,0.10999999999999988,0.09895406428386389,0.0,0
2018-05-30,0.012615911702765992,-2.08,0.10000000000000009,0.06999999999999984,0.0,-0.050000000000000044,0.10246493456469127,-0.03000000000000025,0
2018-05-31,-0.006903336878120392,0.4900000000000002,-0.020000000000000018,-0.009999999999999787,0.0,-0.020000000000000018,0.10623078132011703,0.010000000000000231,0
2018-06-01,0.010790764075641945,-1.9699999999999989,0.07000000000000028,0.06000000000000005,0.0,0.010000000000000009,0.10719590930309449,-0.010000000000000231,0
2018-06-04,0.004469595089461542,-0.7200000000000006,0.04999999999999982,0.04999999999999982,0.0,-0.020000000000000018,0.10655484730623868,0.0,0
2018-06-05,0.0007023711683356026,-0.33999999999999986,-0.029999999999999805,-0.020000000000000018,0.0,0.020000000000000018,0.0993002718078674,0.009999999999999787,0
2018-06-06,0.008530883175666304,-0.7599999999999998,0.029999999999999805,0.050000000000000266,0.0,0.010000000000000009,0.10207639997526581,0.020000000000000462,0
2018-06-07,-0.0007144506972114328,0.4900000000000002,-0.020000000000000018,-0.040000000000000036,0.0,-0.020000000000000018,0.10219950886128411,-0.020000000000000018,0
2018-06-08,0.0031210606659346496,0.049999999999998934,0.0,0.0,0.0,0.010000000000000009,0.09826001669477538,0.0,0
2018-06-11,0.0010681475490628145,0.16999999999999993,0.020000000000000018,0.029999999999999805,0.0,-0.010000000000000009,0.0939489699455161,0.009999999999999787,0
2018-06-12,0.00174183223690072,-0.009999999999999787,0.020000000000000018,0.0,0.0,-0.010000000000000009,0.0939523347267541,-0.020000000000000018,0
2018-06-13,-0.0040341772794629804,0.5999999999999996,0.04999999999999982,0.020000000000000018,0.0,-0.009999999999999787,0.09557359964121653,-0.029999999999999805,0
2018-06-14,0.002468461812028977,-0.8200000000000003,0.0,-0.040000000000000036,0.19999999999999996,0.009999999999999787,0.09154094224619166,-0.040000000000000036,0
2018-06-15,-0.0010175922059643128,-0.1399999999999988,-0.040000000000000036,-0.009999999999999787,0.0,-0.009999999999999787,0.09125680821782498,0.03000000000000025,0
2018-06-18,-0.002128422800087293,0.33000000000000007,0.010000000000000231,-0.010000000000000231,0.0,0.029999999999999805,0.0916865343316374,-0.020000000000000462,0
2018-06-19,-0.004031549765964648,1.0399999999999991,-0.020000000000000018,-0.029999999999999805,0.010000000000000009,0.010000000000000009,0.09249438173157193,-0.009999999999999787,0
2018-06-20,0.001710697336311462,-0.5600000000000005,0.020000000000000018,0.040000000000000036,0.010000000000000009,0.010000000000000009,0.08951725310163687,0.020000000000000018,0
2018-06-21,-0.006365707692292055,1.8500000000000014,0.0,-0.03000000000000025,0.0,0.030000000000000027,0.09187859740268851,-0.03000000000000025,0
2018-06-22,0.0018602493447312796,-0.870000000000001,0.0,0.0,0.0,0.020000000000000018,0.09147108358045096,0.0,0
2018-06-25,-0.013819790665146492,3.5599999999999987,-0.020000000000000018,-0.029999999999999805,0.0,0.020000000000000018,0.1036802804301135,-0.009999999999999787,0
2018-06-26,0.0022021541473096207,-1.4099999999999984,-0.010000000000000231,0.009999999999999787,0.0,0.0,0.1036799608985858,0.020000000000000018,0
2018-06-27,-0.008641521386802076,1.9900000000000002,-0.009999999999999787,-0.04999999999999982,-0.010000000000000009,-0.010000000000000009,0.09989046419585919,-0.040000000000000036,0
2018-06-28,0.006159615039220689,-1.0599999999999987,0.0,0.009999999999999787,0.0,0.020000000000000018,0.09194458811033493,0.009999999999999787,0
2018-06-29,0.0007580943491278802,-0.7600000000000016,0.0,0.010000000000000231,0.0,-0.010000000000000009,0.0886080613535466,0.010000000000000231,0
2018-07-02,0.0030633182696382377,-0.4900000000000002,0.04999999999999982,0.020000000000000018,0.0,-0.020000000000000018,0.08069350239786512,-0.029999999999999805,0
2018-07-03,-0.004959632808581027,0.5400000000000009,-0.040000000000000036,-0.040000000000000036,0.0,0.020000000000000018,0.08052042549219753,0.0,0
2018-07-05,0.00858380669408465,-1.17,0.020000000000000018,0.009999999999999787,0.0,-0.040000000000000036,0.08651599974096029,-0.010000000000000231,0
2018-07-06,0.008445532084703444,-1.6000000000000014,-0.020000000000000018,-0.020000000000000018,0.0,0.010000000000000009,0.0864077646173129,0.0,0
2018-07-09,0.00878434361527436,-0.6799999999999997,0.040000000000000036,0.040000000000000036,0.0,-0.030000000000000027,0.0918130881040165,0.0,0
2018-07-10,0.0034671897996760848,-0.049999999999998934,0.020000000000000018,0.010000000000000231,0.0,-0.020000000000000018,0.09195781780457828,-0.009999999999999787,0
2018-07-11,-0.007119461953973172,0.9900000000000002,-0.009999999999999787,-0.020000000000000018,0.0,0.0,0.09535468629854243,-0.010000000000000231,0
2018-07-12,0.008710984661528975,-1.0500000000000007,0.020000000000000018,0.0,0.0,-0.010000000000000009,0.10002636446752115,-0.020000000000000018,0
2018-07-13,0.0010786485794733736,-0.40000000000000036,-0.010000000000000231,-0.020000000000000018,0.0,0.0,0.09886382000270705,-0.009999999999999787,0
2018-07-16,-0.0010286192765862623,0.6500000000000004,0.0,0.020000000000000018,0.0,0.010000000000000009,0.09870116691463543,0.020000000000000018,0
2018-07-17,0.0039657825363441646,-0.7699999999999996,0.03000000000000025,0.009999999999999787,0.0,-0.010000000000000009,0.09938801887426968,-0.020000000000000462,0
2018-07-18,0.002158157835582486,0.03999999999999915,-0.020000000000000018,0.020000000000000018,0.0,-0.010000000000000009,0.09906332227181164,0.040000000000000036,0
2018-07-19,-0.003960781746415343,0.7699999999999996,0.0,-0.040000000000000036,0.0,0.010000000000000009,0.09902090645743447,-0.040000000000000036,0
2018-07-20,-0.0009489291369755293,-0.009999999999999787,0.0,0.050000000000000266,0.0,0.010000000000000009,0.09911311985009358,0.050000000000000266,0
2018-07-23,0.001836397184893812,-0.2400000000000002,0.040000000000000036,0.06999999999999984,0.0,0.0,0.09588000129607238,0.029999999999999805,0
2018-07-24,0.004769546552918058,-0.20999999999999908,-0.010000000000000231,-0.009999999999999787,0.0,-0.030000000000000027,0.09674204558628027,4.440892098500626e-16,0
2018-07-25,0.009060376426541339,-0.120000000000001,0.03000000000000025,-0.010000000000000231,0.0,-0.009999999999999787,0.08383004639562056,-0.04000000000000048,0
2018-07-26,-0.003036858079784821,-0.14999999999999858,0.029999999999999805,0.040000000000000036,0.0,-0.020000000000000018,0.08577716677993938,0.010000000000000231,0
2018-07-27,-0.006583879546122162,0.8899999999999988,-0.020000000000000018,-0.020000000000000018,0.0,-0.010000000000000009,0.0828181588709533,0.0,0
2018-07-30,-0.0057707999094027684,1.2300000000000004,-0.009999999999999787,0.020000000000000018,0.0,0.0,0.08563599306374743,0.029999999999999805,0
2018-07-31,0.004872858193981422,-1.4299999999999997,0.009999999999999787,-0.020000000000000018,0.0,-0.010000000000000009,0.08637643639009411,-0.029999999999999805,0
2018-08-01,-0.0010409173801422256,0.3200000000000003,0.0,0.040000000000000036,0.0,0.0,0.08672073270124576,0.040000000000000036,0
2018-08-02,0.004914398127409569,-0.9600000000000009,-0.009999999999999787,-0.020000000000000018,0.0,0.010000000000000009,0.08417650399055362,-0.010000000000000231,0
2018-08-03,0.004633387321150373,-0.5499999999999989,-0.03000000000000025,-0.029999999999999805,0.0,0.0,0.08132367008647572,4.440892098500626e-16,0
2018-08-06,0.0035320512931100723,-0.370000000000001,0.010000000000000231,-0.010000000000000231,0.0,-0.020000000000000018,0.07795450345306211,-0.020000000000000462,0
2018-08-07,0.0028201845679713955,-0.33999999999999986,0.040000000000000036,0.040000000000000036,0.0,0.0,0.07358414971609127,0.0,0
2018-08-08,-0.0002624143888114716,-0.08000000000000007,0.0,-0.020000000000000018,0.0,0.020000000000000018,0.07330428617955624,-0.020000000000000018,0
2018-08-09,-0.001442759141442096,0.41999999999999993,-0.040000000000000036,-0.029999999999999805,0.0,0.010000000000000009,0.06773333840496315,0.010000000000000231,0
2018-08-10,-0.0071392952256221776,1.8900000000000006,-0.03000000000000025,-0.06000000000000005,0.0,0.020000000000000018,0.06827161328365836,-0.029999999999999805,0
2018-08-13,-0.004014003101378449,1.6199999999999992,0.0,0.009999999999999787,0.0,0.039999999999999813,0.0700695870985487,0.009999999999999787,0
2018-08-14,0.006368919546678065,-1.4699999999999989,0.020000000000000018,0.010000000000000231,0.0,-0.010000000000000009,0.07286682136486543,-0.009999999999999787,0
2018-08-15,-0.007631263915858,1.33,-0.020000000000000018,-0.03000000000000025,0.0,0.0,0.0772625283945837,-0.010000000000000231,0
2018-08-16,0.007888276759113744,-1.1900000000000013,0.020000000000000018,0.010000000000000231,0.010000000000000009,-0.010000000000000009,0.08156955842665453,-0.009999999999999787,0
2018-08-17,0.003317626865218415,-0.8099999999999987,-0.020000000000000018,0.0,0.0,0.0,0.08053199372405838,0.020000000000000018,0
2018-08-20,0.0024250166951826913,-0.15000000000000036,-0.009999999999999787,-0.050000000000000266,0.0,0.0,0.08047337813049296,-0.04000000000000048,0
2018-08-21,0.002066430689121823,0.3699999999999992,0.009999999999999787,0.03000000000000025,0.0,-0.010000000000000009,0.08050998351942565,0.020000000000000462,0
2018-08-22,-0.0003982685850179024,-0.6099999999999994,-0.009999999999999787,-0.03000000000000025,0.0,0.030000000000000027,0.0793955798015935,-0.020000000000000462,0
2018-08-23,-0.0016926632005294096,0.16000000000000014,0.009999999999999787,0.0,0.0,-0.010000000000000009,0.07364893472083749,-0.009999999999999787,0
2018-08-24,0.006179719474591394,-0.41999999999999993,0.020000000000000018,0.0,0.0,0.0,0.07547092097887247,-0.020000000000000018,0
2018-08-27,0.007641124395723509,0.16999999999999993,0.040000000000000036,0.03000000000000025,0.0,-0.010000000000000009,0.07443995884483101,-0.009999999999999787,0
2018-08-28,0.00026923196567363306,0.33999999999999986,0.0,0.029999999999999805,0.0,0.010000000000000009,0.07002205418165697,0.029999999999999805,0
2018-08-29,0.005685235804660849,-0.25,0.0,0.010000000000000231,0.0,-0.020000000000000018,0.0705570283166295,0.010000000000000231,0
2018-08-30,-0.004440118245784497,1.2799999999999994,-0.029999999999999805,-0.03000000000000025,0.0,0.020000000000000018,0.07311149593664483,-4.440892098500626e-16,0
2018-08-31,0.00013442134217545032,-0.6699999999999999,-0.020000000000000018,0.0,-0.010000000000000009,0.020000000000000018,0.07213679271752825,0.020000000000000018,0
2018-09-04,-0.0016556752036844813,0.3000000000000007,0.040000000000000036,0.040000000000000036,0.010000000000000009,0.020000000000000018,0.0716923799354039,0.0,0
2018-09-05,-0.002807106722542585,0.75,0.0,0.0,0.0,0.010000000000000009,0.07216144039076045,0.0,0
2018-09-06,-0.0036589741948480636,0.7400000000000002,-0.020000000000000018,-0.020000000000000018,0.0,-0.020000000000000018,0.07317149637727312,0.0,0
2018-09-07,-0.0022157571246541607,0.23000000000000043,0.06999999999999984,0.06000000000000005,0.0,0.0,0.07368031837192007,-0.009999999999999787,0
2018-09-10,0.0018960451407243895,-0.7200000000000006,0.020000000000000018,0.0,0.0,-0.010000000000000009,0.07363163376952518,-0.020000000000000018,0
2018-09-11,0.00373286215637858,-0.9399999999999995,0.029999999999999805,0.040000000000000036,0.0,-0.020000000000000018,0.06911455572763012,0.010000000000000231,0
2018-09-12,0.00035659819551447924,-0.08000000000000007,-0.019999999999999574,-0.009999999999999787,0.0,-0.010000000000000009,0.06681183562581826,0.009999999999999787,0
2018-09-13,0.005268348654683841,-0.7700000000000014,0.019999999999999574,0.0,0.0,-0.019999999999999796,0.06582327758418052,-0.019999999999999574,0
2018-09-14,0.0002754270858638108,-0.29999999999999893,0.020000000000000018,0.020000000000000018,0.0,0.009999999999999787,0.0578810106763069,0.0,0
2018-09-17,-0.005585314617481352,1.6099999999999994,0.0,0.0,0.0,0.0,0.05779014137199335,0.0,0
2018-09-18,0.0053546495954313045,-0.8900000000000006,0.03000000000000025,0.05999999999999961,0.0,0.0,0.05931901383426988,0.02999999999999936,0
2018-09-19,0.0012525249991828247,-1.0399999999999991,0.0,0.03000000000000025,0.0,0.0,0.05907695100773425,0.03000000000000025,0
2018-09-20,0.0078099973940757295,0.05000000000000071,0.0,-0.010000000000000231,0.0,-0.029999999999999805,0.06374425973374855,-0.010000000000000231,0
2018-09-21,-0.000368574270180666,-0.120000000000001,0.0,0.0,0.0,-0.020000000000000018,0.0637354635060981,0.0,0
2018-09-24,-0.0035219491222058252,0.5199999999999996,0.020000000000000018,0.010000000000000231,0.010000000000000009,0.010000000000000009,0.06505251531049837,-0.009999999999999787,0
2018-09-25,-0.001305928448663174,0.22000000000000064,0.0,0.020000000000000018,0.0,-0.010000000000000009,0.06271020089884695,0.020000000000000018,0
2018-09-26,-0.0032946695026323525,0.47000000000000064,0.0,-0.040000000000000036,0.0,0.010000000000000009,0.058712601625907974,-0.040000000000000036,0
2018-09-27,0.002759466146894596,-0.4800000000000004,0.0,0.0,0.2500000000000002,-0.010000000000000009,0.05940516474086074,0.0,0
2018-09-28,-6.863441535109871e-06,-0.2900000000000009,-0.020000000000000018,-0.010000000000000231,0.0,0.010000000000000009,0.05604478145683086,0.009999999999999787,0
2018-10-01,0.003634455587306462,-0.11999999999999922,0.009999999999999787,0.040000000000000036,0.0,-0.010000000000000009,0.054955709169484175,0.03000000000000025,0
2018-10-02,-0.00039671547471265,0.05000000000000071,0.0,-0.040000000000000036,0.0,0.010000000000000009,0.05501681001754757,-0.040000000000000036,0
2018-10-03,0.000711240015347947,-0.4400000000000013,0.03000000000000025,0.10000000000000009,0.0,-0.010000000000000009,0.0545339790228347,0.06999999999999984,0
2018-10-04,-0.008203069104388838,2.610000000000001,0.020000000000000018,0.040000000000000036,0.0,0.010000000000000009,0.06139295557755681,0.020000000000000018,0
2018-10-05,-0.005543301253227106,0.5999999999999996,0.009999999999999787,0.040000000000000036,0.0,0.010000000000000009,0.06321084673477274,0.03000000000000025,0
2018-10-08,-0.0003951473188328336,0.8699999999999992,0.0,0.0,0.0,0.0,0.06267398226901148,0.0,0
2018-10-09,-0.0014189640475690268,0.2599999999999998,0.0,-0.020000000000000018,0.0,-0.010000000000000009,0.06260295634548958,-0.020000000000000018,1
2018-10-10,-0.033416333989062075,7.010000000000002,0.0,0.010000000000000231,0.0,0.020000000000000018,0.1305183398863549,0.010000000000000231,1
2018-10-11,-0.020787647463574643,2.0199999999999996,-0.029999999999999805,-0.08000000000000007,0.0,0.019999999999999796,0.14593039891665865,-0.050000000000000266,1
2018-10-12,0.014106320709680986,-3.6700000000000017,0.0,0.009999999999999787,0.0,0.0,0.1549605032746912,0.009999999999999787,1
2018-10-15,-0.005922538841602432,-0.00999999999999801,0.0,0.010000000000000231,0.0,0.010000000000000009,0.15514890198856585,0.010000000000000231,0
2018-10-16,0.02126787003864994,-3.6799999999999997,0.020000000000000018,0.0,0.0,-0.010000000000000009,0.17522030346667405,-0.020000000000000018,0
2018-10-17,-0.0002527081607928139,-0.22000000000000242,0.020000000000000018,0.029999999999999805,0.009999999999999787,0.0,0.1735987743551601,0.009999999999999787,1
2018-10-18,-0.014496515061646065,2.66,-0.020000000000000018,-0.020000000000000018,0.0,0.040000000000000036,0.17884807566023916,0.0,0
2018-10-19,-0.00036123513910180094,-0.16999999999999815,0.04999999999999982,0.03000000000000025,0.0,0.0,0.17521070297865604,-0.019999999999999574,0
2018-10-22,-0.004308743988789665,-0.25,0.0,0.0,0.0,0.0,0.17507476247797663,0.0,1
2018-10-23,-0.005527097324213415,1.0700000000000003,-0.029999999999999805,-0.03000000000000025,0.010000000000000231,0.040000000000000036,0.17530042242640995,-4.440892098500626e-16,1
2018-10-24,-0.03135083200711897,4.52,-0.050000000000000266,-0.06999999999999984,0.0,0.030000000000000027,0.20068447062332037,-0.019999999999999574,1
2018-10-25,0.018453729479332104,-1.0100000000000016,0.020000000000000018,0.040000000000000036,0.0,-0.010000000000000009,0.215816856684875,0.020000000000000018,1
2018-10-26,-0.017479090705259992,-0.05999999999999872,-0.04999999999999982,-0.06000000000000005,0.0,0.040000000000000036,0.21988492369988438,-0.010000000000000231,1
2018-10-29,-0.006581230333774002,0.5399999999999991,0.0,0.0,0.0,0.0,0.21942150026315366,0.0,1
2018-10-30,0.015545366655689286,-1.3499999999999979,0.029999999999999805,0.040000000000000036,0.0,0.009999999999999787,0.2287874113590991,0.010000000000000231,1
2018-10-31,0.010792838671998872,-2.120000000000001,0.03000000000000025,0.029999999999999805,0.0,0.0,0.23429434333333732,-4.440892098500626e-16,0
2018-11-01,0.010502452503905246,-1.8900000000000006,-0.03000000000000025,-0.009999999999999787,0.0,0.010000000000000231,0.23896216454916877,0.020000000000000462,0
2018-11-02,-0.006336699810106872,0.1700000000000017,0.07000000000000028,0.08000000000000007,-0.010000000000000231,-0.020000000000000018,0.2385483679132601,0.009999999999999787,0
2018-11-05,0.00558469381702853,0.4499999999999993,0.0,-0.020000000000000018,0.010000000000000231,0.0,0.24017682739250204,-0.020000000000000018,0
2018-11-06,0.006239826862748821,-0.05000000000000071,0.020000000000000018,0.020000000000000018,0.0,-0.040000000000000036,0.24200035912837736,0.0,0
2018-11-07,0.020987099015789212,-3.5500000000000007,0.029999999999999805,0.0,0.0,-0.020000000000000018,0.2549850190037186,-0.029999999999999805,0
2018-11-08,-0.0025121349979597696,0.35999999999999943,0.020000000000000018,0.020000000000000018,0.0,0.0,0.22653831825375342,0.0,0
2018-11-09,-0.009241561593021252,0.6400000000000006,-0.040000000000000036,-0.050000000000000266,-0.010000000000000231,0.020000000000000018,0.2162548378147142,-0.010000000000000231,1
2018-11-12,-0.01989813672759233,3.09,0.0,0.0,0.0,0.0,0.22211189687019786,0.0,1
2018-11-13,-0.0014830044565128375,-0.4299999999999997,-0.04999999999999982,-0.04999999999999982,0.010000000000000231,0.06000000000000005,0.22132999603438794,0.0,1
2018-11-14,-0.007596242848709522,1.2300000000000004,-0.03000000000000025,-0.020000000000000018,0.0,0.04999999999999982,0.20773239403741783,0.010000000000000231,0
2018-11-15,0.010538079545353796,-1.2699999999999996,0.0,-0.010000000000000231,0.0,0.040000000000000036,0.21210955858710484,-0.010000000000000231,0
2018-11-16,0.00222081251512396,-1.8399999999999999,-0.04999999999999982,-0.029999999999999805,0.0,0.0,0.2069042122992451,0.020000000000000018,1
2018-11-19,-0.0167831468390931,1.9600000000000009,-0.020000000000000018,-0.020000000000000018,0.0,0.03000000000000025,0.2143880611726164,0.0,1
2018-11-20,-0.01831796215430881,2.379999999999999,0.0,0.0,0.0,0.009999999999999787,0.22217974210181138,0.0,1
2018-11-21,0.0030386544464438003,-1.6799999999999997,0.020000000000000018,0.0,0.0,0.0,0.22245324128491153,-0.020000000000000018,1
2018-11-23,-0.00657646776585441,0.7199999999999989,0.0,-0.010000000000000231,0.0,0.010000000000000231,0.1956504221665422,-0.010000000000000231,0
2018-11-26,0.015413016366781385,-2.620000000000001,0.029999999999999805,0.020000000000000018,0.0,-0.020000000000000018,0.19220697549876675,-0.009999999999999787,0
2018-11-27,0.0032563952280595387,0.120000000000001,-0.009999999999999787,-0.009999999999999787,0.0,0.040000000000000036,0.18239186147977704,0.0,0
2018-11-28,0.022714007938884784,-0.5300000000000011,-0.020000000000000018,0.0,0.0,0.020000000000000018,0.1959533010260758,0.020000000000000018,0
2018-11-29,-0.002185498143502329,0.3000000000000007,0.0,-0.03000000000000025,0.0,0.03999999999999959,0.18982821170301603,-0.03000000000000025,0
2018-11-30,0.008137593855837011,-0.7199999999999989,-0.010000000000000231,-0.020000000000000018,0.0,0.010000000000000231,0.18831368792737424,-0.009999999999999787,0
2018-12-03,0.010881931492828123,-1.629999999999999,0.03000000000000025,-0.029999999999999805,-0.010000000000000231,-0.010000000000000231,0.18856337333394066,-0.06000000000000005,1
2018-12-04,-0.03290020854234488,4.299999999999997,-0.03000000000000025,-0.06999999999999984,0.010000000000000231,-0.009999999999999787,0.22100166774408725,-0.03999999999999959,1
2018-12-06,-0.0015233481015792805,0.45000000000000284,-0.04999999999999982,-0.040000000000000036,0.0,0.040000000000000036,0.2199439301766181,0.009999999999999787,1
2018-12-07,-0.02359638323855595,2.039999999999999,-0.029999999999999805,-0.020000000000000018,-0.010000000000000231,0.020000000000000018,0.23196548246251447,0.009999999999999787,1
2018-12-10,0.0017606440003854473,-0.5899999999999999,0.0,0.0,0.010000000000000231,0.0,0.21685803133922088,0.0,1
2018-12-11,-0.0003564318930520116,-0.879999999999999,0.05999999999999961,0.040000000000000036,-0.010000000000000231,-0.050000000000000266,0.21705747860188457,-0.019999999999999574,1
2018-12-12,0.005404856335625041,-0.3000000000000007,-0.009999999999999787,0.020000000000000018,0.0,-0.019999999999999574,0.21765942974723346,0.029999999999999805,1
2018-12-13,-0.00019993926439898502,-0.8100000000000023,-0.020000000000000018,0.0,0.0,0.009999999999999787,0.20805196067833331,0.020000000000000018,1
2018-12-14,-0.019271178750727813,0.9800000000000004,-0.020000000000000018,-0.020000000000000018,0.0,0.0,0.2171324059135314,0.0,1
2018-12-17,-0.020992280594401613,2.8900000000000006,-0.029999999999999805,-0.03000000000000025,0.010000000000000231,0.0,0.22611005849201213,-4.440892098500626e-16,1
2018-12-18,8.640835809892167e-05,1.0599999999999987,-0.050000000000000266,-0.040000000000000036,0.0,0.009999999999999787,0.22117156895038134,0.010000000000000231,1
2018-12-19,-0.01551547811321008,0.0,-0.020000000000000018,-0.04999999999999982,0.0,0.010000000000000231,0.22408441557993958,-0.029999999999999805,1
2018-12-20,-0.015897793403096827,2.8000000000000007,0.040000000000000036,0.020000000000000018,0.19999999999999973,0.009999999999999787,0.22347655977339964,-0.020000000000000018,1
2018-12-21,-0.020803200653483067,1.7300000000000004,-0.040000000000000036,0.0,0.0,0.03000000000000025,0.22562075157562483,0.040000000000000036,1
2018-12-24,-0.02748656592240728,5.960000000000001,-0.08000000000000007,-0.04999999999999982,0.0,0.040000000000000036,0.23766381740693582,0.03000000000000025,1
2018-12-26,0.048403238994109365,-5.66,0.06000000000000005,0.06999999999999984,0.0,-0.020000000000000018,0.30255523108258403,0.009999999999999787,1
2018-12-27,0.00852617779166831,-0.4499999999999993,-0.04999999999999982,-0.040000000000000036,0.0,0.029999999999999805,0.298160123305313,0.009999999999999787,1
2018-12-28,-0.0012423185913208457,-1.620000000000001,-0.040000000000000036,-0.04999999999999982,0.0,0.08000000000000007,0.29729926492773523,-0.009999999999999787,1
2018-12-31,0.008456582977787619,-2.919999999999998,-0.040000000000000036,-0.03000000000000025,0.0,0.010000000000000231,0.28524386306927685,0.009999999999999787,1
2019-01-02,0.001267720346464607,-2.200000000000003,0.020000000000000018,-0.029999999999999805,0.0,0.0,0.2858167577092095,-0.04999999999999982,1
2019-01-03,-0.025068276263535694,2.2300000000000004,-0.10999999999999988,-0.10000000000000009,0.0,0.029999999999999805,0.2909505511998632,0.009999999999999787,1
2019-01-04,0.033759378318729105,-4.07,0.10999999999999988,0.10999999999999988,0.0,-0.029999999999999805,0.3170212523466123,0.0,1
2019-01-07,0.006985975834124858,0.019999999999999574,0.029999999999999805,0.03000000000000025,0.0,-0.03000000000000025,0.3019537856724603,4.440892098500626e-16,1
2019-01-08,0.009648598495866523,-0.9299999999999997,0.050000000000000266,0.029999999999999805,0.0,-0.029999999999999805,0.3049806177909109,-0.020000000000000462,0
2019-01-09,0.004089652304170244,-0.48999999999999844,-0.020000000000000018,0.010000000000000231,0.0,0.0,0.2954336766618153,0.03000000000000025,0
2019-01-10,0.004508267632578722,-0.4800000000000004,0.0,0.0,0.0,0.029999999999999805,0.29589587879702145,0.0,0
2019-01-11,-0.00014635367547111144,-1.3099999999999987,-0.010000000000000231,-0.03000000000000025,0.0,0.0,0.29590027164780475,-0.020000000000000018,0
2019-01-14,-0.0052714324201366125,0.879999999999999,-0.020000000000000018,0.0,0.0,0.040000000000000036,0.29541873020217324,0.020000000000000018,0
2019-01-15,0.010664641768124206,-0.46999999999999886,0.0,0.010000000000000231,0.0,0.0,0.2982868625934133,0.010000000000000231,0
2019-01-16,0.0022195019060893273,0.4399999999999977,0.020000000000000018,0.009999999999999787,0.0,-0.009999999999999787,0.29064612364720493,-0.010000000000000231,0
2019-01-17,0.007562782854257932,-0.9800000000000004,0.010000000000000231,0.020000000000000018,0.0,-0.020000000000000018,0.2809660004170905,0.009999999999999787,0
2019-01-18,0.013096912647037051,-0.259999999999998,0.06000000000000005,0.040000000000000036,0.0,-0.050000000000000266,0.28365296256702816,-0.020000000000000018,1
2019-01-22,-0.01425845436347739,3.0,-0.040000000000000036,-0.04999999999999982,0.0,0.0,0.2826914239114583,-0.009999999999999787,0
2019-01-23,0.0022004713333094728,-1.2800000000000011,0.0,0.019999999999999574,0.0,-0.009999999999999787,0.2748270301898186,0.019999999999999574,0
2019-01-24,0.0013747320396557683,-0.629999999999999,-0.020000000000000018,-0.03999999999999959,0.0,0.0,0.2608055401559994,-0.019999999999999574,0
2019-01-25,0.008452893602496125,-1.4699999999999989,0.040000000000000036,0.03999999999999959,0.0,-0.03000000000000025,0.23403951334732093,-4.440892098500626e-16,0
2019-01-28,-0.007877809121116464,1.4499999999999993,0.0,-0.009999999999999787,0.0,0.020000000000000018,0.18053654860864538,-0.009999999999999787,0
2019-01-29,-0.0014572709979780996,0.259999999999998,-0.040000000000000036,-0.029999999999999805,0.0,0.0,0.18019562167133457,0.010000000000000231,0
2019-01-30,0.01542959167924618,-1.4699999999999989,-0.040000000000000036,-0.020000000000000018,0.0,0.010000000000000231,0.18467338801376876,0.020000000000000018,0
2019-01-31,0.008560630907941125,-1.0899999999999999,-0.06999999999999984,-0.07000000000000028,0.0,0.009999999999999787,0.1847082006648738,-4.440892098500626e-16,0
2019-02-01,0.000898231874432831,-0.4299999999999997,0.06999999999999984,0.07000000000000028,0.0,-0.06999999999999984,0.184771580050447,4.440892098500626e-16,0
2019-02-04,0.00675334893535684,-0.41000000000000014,0.009999999999999787,0.029999999999999805,0.0,-0.010000000000000231,0.1526806304733631,0.020000000000000018,0
2019-02-05,0.004697431279442554,-0.16000000000000014,0.0,-0.020000000000000018,0.0,-0.029999999999999805,0.1116280055667777,-0.020000000000000018,0
2019-02-06,-0.0022269728784429788,-0.1899999999999995,-0.009999999999999787,-0.009999999999999787,0.0,0.009999999999999787,0.11278847299203053,0.0,0
2019-02-07,-0.009401171920809581,0.9900000000000002,-0.040000000000000036,-0.050000000000000266,0.0,0.03000000000000025,0.1184043610000155,-0.010000000000000231,0
2019-02-08,0.0006760338865472448,-0.6500000000000004,-0.029999999999999805,-0.020000000000000018,0.0,-0.010000000000000231,0.118371889927932,0.009999999999999787,0
2019-02-11,0.0007087905082547863,0.25,0.029999999999999805,0.020000000000000018,0.0,0.0,0.1181748474913061,-0.009999999999999787,0
2019-02-12,0.012807878037835785,-0.5400000000000009,0.020000000000000018,0.03000000000000025,0.0,0.0,0.12356441340230603,0.010000000000000231,0
2019-02-13,0.0030194138361174794,0.22000000000000064,0.029999999999999805,0.029999999999999805,0.0,-0.029999999999999805,0.1201598630545157,0.0,0
2019-02-14,-0.002655145628696509,0.5699999999999985,-0.029999999999999805,-0.04999999999999982,0.0,0.029999999999999805,0.11836004961029074,-0.020000000000000018,0
2019-02-15,0.010819962367806468,-1.3099999999999987,0.020000000000000018,0.0,0.0,-0.020000000000000018,0.12188404430881274,-0.020000000000000018,0
2019-02-19,0.0014976529973074193,-0.02999999999999936,-0.020000000000000018,-0.010000000000000231,0.0,0.0,0.1207144662725857,0.009999999999999787,0
2019-02-20,0.0017755546082875995,-0.8600000000000012,0.0,0.0,0.0,-0.04999999999999982,0.11443410411149474,0.0,0
2019-02-21,-0.0035326446287138324,0.4400000000000013,0.029999999999999805,0.040000000000000036,0.0,0.0,0.10041814696759892,0.010000000000000231,0
2019-02-22,0.006390624438174619,-0.9500000000000011,-0.04999999999999982,-0.040000000000000036,0.0,0.020000000000000018,0.10130526356494786,0.009999999999999787,0
2019-02-25,0.0012310380564022338,1.3399999999999999,0.029999999999999805,0.020000000000000018,0.0,-0.020000000000000018,0.101330178826407,-0.009999999999999787,0
2019-02-26,-0.0007906963011299339,0.3200000000000003,-0.029999999999999805,-0.029999999999999805,0.0,0.010000000000000231,0.09975770088376228,0.0,0
2019-02-27,-0.0005441904227900807,-0.47000000000000064,0.020000000000000018,0.04999999999999982,0.0,0.009999999999999787,0.09340575522397475,0.029999999999999805,0
2019-02-28,-0.0028295460586900134,0.08000000000000007,0.020000000000000018,0.040000000000000036,0.0,-0.029999999999999805,0.09427425029217117,0.020000000000000018,0
2019-03-01,0.006871673980360704,-1.209999999999999,0.029999999999999805,0.029999999999999805,0.0,0.0,0.08358331204957847,0.0,0
2019-03-04,-0.0038881492742657286,1.0600000000000005,0.0,-0.03999999999999959,0.0,0.0,0.08263447052857406,-0.03999999999999959,0
2019-03-05,-0.0011321175028617958,0.10999999999999943,0.0,0.0,0.0,0.0,0.08313008569942981,0.0,0
2019-03-06,-0.006545490992497349,1.0,-0.029999999999999805,-0.03000000000000025,0.0,0.029999999999999805,0.08516098930804983,-4.440892098500626e-16,0
2019-03-07,-0.0081589038889609,0.8499999999999996,-0.04999999999999982,-0.04999999999999982,0.0,0.0,0.08930533565148173,0.0,0
2019-03-08,-0.0021340139198384733,-0.5399999999999991,-0.020000000000000018,-0.020000000000000018,0.0,0.020000000000000018,0.08927414630472845,0.0,0
2019-03-11,0.014559542940995485,-1.7200000000000006,0.020000000000000018,0.020000000000000018,0.0,0.0,0.09519646204104744,0.0,0
2019-03-12,0.002948976274417703,-0.5600000000000005,-0.020000000000000018,-0.03000000000000025,0.0,-0.020000000000000018,0.09532214338657889,-0.010000000000000231,0
2019-03-13,0.006925581547047699,-0.35999999999999943,0.0,0.0,0.0,0.009999999999999787,0.09712978405056603,0.0,0
2019-03-14,-0.0008684201706037342,0.08999999999999986,0.009999999999999787,0.020000000000000018,0.0,0.010000000000000231,0.08868944095037394,0.010000000000000231,0
2019-03-15,0.004972519373935391,-0.6199999999999992,-0.029999999999999805,-0.040000000000000036,0.0,0.009999999999999787,0.0894784279879663,-0.010000000000000231,0
2019-03-18,0.003699110562036978,0.21999999999999886,0.020000000000000018,0.010000000000000231,0.0,-0.009999999999999787,0.0887455705447996,-0.009999999999999787,0
2019-03-19,-0.00013061489628451994,0.46000000000000085,0.009999999999999787,0.009999999999999787,0.0,0.0,0.08209643236256335,0.0,0
2019-03-20,-0.0029486656918287224,0.34999999999999964,-0.06000000000000005,-0.06999999999999984,0.010000000000000231,0.020000000000000018,0.08317246514985852,-0.009999999999999787,0
2019-03-21,0.010794049627223856,-0.27999999999999936,0.010000000000000231,0.0,0.0,-0.010000000000000231,0.09014111411562602,-0.010000000000000231,0
2019-03-22,-0.01915685423505309,2.8499999999999996,-0.10000000000000009,-0.10000000000000009,0.0,0.020000000000000018,0.11363264319099262,0.0,0
2019-03-25,-0.0008394251681052012,-0.15000000000000213,-0.050000000000000266,-0.009999999999999787,-0.010000000000000231,-0.020000000000000018,0.11160508246943616,0.04000000000000048,0
2019-03-26,0.00715710519489221,-1.6499999999999986,-0.019999999999999574,-0.020000000000000018,0.0,0.020000000000000018,0.11422118351313575,-4.440892098500626e-16,0
2019-03-27,-0.0046551989086820456,0.47000000000000064,-0.020000000000000018,-0.020000000000000018,0.010000000000000231,-0.020000000000000018,0.11549724761193679,0.0,0
2019-03-28,0.0035831172994038596,-0.7200000000000006,0.009999999999999787,0.0,0.0,-0.009999999999999787,0.11604800150662092,-0.009999999999999787,0
2019-03-29,0.006711719685688067,-0.7199999999999989,0.040000000000000036,0.020000000000000018,0.020000000000000018,-0.010000000000000231,0.11740982885179757,-0.020000000000000018,0
2019-04-01,0.011502181500052444,-0.3100000000000005,0.06000000000000005,0.08000000000000007,-0.020000000000000018,-0.019999999999999574,0.12143104322284,0.020000000000000018,0
2019-04-02,1.7438524841040248e-05,-0.040000000000000924,-0.03000000000000025,-0.010000000000000231,0.0,0.0,0.12017030895976927,0.020000000000000018,0
2019-04-03,0.002146103000463029,0.3800000000000008,0.03000000000000025,0.040000000000000036,0.0,-0.010000000000000231,0.11988691044338329,0.009999999999999787,0
2019-04-04,0.002082468563852302,-0.16000000000000014,0.0,-0.010000000000000231,0.0,-0.009999999999999787,0.11634760124277667,-0.010000000000000231,0
2019-04-05,0.004625683691842575,-0.7599999999999998,0.020000000000000018,-0.009999999999999787,0.0,0.0,0.11083041040331298,-0.029999999999999805,0
2019-04-08,0.0010469016298637612,0.35999999999999943,0.009999999999999787,0.020000000000000018,0.0,-0.010000000000000231,0.10972280956958938,0.010000000000000231,0
2019-04-09,-0.006085952726104793,1.0999999999999996,-0.009999999999999787,-0.010000000000000231,0.0,-0.020000000000000018,0.10450460555772478,-4.440892098500626e-16,0
2019-04-10,0.003471834314500377,-0.9799999999999986,-0.040000000000000036,-0.029999999999999805,0.0,0.020000000000000018,0.10460550930025198,0.010000000000000231,0
2019-04-11,3.808514800862639e-05,-0.28000000000000114,0.040000000000000036,0.029999999999999805,0.0,-0.009999999999999787,0.10291236402154852,-0.010000000000000231,0
2019-04-12,0.0065876322869362625,-1.0099999999999998,0.04999999999999982,0.050000000000000266,0.0,-0.050000000000000266,0.10417226819557421,4.440892098500626e-16,0
2019-04-15,-0.0006296243621459752,0.3100000000000005,0.0,-0.010000000000000231,0.0,0.0,0.10372660900681131,-0.010000000000000231,0
2019-04-16,0.0005092350573869808,-0.14000000000000057,0.010000000000000231,0.050000000000000266,0.0,-0.029999999999999805,0.10341679600043356,0.040000000000000036,0
2019-04-17,-0.0022763638303944234,0.41999999999999993,-0.010000000000000231,-0.010000000000000231,0.009999999999999787,0.009999999999999787,0.10403773235764721,0.0,0
2019-04-18,0.0015778199046989627,-0.5099999999999998,-0.020000000000000018,-0.020000000000000018,0.010000000000000231,-0.009999999999999787,0.10297931479452953,0.0,0
2019-04-22,0.0010115259764935658,0.33000000000000007,0.0,0.020000000000000018,0.009999999999999787,0.020000000000000018,0.09707369235984896,0.020000000000000018,0
2019-04-23,0.008802364401891971,-0.14000000000000057,-0.020000000000000018,-0.020000000000000018,0.0,0.0,0.06847141563656224,0.0,0
2019-04-24,-0.002194191904615117,0.8600000000000012,-0.040000000000000036,-0.040000000000000036,0.0,0.0,0.06938606496018745,0.0,0
2019-04-25,-0.0003690150415502913,0.10999999999999943,0.010000000000000231,0.010000000000000231,0.0,0.0,0.0674048390476934,0.0,0
2019-04-26,0.0046743634859041094,-0.5199999999999996,-0.050000000000000266,-0.03000000000000025,0.0,-0.010000000000000231,0.06382451159356867,0.020000000000000018,0
2019-04-29,0.0010708986882486116,0.379999999999999,0.020000000000000018,0.03000000000000025,0.010000000000000231,0.0,0.06374676611482957,0.010000000000000231,0
2019-04-30,0.000950948132915741,0.009999999999999787,-0.029999999999999805,-0.03000000000000025,0.0,0.010000000000000231,0.061594858209098956,-4.440892098500626e-16,0
2019-05-01,-0.007530412649501272,1.6800000000000015,0.040000000000000036,0.010000000000000231,0.0,-0.03000000000000025,0.0592013010034267,-0.029999999999999805,0
2019-05-02,-0.0021262580234031603,-0.3800000000000008,0.040000000000000036,0.029999999999999805,-0.040000000000000036,0.010000000000000231,0.06007687637078481,-0.010000000000000231,0
2019-05-03,0.00959217064148099,-1.5500000000000007,-0.020000000000000018,-0.009999999999999787,-0.010000000000000231,-0.010000000000000231,0.06724524909557057,0.010000000000000231,0
2019-05-06,-0.004481039666655029,2.5700000000000003,-0.020000000000000018,-0.03000000000000025,0.0,0.03000000000000025,0.06992857244962176,-0.010000000000000231,0
2019-05-07,-0.016649515009818927,3.880000000000001,-0.03000000000000025,-0.05999999999999961,0.0,0.029999999999999805,0.09114808844801903,-0.02999999999999936,0
2019-05-08,-0.0016066713268170218,0.0799999999999983,0.020000000000000018,0.040000000000000036,-0.009999999999999787,0.0,0.09117502312418932,0.020000000000000018,0
2019-05-09,-0.0030260155887189555,-0.29999999999999716,-0.040000000000000036,-0.040000000000000036,-0.010000000000000231,0.040000000000000036,0.08931262020429895,0.0,0
2019-05-10,0.0037134177564537296,-3.0600000000000023,0.0,0.020000000000000018,0.0,-0.009999999999999787,0.08943900186567962,0.020000000000000018,1
2019-05-13,-0.024426544706444453,4.510000000000002,-0.07999999999999963,-0.07000000000000028,0.0,0.04999999999999982,0.12283635375248324,0.009999999999999343,0
2019-05-14,0.007984060207655297,-2.490000000000002,0.020000000000000018,0.020000000000000018,0.0,-0.009999999999999787,0.12405216678278834,0.0,0
2019-05-15,0.00582197702081011,-1.6199999999999974,-0.040000000000000036,-0.04999999999999982,0.020000000000000018,0.019999999999999574,0.12642358009540858,-0.009999999999999787,0
2019-05-16,0.008855919648712351,-1.1500000000000021,0.040000000000000036,0.029999999999999805,-0.009999999999999787,-0.019999999999999574,0.13082856925027467,-0.010000000000000231,0
2019-05-17,-0.005854423653127938,0.6700000000000017,0.0,-0.009999999999999787,0.0,0.0,0.13202027751771805,-0.009999999999999787,0
2019-05-20,-0.006772240853415212,0.34999999999999787,0.009999999999999787,0.020000000000000018,0.0,0.0,0.1333853708104339,0.010000000000000231,0
2019-05-21,0.008459904713623345,-1.3599999999999994,0.04999999999999982,0.020000000000000018,0.0,-0.010000000000000231,0.1372912618815762,-0.029999999999999805,0
2019-05-22,-0.0028283616990023575,-0.1999999999999993,-0.029999999999999805,-0.040000000000000036,-0.010000000000000231,0.029999999999999805,0.1329712776770461,-0.010000000000000231,0
2019-05-23,-0.011985681943016857,2.1700000000000017,-0.10999999999999988,-0.08000000000000007,0.0,0.020000000000000018,0.13805450252190987,0.029999999999999805,0
2019-05-24,0.001352619578427472,-1.070000000000002,0.040000000000000036,0.009999999999999787,0.0,0.03000000000000025,0.1383982621578414,-0.03000000000000025,0
2019-05-28,-0.008410890934652748,1.6500000000000004,-0.040000000000000036,-0.06000000000000005,0.010000000000000231,0.009999999999999787,0.13827794649000105,-0.020000000000000018,0
2019-05-29,-0.006935955517473502,0.3999999999999986,-0.03000000000000025,-0.009999999999999787,0.0,0.010000000000000231,0.13861396762369083,0.020000000000000462,0
2019-05-30,0.0020962411748000065,-0.5999999999999979,-0.029999999999999805,-0.029999999999999805,0.0,0.0,0.13904620967842682,0.0,0
2019-05-31,-0.013283188023120118,1.4100000000000001,-0.1100000000000001,-0.08000000000000007,0.009999999999999787,0.040000000000000036,0.1429848050740948,0.030000000000000027,0
2019-06-03,-0.0027690315718498226,0.14999999999999858,-0.1299999999999999,-0.07000000000000028,-0.020000000000000018,0.04999999999999982,0.142959364284859,0.05999999999999961,0
2019-06-04,0.02120590232217978,-1.8900000000000006,0.05999999999999983,0.050000000000000266,0.0,0.0,0.16036049545018666,-0.009999999999999565,0
2019-06-05,0.008128768500641037,-0.879999999999999,-0.04999999999999982,0.0,0.0,0.03000000000000025,0.16416232501380312,0.04999999999999982,0
2019-06-06,0.006116809555866354,-0.16000000000000014,0.04999999999999982,0.0,-0.009999999999999787,-0.010000000000000231,0.15692617264805742,-0.04999999999999982,0
2019-06-07,0.010442945224567346,0.370000000000001,-0.029999999999999805,-0.03000000000000025,0.0,-0.020000000000000018,0.16150873820100778,-4.440892098500626e-16,0
2019-06-10,0.004649257428951614,-0.3600000000000012,0.04999999999999982,0.06000000000000005,0.0,-0.029999999999999805,0.16194497928289447,0.010000000000000231,0
2019-06-11,-0.0003499380714622191,0.05000000000000071,0.030000000000000027,0.0,0.0,-0.010000000000000231,0.16146573462227293,-0.030000000000000027,0
2019-06-12,-0.002039698498872866,-0.08000000000000007,-0.050000000000000044,-0.020000000000000018,0.0,0.03000000000000025,0.13514728380555818,0.030000000000000027,0
2019-06-13,0.004089078171241489,-0.08999999999999986,-0.04999999999999982,-0.029999999999999805,0.0,0.009999999999999787,0.13332221517566048,0.020000000000000018,0
2019-06-14,-0.001612842169983253,-0.5400000000000009,0.010000000000000009,-0.010000000000000231,-0.010000000000000231,0.0,0.13238461889399702,-0.02000000000000024,0
2019-06-17,0.000931335703024061,0.07000000000000028,0.020000000000000018,0.0,0.020000000000000018,-0.009999999999999787,0.1289579251012167,-0.020000000000000018,0
2019-06-18,0.009670462557011206,-0.1999999999999993,0.0,-0.029999999999999805,-0.009999999999999787,-0.010000000000000231,0.13094172195568174,-0.029999999999999805,0
2019-06-19,0.00298073014106226,-0.8200000000000003,-0.1200000000000001,-0.03000000000000025,0.0,0.010000000000000231,0.1280111014757582,0.08999999999999986,0
2019-06-20,0.009427615127716393,0.41999999999999993,-0.020000000000000018,-0.020000000000000018,0.0,-0.03000000000000025,0.12872316876046655,0.0,0
2019-06-21,-0.0012600261801480883,0.6500000000000004,0.050000000000000044,0.06000000000000005,0.009999999999999787,-0.029999999999999805,0.12817674741658666,0.010000000000000009,0
2019-06-24,-0.0017334348561242052,-0.14000000000000057,-0.050000000000000044,-0.04999999999999982,0.0,-0.020000000000000018,0.11914212553354446,2.220446049250313e-16,0
2019-06-25,-0.009541702315563505,1.0200000000000014,-0.010000000000000009,-0.020000000000000018,0.0,0.009999999999999787,0.125721596241488,-0.010000000000000009,0
2019-06-26,-0.0012347459021464502,-0.07000000000000028,0.06000000000000005,0.04999999999999982,0.0,-0.020000000000000018,0.12095042736690176,-0.010000000000000231,0
2019-06-27,0.0038159225573179967,-0.39000000000000057,-0.030000000000000027,-0.040000000000000036,0.0,-0.009999999999999787,0.11676493605140725,-0.010000000000000009,0
2019-06-28,0.005740911810812932,-0.7400000000000002,0.010000000000000009,-0.009999999999999787,0.020000000000000018,0.0,0.11733917988973314,-0.019999999999999796,0
2019-07-01,0.007642995575579903,-1.0199999999999996,0.030000000000000027,0.029999999999999805,-0.009999999999999787,-0.020000000000000018,0.10333569385928167,-2.220446049250313e-16,0
2019-07-02,0.0029238703472564964,-1.1300000000000008,-0.010000000000000009,-0.04999999999999982,0.009999999999999787,0.0,0.10080842573655649,-0.039999999999999813,0
2019-07-03,0.007643076127193282,-0.35999999999999943,0.0,-0.020000000000000018,0.010000000000000231,-0.03000000000000025,0.08014896983578947,-0.020000000000000018,0
2019-07-05,-0.001807481995470539,0.7099999999999991,0.10000000000000009,0.08000000000000007,0.009999999999999787,0.0,0.0797828934281163,-0.020000000000000018,0
2019-07-08,-0.0048471859933751915,0.6800000000000015,0.009999999999999787,0.009999999999999787,-0.009999999999999787,-0.029999999999999805,0.08283167070672778,0.0,0
2019-07-09,0.0012358159804266577,0.129999999999999,0.040000000000000036,0.020000000000000018,0.0,-0.009999999999999787,0.07719083632241543,-0.020000000000000018,0
2019-07-10,0.0045004847673171255,-1.0600000000000005,-0.09999999999999987,0.0,0.0,0.029999999999999805,0.07712162627850891,0.09999999999999987,0
2019-07-11,0.0022826717159194487,-0.09999999999999964,0.030000000000000027,0.06000000000000005,-0.010000000000000231,0.0,0.07676858070401105,0.030000000000000027,0
2019-07-12,0.00460949852364223,-0.5399999999999991,-0.010000000000000009,-0.009999999999999787,-0.020000000000000018,0.0,0.07597720819202063,2.220446049250313e-16,0
2019-07-15,0.0001758440102275216,0.28999999999999915,-0.010000000000000009,-0.03000000000000025,0.020000000000000018,0.0,0.07593760310777628,-0.02000000000000024,0
2019-07-16,-0.0034095813595058644,0.17999999999999972,0.040000000000000036,0.040000000000000036,0.010000000000000231,-0.020000000000000018,0.07725190546357819,0.0,0
2019-07-17,-0.006552626285154517,1.1100000000000012,-0.040000000000000036,-0.06999999999999984,0.0,0.010000000000000231,0.08259107597816694,-0.029999999999999805,0
2019-07-18,0.0035755356654512127,-0.4400000000000013,-0.06000000000000005,-0.020000000000000018,0.0,0.029999999999999805,0.0775740021860323,0.040000000000000036,0
2019-07-19,-0.006195889687755418,0.9199999999999999,0.030000000000000027,0.009999999999999787,0.0,-0.010000000000000231,0.08140710260234493,-0.02000000000000024,0
2019-07-22,0.0028247279603137443,-0.9199999999999999,0.0,0.0,-0.010000000000000231,-0.019999999999999574,0.07560581324655638,0.0,0
2019-07-23,0.0068241647017259766,-0.9199999999999999,0.030000000000000027,0.03000000000000025,0.0,-0.010000000000000231,0.07837737715581752,2.220446049250313e-16,0
2019-07-24,0.004677163660893768,-0.5399999999999991,0.0,-0.03000000000000025,0.0,-0.08000000000000007,0.0788290846835418,-0.03000000000000025,0
2019-07-25,-0.005276251069020077,0.6699999999999999,0.030000000000000027,0.03000000000000025,0.0,-0.009999999999999787,0.07265916891150391,2.220446049250313e-16,0
2019-07-26,0.007360474259664684,-0.5800000000000001,0.0,0.0,0.0,-0.010000000000000231,0.07481840324916186,0.0,0
2019-07-29,-0.001617376729949882,0.6699999999999999,-0.010000000000000009,-0.020000000000000018,0.0,0.0,0.07533697481923629,-0.010000000000000009,0
2019-07-30,-0.002581972383094211,1.1099999999999994,0.0,0.0,-0.009999999999999787,0.010000000000000231,0.07500352040266157,0.0,0
2019-07-31,-0.010945190319276321,2.1800000000000015,0.039999999999999813,-0.040000000000000036,0.009999999999999787,-0.010000000000000231,0.08201644728485182,-0.07999999999999985,0
2019-08-01,-0.009039586726804494,1.75,-0.15999999999999992,-0.1200000000000001,-0.2599999999999998,0.040000000000000036,0.08740837122457581,0.039999999999999813,0
2019-08-02,-0.0073093853544552445,-0.26000000000000156,-0.010000000000000009,-0.039999999999999813,0.0,0.010000000000000231,0.08558877331525556,-0.029999999999999805,1
2019-08-05,-0.030230162083586087,6.98,-0.1299999999999999,-0.1100000000000001,-0.010000000000000231,0.06000000000000005,0.13259102131755182,0.019999999999999796,1
2019-08-06,0.012933013700776819,-4.419999999999998,0.010000000000000009,-0.020000000000000018,0.0,0.009999999999999787,0.1423645902692926,-0.030000000000000027,0
2019-08-07,0.0007665958837028697,-0.6800000000000033,-0.010000000000000009,-0.020000000000000018,-0.009999999999999787,-0.020000000000000018,0.14225891356021583,-0.010000000000000009,0
2019-08-08,0.018588425780335704,-2.5799999999999983,0.030000000000000027,0.010000000000000009,0.0,0.020000000000000018,0.15738035171352666,-0.020000000000000018,0
2019-08-09,-0.006638529760062184,1.0599999999999987,0.009999999999999787,0.020000000000000018,0.0,-0.020000000000000018,0.1581517437694104,0.010000000000000231,1
2019-08-12,-0.012393825636975997,3.120000000000001,-0.04999999999999982,-0.09000000000000008,0.0,0.0,0.16107736963983524,-0.04000000000000026,0
2019-08-13,0.015018305968787615,-3.5700000000000003,0.07999999999999985,0.030000000000000027,0.0,-0.009999999999999787,0.1716019464951169,-0.04999999999999982,1
2019-08-14,-0.029730363473091437,4.580000000000002,-0.07999999999999985,-0.08999999999999986,0.0,0.009999999999999787,0.19770316782750075,-0.010000000000000009,1
2019-08-15,0.0024612367826906123,-0.9200000000000017,-0.10000000000000009,-0.07000000000000006,0.009999999999999787,0.040000000000000036,0.19793490563206154,0.030000000000000027,0
2019-08-16,0.014323116131046199,-2.710000000000001,0.0,0.030000000000000027,0.0,-0.010000000000000231,0.20527540941919686,0.030000000000000027,0
2019-08-19,0.01203318530199482,-1.5899999999999999,0.050000000000000044,0.050000000000000044,0.0,0.03000000000000025,0.20993052050982908,0.0,0
2019-08-20,-0.007946252081149296,0.620000000000001,-0.030000000000000027,-0.050000000000000044,0.0,0.009999999999999787,0.2108654631919575,-0.020000000000000018,0
2019-08-21,0.008213006299500059,-1.6999999999999993,0.06000000000000005,0.040000000000000036,-0.009999999999999787,-0.04999999999999982,0.21159890870065162,-0.020000000000000018,0
2019-08-22,-0.0005062096294770058,0.879999999999999,0.050000000000000044,0.030000000000000027,0.0,0.0,0.2105125875972168,-0.020000000000000018,0
2019-08-23,-0.02628893555806666,3.1900000000000013,-0.10000000000000009,-0.10000000000000009,0.0,0.020000000000000018,0.22712965663294787,0.0,0
2019-08-26,0.010923191173948688,-0.5500000000000007,0.030000000000000027,0.020000000000000018,0.0,0.0,0.229412030362821,-0.010000000000000009,1
2019-08-27,-0.0032083318806845895,0.9899999999999984,-0.010000000000000009,-0.050000000000000044,0.0,-0.010000000000000231,0.22941164235396935,-0.040000000000000036,0
2019-08-28,0.0065241411868015575,-0.9599999999999973,-0.030000000000000027,-0.020000000000000018,0.0,0.0,0.23150736599770816,0.010000000000000009,0
2019-08-29,0.0126074354387411,-1.4700000000000024,0.030000000000000027,0.030000000000000027,0.0,0.010000000000000231,0.23442687717192784,0.0,0
2019-08-30,0.0006426208211518514,1.1000000000000014,-0.030000000000000027,0.0,0.009999999999999787,-0.010000000000000231,0.2325831261970465,0.030000000000000027,0
2019-09-03,-0.006923029401107783,0.6799999999999997,-0.030000000000000027,-0.030000000000000027,0.0,0.020000000000000018,0.23244313285131707,0.0,0
2019-09-04,0.010783722026351583,-2.330000000000002,-0.040000000000000036,0.0,0.0,0.010000000000000231,0.208340452636378,0.040000000000000036,0
2019-09-05,0.01292592289421357,-1.0599999999999987,0.1200000000000001,0.10000000000000009,0.0,-0.010000000000000231,0.20833556506162312,-0.020000000000000018,0
2019-09-06,0.000910203918275343,-1.2699999999999996,-0.020000000000000018,-0.020000000000000018,-0.009999999999999787,-0.020000000000000018,0.20832950971911918,0.0,0
2019-09-09,-9.400484131827369e-05,0.2699999999999996,0.050000000000000044,0.07999999999999985,0.009999999999999787,-0.029999999999999805,0.1989038994113048,0.029999999999999805,0
2019-09-10,0.00032226552944081277,-0.07000000000000028,0.08999999999999986,0.09000000000000008,0.0,-0.009999999999999787,0.19714413319357463,2.220446049250313e-16,0
2019-09-11,0.007203659050794897,-0.5899999999999999,0.010000000000000009,0.030000000000000027,0.0,0.0,0.19201402204086945,0.020000000000000018,0
2019-09-12,0.002874970784835895,-0.3899999999999988,0.040000000000000036,0.040000000000000036,0.0,0.0,0.18608828321408136,0.0,0
2019-09-13,-0.0007246184436624503,-0.4800000000000004,0.07000000000000006,0.10999999999999988,0.010000000000000231,-0.010000000000000231,0.14838196288424077,0.039999999999999813,0
2019-09-16,-0.003140535605966832,0.9299999999999997,-0.050000000000000044,-0.05999999999999983,0.10999999999999988,-0.009999999999999787,0.14976605713984176,-0.009999999999999787,0
2019-09-17,0.002578428587945325,-0.23000000000000043,-0.020000000000000018,-0.030000000000000027,0.04999999999999982,0.009999999999999787,0.1434265029618997,-0.010000000000000009,0
2019-09-18,0.00034262353493552666,-0.4900000000000002,0.050000000000000044,-0.010000000000000009,-0.04999999999999982,-0.029999999999999805,0.1386480457721657,-0.06000000000000005,0
2019-09-19,1.995503465579418e-05,0.10000000000000142,-0.030000000000000027,-0.010000000000000009,-0.3500000000000001,-0.010000000000000231,0.13461705001929203,0.020000000000000018,0
2019-09-20,-0.0049076089603001805,1.2699999999999996,-0.050000000000000044,-0.050000000000000044,0.0,0.020000000000000018,0.13430789286041367,0.0,0
2019-09-23,-9.692756343504527e-05,-0.41000000000000014,-0.010000000000000009,-0.020000000000000018,0.0,-0.020000000000000018,0.13425412068257703,-0.010000000000000009,0
2019-09-24,-0.008452012089671612,2.1400000000000006,-0.07999999999999985,-0.08000000000000007,0.0,0.03000000000000025,0.09760750234940542,-2.220446049250313e-16,0
2019-09-25,0.006139678900037637,-1.0899999999999999,0.07999999999999985,0.09000000000000008,0.0,0.0,0.09338666814652638,0.010000000000000231,0
2019-09-26,-0.0024318711052062625,0.10999999999999943,-0.020000000000000018,-0.030000000000000027,-0.04999999999999982,-0.020000000000000018,0.0929068265361963,-0.010000000000000009,0
2019-09-27,-0.005330508411847568,1.1499999999999986,-0.030000000000000027,-0.010000000000000009,-0.020000000000000018,0.009999999999999787,0.09432342209899068,0.020000000000000018,0
2019-09-30,0.005034926684707841,-0.9800000000000004,0.0,-0.010000000000000009,0.06999999999999984,0.010000000000000231,0.08607340551571778,-0.010000000000000009,0
2019-10-01,-0.01233413022605756,2.3200000000000003,-0.06999999999999984,-0.030000000000000027,-0.020000000000000018,0.020000000000000018,0.09743982404747122,0.039999999999999813,1
2019-10-02,-0.01806544138860655,2.0,-0.08000000000000007,-0.04999999999999982,-0.029999999999999805,0.03999999999999959,0.11397862296215562,0.03000000000000025,0
2019-10-03,0.007940382236732546,-1.4399999999999977,-0.09000000000000008,-0.06000000000000005,-0.020000000000000018,0.03000000000000025,0.11087599690583806,0.030000000000000027,0
2019-10-04,0.014116741669229604,-2.080000000000002,0.010000000000000009,-0.020000000000000018,-0.010000000000000009,0.0,0.11274599837953726,-0.030000000000000027,0
2019-10-07,-0.004488362257589529,0.8200000000000003,0.06000000000000005,0.040000000000000036,0.0,-0.010000000000000231,0.11351269816765923,-0.020000000000000018,1
2019-10-08,-0.015683166513284164,2.4200000000000017,-0.040000000000000036,-0.020000000000000018,0.0,0.020000000000000018,0.12484359677239198,0.020000000000000018,0
2019-10-09,0.009063350218849742,-1.6400000000000006,0.050000000000000044,0.050000000000000044,0.0,-0.009999999999999787,0.12991856948242303,0.0,0
2019-10-10,0.006395208846051048,-1.0700000000000003,0.06000000000000005,0.07999999999999985,0.0,-0.020000000000000018,0.12930655413327719,0.019999999999999796,0
2019-10-11,0.010879533213144832,-1.9900000000000002,0.09999999999999987,0.09000000000000008,0.0,-0.04999999999999982,0.1351744473463342,-0.009999999999999787,0
2019-10-14,-0.0013880421740664062,-1.0099999999999998,0.0,0.0,0.0,0.0,0.13520008442741074,0.0,0
2019-10-15,0.009906435272235115,-1.0300000000000011,-0.019999999999999796,0.010000000000000009,0.07999999999999985,-0.010000000000000231,0.13966161609861857,0.029999999999999805,0
2019-10-16,-0.00200154777390793,0.14000000000000057,-0.030000000000000027,-0.020000000000000018,0.0,0.010000000000000231,0.13948229086195235,0.010000000000000009,0
2019-10-17,0.002759018658343493,0.10999999999999943,0.020000000000000018,0.010000000000000009,-0.04999999999999982,-0.010000000000000231,0.13986324394750876,-0.010000000000000009,0
2019-10-18,-0.003927045645713889,0.46000000000000085,-0.020000000000000018,0.0,0.0,0.0,0.1404736163542726,0.020000000000000018,0
2019-10-21,0.006848107497875233,-0.25,0.040000000000000036,0.040000000000000036,0.0,-0.020000000000000018,0.14154251326040415,0.0,0
2019-10-22,-0.003575055742610189,0.46000000000000085,-0.020000000000000018,-0.020000000000000018,0.0,-0.020000000000000018,0.14215601688991322,0.0,0
2019-10-23,0.0028430935856427197,-0.45000000000000107,-0.020000000000000018,-0.010000000000000009,0.0,0.010000000000000231,0.13897652232039734,0.010000000000000009,0
2019-10-24,0.0019185981834688448,-0.29999999999999893,0.0,0.0,0.0,-0.010000000000000231,0.13762098200142153,0.0,0
2019-10-25,0.004064426332368143,-1.0600000000000005,0.04999999999999982,0.030000000000000027,-0.020000000000000018,-0.009999999999999787,0.1377742196279403,-0.019999999999999796,0
2019-10-28,0.005565861774648795,0.4599999999999991,0.010000000000000009,0.050000000000000044,0.0,0.0,0.13691961895252572,0.040000000000000036,0
2019-10-29,-0.0008327422880682889,0.08999999999999986,0.0,-0.010000000000000009,-0.010000000000000009,-0.010000000000000231,0.13637383206576953,-0.010000000000000009,0
2019-10-30,0.003248047618049199,-0.8699999999999992,-0.029999999999999805,-0.06000000000000005,0.0,0.020000000000000018,0.12764853911464474,-0.03000000000000025,0
2019-10-31,-0.0030274515138035696,0.8900000000000006,-0.09000000000000008,-0.09000000000000008,-0.24,0.010000000000000231,0.1073294737376641,0.0,0
2019-11-01,0.009615978507103051,-0.9199999999999999,0.040000000000000036,0.040000000000000036,-0.010000000000000009,-0.020000000000000018,0.10856701614039628,0.0,0
2019-11-04,0.003697210802720008,0.5299999999999994,0.040000000000000036,0.06000000000000005,-0.010000000000000009,0.0,0.1001842052184579,0.020000000000000018,0
2019-11-05,-0.001186434481407872,0.2699999999999996,0.029999999999999805,0.07000000000000006,0.0,-0.010000000000000231,0.09812385029182906,0.04000000000000026,0
2019-11-06,0.0007022791848285692,-0.4800000000000004,-0.019999999999999796,-0.050000000000000044,-0.010000000000000009,-0.009999999999999787,0.0740667072900388,-0.03000000000000025,0
2019-11-07,0.002726406923544644,0.11000000000000121,0.06999999999999984,0.10999999999999988,0.0,-0.010000000000000231,0.07063012075115112,0.040000000000000036,0
2019-11-08,0.0025573557297846605,-0.6600000000000001,0.0,0.020000000000000018,0.0,-0.020000000000000018,0.06929086533569312,0.020000000000000018,0
2019-11-11,-0.0019643733188008383,0.6199999999999992,0.0,0.0,0.0,0.0,0.06365214530982728,0.0,0
2019-11-12,0.0015633980380798107,-0.009999999999999787,-0.020000000000000018,-0.020000000000000018,0.0,-0.009999999999999787,0.06258079647988704,0.0,0
2019-11-13,0.0007112973716782989,0.3200000000000003,-0.030000000000000027,-0.040000000000000036,0.0,0.009999999999999787,0.05561837658094961,-0.010000000000000009,0
2019-11-14,0.000836743083095115,0.05000000000000071,-0.04999999999999982,-0.05999999999999983,0.0,0.020000000000000018,0.05419298790230669,-0.010000000000000009,0
2019-11-15,0.007666003452600378,-1.0,0.030000000000000027,0.020000000000000018,0.0,0.0,0.05796590086339276,-0.010000000000000009,0
2019-11-18,0.0005030044207039452,0.41000000000000014,-0.010000000000000009,-0.030000000000000027,0.0,0.010000000000000231,0.054260739886782934,-0.020000000000000018,0
2019-11-19,-0.0005927388069810746,0.3999999999999986,0.0,-0.020000000000000018,0.0,-0.010000000000000231,0.05217007259663969,-0.020000000000000018,0
2019-11-20,-0.0037632657632205024,-0.08000000000000007,-0.040000000000000036,-0.06000000000000005,0.0,0.03000000000000025,0.05241625149018332,-0.020000000000000018,0
2019-11-21,-0.0015840312391350864,0.3500000000000014,0.040000000000000036,0.040000000000000036,0.0,-0.010000000000000231,0.05349067981865648,0.0,0
2019-11-22,0.0021725739696911717,-0.7900000000000009,0.010000000000000009,0.0,0.0,-0.009999999999999787,0.05352031288797466,-0.010000000000000009,0
2019-11-25,0.00747929872680686,-0.47000000000000064,0.0,-0.010000000000000009,0.0,-0.010000000000000231,0.05674687369193265,-0.010000000000000009,0
2019-11-26,0.002193123145604048,-0.33000000000000007,-0.030000000000000027,-0.020000000000000018,0.0,-0.020000000000000018,0.055043048261026996,0.010000000000000009,0
2019-11-27,0.004165779003972858,0.21000000000000085,0.04999999999999982,0.030000000000000027,0.0,-0.020000000000000018,0.055030838693365565,-0.019999999999999796,0
2019-11-29,-0.004019317171344738,0.8699999999999992,-0.019999999999999796,0.010000000000000009,0.010000000000000009,-0.009999999999999787,0.0582776154599123,0.029999999999999805,0
2019-12-02,-0.008668527546204174,2.290000000000001,0.0,0.050000000000000044,0.0,0.029999999999999805,0.06644285660601089,0.050000000000000044,0
2019-12-03,-0.006660171838372975,1.0500000000000007,-0.08000000000000007,-0.1100000000000001,-0.010000000000000009,0.0,0.06429726290430135,-0.030000000000000027,0
2019-12-04,0.00630363868584638,-1.1600000000000001,0.050000000000000044,0.050000000000000044,0.0,0.0,0.06657178677714279,0.0,0
2019-12-05,0.0014991519920375396,-0.28000000000000114,0.0,0.030000000000000027,0.0,-0.020000000000000018,0.06634869800886325,0.030000000000000027,0
2019-12-06,0.00909425204036829,-0.9000000000000004,0.030000000000000027,0.040000000000000036,0.0,-0.020000000000000018,0.0725018574334339,0.010000000000000009,0
2019-12-09,-0.0031678491662230357,2.24,0.019999999999999796,-0.010000000000000009,0.0,-0.020000000000000018,0.07365881120129611,-0.029999999999999805,0
2019-12-10,-0.0010975548602925045,-0.17999999999999972,0.020000000000000018,0.020000000000000018,0.0,-0.040000000000000036,0.07363409597878157,0.0,0
2019-12-11,0.0029039810658435528,-0.6899999999999995,-0.039999999999999813,-0.06000000000000005,0.0,0.03000000000000025,0.0734259851633939,-0.02000000000000024,0
2019-12-12,0.00853860849985466,-1.0500000000000007,0.04999999999999982,0.10999999999999988,0.0,-0.020000000000000018,0.07812311248140659,0.06000000000000005,0
2019-12-13,7.258531539200419e-05,-1.3099999999999987,-0.04999999999999982,-0.07999999999999985,0.0,0.0,0.07820138289672778,-0.030000000000000027,0
2019-12-16,0.007122391651236626,-0.4900000000000002,0.039999999999999813,0.06999999999999984,0.010000000000000009,-0.020000000000000018,0.08088276419820739,0.030000000000000027,0
2019-12-17,0.00033521461097762995,0.14999999999999858,-0.020000000000000018,0.0,-0.010000000000000009,-0.010000000000000009,0.07769199044977258,0.020000000000000018,0
2019-12-18,-0.0004323538601678223,0.2900000000000009,0.0,0.030000000000000027,0.0,-0.010000000000000009,0.0778480123699341,0.030000000000000027,0
2019-12-19,0.004449308599584256,-0.08000000000000007,-0.009999999999999787,0.0,0.0,-0.020000000000000018,0.07847033393827268,0.009999999999999787,0
2019-12-20,0.004932641459037157,0.009999999999999787,0.009999999999999787,0.0,0.0,0.0,0.07719624612991634,-0.009999999999999787,0
2019-12-23,0.0008657565903060771,0.09999999999999964,0.010000000000000009,0.010000000000000009,0.0,0.0,0.07634616643741123,0.0,0
2019-12-24,-0.00019542791796567371,0.0600000000000005,-0.019999999999999796,-0.030000000000000027,0.0,0.010000000000000009,0.07664591520552556,-0.010000000000000231,0
2019-12-26,0.00511505318207206,-0.019999999999999574,0.019999999999999796,0.0,0.0,0.0,0.07481569791125457,-0.019999999999999796,0
2019-12-27,3.395098404190833e-05,0.7799999999999994,-0.04999999999999982,-0.020000000000000018,0.0,-0.010000000000000009,0.07496941659287056,0.029999999999999805,0
2019-12-30,-0.005797602177576522,1.3900000000000006,-0.010000000000000009,0.020000000000000018,0.0,0.010000000000000009,0.07834941968372525,0.030000000000000027,0
2019-12-31,0.0029416937024926426,-1.040000000000001,0.0,0.020000000000000018,0.0,0.010000000000000009,0.07640498292346254,0.020000000000000018,0
2020-01-02,0.008343874454693534,-1.3099999999999987,0.0,-0.040000000000000036,0.0,0.0,0.0708449508818003,-0.040000000000000036,0
2020-01-03,-0.007084909578082943,1.549999999999999,-0.050000000000000044,-0.07999999999999985,0.0,0.010000000000000009,0.07152270039909206,-0.029999999999999805,0
2020-01-06,0.003527166358322731,-0.16999999999999993,0.010000000000000009,0.010000000000000009,0.0,0.030000000000000027,0.07011518708940236,0.0,0
2020-01-07,-0.0028071449428903605,-0.0600000000000005,0.0,0.020000000000000018,0.0,0.009999999999999787,0.07206261721353664,0.020000000000000018,0
2020-01-08,0.004890437358737287,-0.33999999999999986,0.040000000000000036,0.040000000000000036,0.0,0.020000000000000018,0.06805750583559707,0.0,0
2020-01-09,0.006633244037574926,-0.9100000000000001,0.0,-0.020000000000000018,0.0,-0.020000000000000018,0.06788414913537141,-0.020000000000000018,0
2020-01-10,-0.0028593073050462436,0.02000000000000135,-0.020000000000000018,-0.020000000000000018,-0.010000000000000009,-0.039999999999999813,0.06917912717229695,0.0,0
2020-01-13,0.006952059592316928,-0.2400000000000002,0.020000000000000018,0.020000000000000018,0.0,0.0,0.07125235880866371,0.0,0
2020-01-14,-0.0015156867317731582,0.07000000000000028,0.0,-0.030000000000000027,0.0,0.0,0.06838456770626004,-0.030000000000000027,0
2020-01-15,0.001868408623343143,0.02999999999999936,-0.020000000000000018,-0.030000000000000027,0.0,0.019999999999999796,0.06813135978959409,-0.010000000000000009,0
2020-01-16,0.008331741632201073,-0.09999999999999964,0.020000000000000018,0.020000000000000018,0.0,-0.009999999999999787,0.06944302751671091,0.0,0
2020-01-17,0.003854705717721174,-0.22000000000000064,0.0,0.030000000000000027,0.010000000000000009,-0.020000000000000018,0.0695556411463764,0.030000000000000027,0
2020-01-21,-0.002655476937141188,0.75,-0.050000000000000044,-0.06000000000000005,0.0,-0.010000000000000009,0.070948492408881,-0.010000000000000009,0
2020-01-22,0.00028904605969515274,0.0600000000000005,0.0,-0.010000000000000009,0.0,0.0,0.07052474045594244,-0.010000000000000009,0
2020-01-23,0.0011403144471451299,0.07000000000000028,-0.020000000000000018,-0.030000000000000027,0.0,0.010000000000000009,0.06955015782240212,-0.010000000000000009,0
2020-01-24,-0.009083268789936483,1.58,-0.020000000000000018,-0.040000000000000036,0.0,0.0,0.0786668695043111,-0.020000000000000018,0
2020-01-27,-0.01585572511838329,3.67,-0.050000000000000044,-0.08999999999999986,0.0,0.06000000000000005,0.09808425590852154,-0.039999999999999813,0
2020-01-28,0.010003350352588924,-1.9499999999999993,0.010000000000000009,0.039999999999999813,0.0,0.0,0.10247257651255402,0.029999999999999805,0
2020-01-29,-0.0008672232910491573,0.10999999999999943,-0.030000000000000027,-0.04999999999999982,0.0,0.009999999999999787,0.10257515273950184,-0.019999999999999796,0
2020-01-30,0.003129453862989351,-0.9000000000000004,-0.010000000000000009,-0.030000000000000027,0.050000000000000044,0.03000000000000025,0.10031914709234452,-0.020000000000000018,0
2020-01-31,-0.01786447639264388,3.3499999999999996,-0.07999999999999985,-0.06000000000000005,-0.010000000000000009,0.04999999999999982,0.11914323325973568,0.019999999999999796,0
2020-02-03,0.0072284558629114315,-0.870000000000001,0.030000000000000027,0.030000000000000027,0.0,-0.029999999999999805,0.11820881844193246,0.0,0
2020-02-04,0.014869265218065308,-1.9199999999999982,0.04999999999999982,0.07000000000000006,0.0,-0.010000000000000231,0.12613395541195366,0.02000000000000024,0
2020-02-05,0.01118782288293474,-0.9000000000000004,0.030000000000000027,0.04999999999999982,0.0,-0.020000000000000018,0.1308370343461667,0.019999999999999796,0
2020-02-06,0.0033201287296620308,-0.1899999999999995,0.0,-0.010000000000000009,0.0,-0.020000000000000018,0.13014545671224065,-0.010000000000000009,0
2020-02-07,-0.005415470514540388,0.5099999999999998,-0.030000000000000027,-0.05999999999999983,-0.010000000000000009,0.0,0.13172080676147443,-0.029999999999999805,0
2020-02-10,0.007299652162371828,-0.4300000000000015,-0.039999999999999813,-0.030000000000000027,0.0,0.010000000000000231,0.13209447136183627,0.009999999999999787,0
2020-02-11,0.0016870749056518974,0.14000000000000057,0.039999999999999813,0.030000000000000027,0.0,-0.010000000000000231,0.13130866285602258,-0.009999999999999787,0
2020-02-12,0.006441867553744984,-1.4399999999999995,0.030000000000000027,0.030000000000000027,0.0,0.010000000000000231,0.13104499513582432,0.0,0
2020-02-13,-0.001631773441966189,0.41000000000000014,0.0,-0.010000000000000009,0.0,-0.010000000000000231,0.13107708617711852,-0.010000000000000009,0
2020-02-14,0.001841844733833753,-0.47000000000000064,-0.020000000000000018,-0.020000000000000018,0.0,-0.009999999999999787,0.13107566434934728,0.0,0
2020-02-18,-0.002924251578310333,1.1500000000000004,-0.010000000000000009,-0.040000000000000036,0.010000000000000009,0.009999999999999787,0.12925161493546866,-0.030000000000000027,0
2020-02-19,0.004694788714441955,-0.4499999999999993,0.010000000000000009,0.010000000000000009,0.0,0.0,0.12953736309463987,0.0,0
2020-02-20,-0.00382284047783088,1.1799999999999997,-0.030000000000000027,-0.040000000000000036,0.0,0.0,0.12999224046957958,-0.010000000000000009,0
2020-02-21,-0.01057381502289445,1.5199999999999978,-0.04999999999999982,-0.06000000000000005,-0.010000000000000009,0.040000000000000036,0.13579071609095494,-0.010000000000000231,1
2020-02-24,-0.0340880461205213,7.950000000000003,-0.08000000000000007,-0.08000000000000007,0.0,0.040000000000000036,0.18033962919471883,0.0,1
2020-02-25,-0.030747925188098435,2.8200000000000003,-0.06000000000000005,-0.04999999999999982,0.0,0.06000000000000005,0.20572492574538387,0.010000000000000231,1
2020-02-26,-0.003785675340731487,-0.2900000000000027,-0.040000000000000036,0.0,0.0,0.010000000000000231,0.2000066525033716,0.040000000000000036,1
2020-02-27,-0.045168174100653324,11.599999999999998,-0.04999999999999982,-0.030000000000000027,0.0,0.06999999999999984,0.24489208440732835,0.019999999999999796,1
2020-02-28,-0.008272449914275448,0.9500000000000028,-0.2500000000000001,-0.17000000000000015,0.0,0.10999999999999988,0.24483900311744855,0.07999999999999996,1
2020-03-02,0.045010865172777415,-6.689999999999998,-0.020000000000000018,-0.029999999999999805,0.010000000000000009,0.06000000000000005,0.2990882741498498,-0.009999999999999787,1
2020-03-03,-0.02851053026190442,3.3999999999999986,-0.13,-0.08000000000000007,0.0,0.040000000000000036,0.3079462983140664,0.04999999999999993,1
2020-03-04,0.04133635094064125,-4.830000000000002,-0.039999999999999925,0.0,-0.5,-0.009999999999999787,0.3434017960307749,0.039999999999999925,1
2020-03-05,-0.03451072562469726,7.629999999999999,-0.08000000000000007,-0.09999999999999998,0.0,0.04999999999999982,0.3556333505648215,-0.019999999999999907,1
2020-03-06,-0.01720100245461964,2.3200000000000003,-0.09999999999999998,-0.18000000000000005,0.0,0.029999999999999805,0.35382368761329797,-0.08000000000000007,1
2020-03-09,-0.07901039484826633,12.520000000000003,-0.10999999999999999,-0.19999999999999996,0.0,0.38000000000000034,0.43391130026038,-0.08999999999999997,1
2020-03-10,0.04821508053580015,-7.160000000000004,0.12,0.21999999999999997,0.0,0.0,0.4776774252821729,0.09999999999999998,1
2020-03-11,-0.05010285683741067,6.600000000000001,0.0,0.05999999999999994,0.0,0.06000000000000005,0.49724960020633774,0.05999999999999994,1
2020-03-12,-0.09994485184600777,21.57,0.0,0.06000000000000005,0.010000000000000009,0.20999999999999996,0.5851122686501247,0.06000000000000005,1
2020-03-13,0.08880835644074647,-17.64,-0.010000000000000009,0.05999999999999994,0.0,0.09999999999999964,0.6834196292525225,0.06999999999999995,1
2020-03-16,-0.1276521411564726,24.86,-0.13,-0.20999999999999996,-0.8500000000000001,0.08000000000000007,0.7934040427118877,-0.07999999999999996,1
2020-03-17,0.0582262866907417,-6.780000000000001,0.10999999999999999,0.29000000000000004,0.0,0.11000000000000032,0.832884113362416,0.18000000000000005,1
2020-03-18,-0.053222336221424804,0.5400000000000063,0.07000000000000006,0.15999999999999992,0.0,0.31999999999999984,0.8427669061740831,0.08999999999999986,1
2020-03-19,0.004696846277420619,-4.450000000000003,-0.10000000000000003,-0.05999999999999983,-0.04999999999999999,0.19999999999999973,0.8427675491506648,0.04000000000000026,1
2020-03-20,-0.044327634743158484,-5.959999999999994,-0.07,-0.20000000000000007,-0.05000000000000002,0.22000000000000064,0.8469388089792709,-0.13000000000000012,1
2020-03-23,-0.029731491257259712,-4.450000000000003,-0.08999999999999997,-0.16000000000000003,0.0,0.07999999999999918,0.8473838803433437,-0.07000000000000006,1
2020-03-24,0.08968315694821616,0.0799999999999983,0.09999999999999998,0.07999999999999996,-0.03,-0.11999999999999922,0.9246496386979771,-0.020000000000000018,1
2020-03-25,0.011468998674479813,2.280000000000001,-0.03999999999999998,0.040000000000000036,-0.01999999999999999,-0.0600000000000005,0.9260914848446918,0.08000000000000007,1
2020-03-26,0.060543828751667306,-2.950000000000003,-0.040000000000000036,-0.050000000000000044,0.0,-0.08999999999999986,0.9587654428543461,-0.010000000000000009,1
2020-03-27,-0.034267808022629076,4.540000000000006,-0.04999999999999999,-0.10999999999999999,0.0,-0.06000000000000005,0.954185029119849,-0.06000000000000005,1
2020-03-30,0.03296661622145525,-8.460000000000008,-0.01999999999999999,-0.020000000000000018,-0.010000000000000009,-0.08999999999999986,0.9644360122248843,0.0,1
2020-03-31,-0.016142381973062392,-3.539999999999999,0.0,0.0,-0.009999999999999995,0.040000000000000036,0.9471137525825192,0.0,1
2020-04-01,-0.045146328727152074,3.520000000000003,0.0,-0.07999999999999996,-0.020000000000000004,0.040000000000000036,0.953273700835539,-0.07999999999999996,1
2020-04-02,0.02257269570362297,-6.150000000000006,0.0,0.010000000000000009,-0.009999999999999995,-0.050000000000000266,0.9428744457472412,0.010000000000000009,1
2020-04-03,-0.01525286023195438,-4.109999999999999,0.0,-0.010000000000000009,0.0,0.0,0.938968495791252,-0.010000000000000009,1
2020-04-06,0.0679682305676863,-1.5599999999999952,0.04000000000000001,0.050000000000000044,0.0,-0.009999999999999787,0.9755515044872412,0.010000000000000009,1
2020-04-07,-0.001604331662951708,1.4600000000000009,0.010000000000000009,0.07999999999999996,0.0,-0.1200000000000001,0.9379051315909528,0.06999999999999995,1
2020-04-08,0.03348934524468916,-3.3500000000000014,-0.010000000000000009,0.020000000000000018,0.0,-0.040000000000000036,0.9294118266967512,0.030000000000000027,1
2020-04-09,0.01438343869822667,-1.6799999999999997,-0.04000000000000001,-0.040000000000000036,0.0,-0.14000000000000012,0.9142882519832177,0.0,1
2020-04-13,-0.010155992507349332,-0.5,0.01999999999999999,0.030000000000000027,0.0,-0.19999999999999973,0.8394266408112229,0.010000000000000009,1
2020-04-14,0.03011449655045695,-3.4100000000000037,-0.01999999999999999,0.0,0.0,-0.050000000000000266,0.7887834440939068,0.020000000000000018,1
2020-04-15,-0.022276750679012913,3.0800000000000054,-0.03,-0.13,0.0,-0.029999999999999805,0.6405505639182848,-0.10000000000000003,1
2020-04-16,0.005799858992437734,-0.730000000000004,0.0,-0.020000000000000018,0.0,-0.050000000000000266,0.613228741106364,-0.020000000000000018,1
2020-04-17,0.02644092907918516,-1.9600000000000009,0.0,0.040000000000000036,0.0,-0.009999999999999787,0.5793539814286351,0.040000000000000036,1
2020-04-20,-0.018042794099790704,5.68,0.0,-0.020000000000000018,0.0,0.009999999999999787,0.5866087164200751,-0.020000000000000018,1
2020-04-21,-0.031155167779795434,1.5799999999999983,0.0,-0.050000000000000044,0.0,0.010000000000000231,0.5735611792518139,-0.050000000000000044,1
2020-04-22,0.022671301062101357,-3.4299999999999997,0.01999999999999999,0.050000000000000044,0.0,0.009999999999999787,0.5584521837283655,0.030000000000000082,1
2020-04-23,-0.0005395641810270746,-0.5999999999999943,0.0,-0.020000000000000018,-0.010000000000000002,-0.040000000000000036,0.47948301349311867,-0.020000000000000018,1
2020-04-24,0.013822111461720077,-5.450000000000003,0.0,-0.010000000000000009,0.010000000000000002,-0.009999999999999787,0.47986725549505066,-0.010000000000000009,1
2020-04-27,0.014606871524448728,-2.6400000000000006,0.01999999999999999,0.07000000000000006,-0.010000000000000002,-0.009999999999999787,0.4393360133330813,0.050000000000000044,1
2020-04-28,-0.005256139460119158,0.28000000000000114,-0.03999999999999998,-0.050000000000000044,0.0,0.009999999999999787,0.41823586013945824,-0.010000000000000064,1
2020-04-29,0.026236663207249045,-2.34,0.0,0.010000000000000009,0.0,-0.009999999999999787,0.413324256105306,0.010000000000000009,1
2020-04-30,-0.00925511652526545,2.919999999999998,0.0,0.010000000000000009,0.010000000000000002,-0.010000000000000231,0.40948069293996725,0.010000000000000009,1
2020-05-01,-0.02846022068682874,3.039999999999999,0.0,0.0,0.0,0.020000000000000018,0.38683429535635144,0.0,1
2020-05-04,0.004240812214593603,-1.2199999999999989,-0.010000000000000009,0.0,0.0,0.029999999999999805,0.38241315888306415,0.010000000000000009,1
2020-05-05,0.008999952189538085,-2.3599999999999994,0.0,0.020000000000000018,0.0,0.0,0.37489792425701735,0.020000000000000018,1
2020-05-06,-0.007003873398600646,0.509999999999998,-0.01999999999999999,0.05999999999999994,0.0,0.03000000000000025,0.30391418887026206,0.0799999999999999,1
2020-05-07,0.011438948664054038,-2.679999999999996,-0.04000000000000001,-0.08999999999999997,0.0,0.029999999999999805,0.3046776620018477,-0.04999999999999993,1
2020-05-08,0.01673075806255042,-3.460000000000001,0.03,0.05999999999999994,0.0,0.03000000000000025,0.2892514451595141,0.029999999999999916,1
2020-05-11,0.00013310602938787497,-0.41000000000000014,0.010000000000000009,0.040000000000000036,0.0,0.040000000000000036,0.28639343062110234,0.030000000000000027,1
2020-05-12,-0.020713426598791607,5.469999999999999,0.0,-0.040000000000000036,0.0,-0.010000000000000231,0.2944190968527948,-0.040000000000000036,1
2020-05-13,-0.01761695579410727,2.240000000000002,-0.010000000000000009,-0.04999999999999993,0.0,0.03000000000000025,0.2828541571509827,-0.039999999999999925,1
2020-05-14,0.011458917804072044,-2.6700000000000017,0.0,-0.010000000000000009,0.0,-0.020000000000000018,0.2740395520052216,-0.010000000000000009,1
2020-05-15,0.003918692254435641,-0.7199999999999989,0.0,0.010000000000000009,0.0,0.0,0.2737162520550024,0.010000000000000009,1
2020-05-18,0.031015221473356114,-2.59,0.01999999999999999,0.08999999999999997,0.0,-0.03000000000000025,0.27945521742431656,0.07000000000000006,1
2020-05-19,-0.010539757419425477,1.2300000000000004,-0.009999999999999981,-0.030000000000000027,0.0,-0.08000000000000007,0.2740695648137514,-0.02000000000000013,1
2020-05-20,0.016513934417861975,-2.5400000000000027,-0.010000000000000009,-0.019999999999999907,0.0,-0.05999999999999961,0.25093805914749845,-0.009999999999999898,1
2020-05-21,-0.007803935472623813,1.5400000000000027,0.010000000000000009,0.0,0.0,-0.06000000000000005,0.24437112961371907,-0.010000000000000009,1
2020-05-22,0.002350965520251158,-1.370000000000001,0.0,-0.020000000000000018,0.0,0.0,0.24412720558645548,-0.020000000000000018,1
2020-05-26,0.012214261971749352,-0.14999999999999858,0.009999999999999981,0.029999999999999916,0.0,-0.040000000000000036,0.24325879023135374,0.020000000000000018,1
2020-05-27,0.014718492616298207,-0.39000000000000057,0.010000000000000009,-0.009999999999999898,0.0,-0.03000000000000025,0.2433288891801371,-0.019999999999999962,1
2020-05-28,-0.0021101714760458634,0.9699999999999989,-0.01999999999999999,0.019999999999999907,0.0,-0.009999999999999787,0.24230088498858998,0.03999999999999987,1
2020-05-29,0.004800767858805344,-1.0799999999999983,-0.010000000000000009,-0.04999999999999993,0.0,-0.020000000000000018,0.22694396114360457,-0.039999999999999925,1
2020-06-01,0.0037442421170172935,0.7199999999999989,-0.01999999999999999,0.010000000000000009,0.0,0.020000000000000018,0.22350183968313914,0.030000000000000027,1
2020-06-02,0.008177278702023116,-1.3900000000000006,0.03,0.020000000000000018,0.009999999999999995,-0.020000000000000018,0.19409469944544805,-0.010000000000000009,1
2020-06-03,0.013556655475682078,-1.1799999999999997,0.01999999999999999,0.08999999999999997,0.0,-0.06000000000000005,0.19688380914943415,0.07000000000000006,1
2020-06-04,-0.0033743829350463272,0.14999999999999858,0.0,0.04999999999999993,0.0,-0.029999999999999805,0.1979642103351119,0.04999999999999982,1
2020-06-05,0.025874065601552587,-1.2899999999999991,0.03,0.09000000000000008,0.010000000000000009,-0.13000000000000034,0.20769849625255798,0.060000000000000164,1
2020-06-08,0.011969668235860098,1.2899999999999991,0.0,-0.030000000000000027,0.0,-0.04999999999999982,0.2078992984732276,-0.030000000000000027,1
2020-06-09,-0.007829755338198296,1.7600000000000016,-0.01999999999999999,-0.040000000000000036,0.0,-0.010000000000000231,0.20855587701104678,-0.02000000000000013,1
2020-06-10,-0.005327243376571644,0.0,-0.03,-0.08999999999999997,0.009999999999999995,0.06000000000000005,0.21077889201081937,-0.05999999999999994,1
2020-06-11,-0.060752759198692274,13.219999999999999,0.01999999999999999,-0.08999999999999997,0.0,0.050000000000000266,0.2977399494098005,-0.10999999999999993,1
2020-06-12,0.012976299868565633,-4.699999999999996,0.0,0.04999999999999993,0.0,0.0,0.29094355259694366,0.04999999999999999,1
2020-06-15,0.00827785142343096,-1.6900000000000048,0.0,0.0,0.009999999999999995,0.020000000000000018,0.2900679269992147,0.0,1
2020-06-16,0.01878488465267303,-0.7299999999999969,0.01999999999999999,0.040000000000000036,0.0,-0.040000000000000036,0.29490414003702015,0.020000000000000018,1
2020-06-17,-0.003606796221337305,-0.20000000000000284,-0.01999999999999999,-0.010000000000000009,0.0,-0.020000000000000018,0.27913621843461695,0.010000000000000009,1
2020-06-18,0.0005940120550409489,-0.5300000000000011,0.0,-0.030000000000000027,0.0,-0.010000000000000231,0.27521709609090855,-0.030000000000000027,1
2020-06-19,-0.0056654822009658545,2.1799999999999997,0.0,-0.010000000000000009,0.0,0.010000000000000231,0.27223934260689864,-0.010000000000000009,1
2020-06-22,0.006474055690439684,-3.349999999999998,0.0,0.010000000000000009,-0.009999999999999995,-0.010000000000000231,0.2702600031281098,0.010000000000000009,1
2020-06-23,0.004298191170313714,-0.3999999999999986,-0.010000000000000009,0.010000000000000009,0.0,0.010000000000000231,0.2703161774285094,0.020000000000000018,1
2020-06-24,-0.02619527873275551,2.4700000000000024,0.010000000000000009,-0.030000000000000027,0.0,0.020000000000000018,0.28568467132855413,-0.04000000000000009,1
2020-06-25,0.01089985017340922,-1.6200000000000045,-0.01999999999999999,-0.009999999999999898,0.0,0.029999999999999805,0.28366033518177874,0.010000000000000064,1
2020-06-26,-0.024525217335130023,2.509999999999998,0.0,-0.040000000000000036,0.0,0.0,0.2968215637030405,-0.040000000000000036,1
2020-06-29,0.01457890753907165,-2.9499999999999957,-0.010000000000000009,0.0,0.0,0.020000000000000018,0.30085495426722003,0.010000000000000009,1
2020-06-30,0.01529233363767979,-1.3500000000000014,0.0,0.020000000000000018,0.0,-0.009999999999999787,0.3052262008217827,0.020000000000000018,1
2020-07-01,0.005009542099664088,-1.8099999999999987,0.010000000000000009,0.029999999999999916,0.0,-0.040000000000000036,0.3044432832668009,0.019999999999999907,1
2020-07-02,0.004531001832653203,-0.9400000000000013,-0.010000000000000009,-0.009999999999999898,0.009999999999999995,-0.020000000000000018,0.3011682885872672,1.1102230246251565e-16,1
2020-07-06,0.015756943165827764,0.26000000000000156,0.0,0.009999999999999898,0.0,-0.040000000000000036,0.3056389676580365,0.009999999999999898,1
2020-07-07,-0.010877508816987458,1.4899999999999984,0.0,-0.039999999999999925,0.0,-0.020000000000000018,0.29428687323346303,-0.039999999999999925,1
2020-07-08,0.00779702648129188,-1.3500000000000014,0.0,0.020000000000000018,0.0,-0.040000000000000036,0.29236669629276457,0.020000000000000018,1
2020-07-09,-0.005659625451288619,1.1800000000000033,0.0,-0.050000000000000044,0.0,-0.040000000000000036,0.2918174352948148,-0.050000000000000044,1
2020-07-10,0.010411813000986925,-1.9700000000000024,0.0,0.030000000000000027,0.0,0.010000000000000231,0.2938445101637705,0.030000000000000027,1
2020-07-13,-0.009406623666484037,4.899999999999999,0.0,-0.010000000000000009,0.0,0.0,0.19867288819667467,-0.010000000000000009,1
2020-07-14,0.013317285189446082,-2.669999999999998,-0.01999999999999999,-0.010000000000000009,0.0,-0.03000000000000025,0.19890565511182784,0.010000000000000009,1
2020-07-15,0.009041044884783744,-1.759999999999998,0.01999999999999999,0.010000000000000009,0.010000000000000009,0.0,0.19920788473899625,-0.010000000000000009,1
2020-07-16,-0.003411918313160456,0.23999999999999844,0.0,-0.020000000000000018,0.0,-0.020000000000000018,0.1909007965079925,-0.020000000000000018,1
2020-07-17,0.002844589903158834,-2.3200000000000003,-0.01999999999999999,0.020000000000000018,-0.010000000000000009,-0.009999999999999787,0.19009039395077645,0.040000000000000036,1
2020-07-20,0.008371764170464147,-1.2199999999999989,0.01999999999999999,-0.020000000000000018,0.010000000000000009,-0.020000000000000018,0.19143944196399695,-0.040000000000000036,1
2020-07-21,0.001677641372159755,0.379999999999999,-0.01999999999999999,-0.010000000000000009,0.0,-0.03000000000000025,0.18939341892289047,0.010000000000000009,1
2020-07-22,0.005730639622957057,-0.5199999999999996,0.0,-0.010000000000000009,-0.010000000000000009,-0.020000000000000018,0.189208932262351,-0.010000000000000009,1
2020-07-23,-0.012396345287241317,1.759999999999998,0.01999999999999999,-0.010000000000000009,0.0,-0.029999999999999805,0.19577424381707517,-0.030000000000000027,1
2020-07-24,-0.006209630744304917,-0.23999999999999844,-0.01999999999999999,0.0,0.0,0.0,0.17070845774745858,0.020000000000000018,1
2020-07-27,0.007367919510066656,-1.1000000000000014,0.009999999999999981,0.030000000000000027,0.010000000000000009,-0.020000000000000018,0.16895148844025645,0.020000000000000018,1
2020-07-28,-0.0064944443446854905,0.7000000000000028,-0.009999999999999981,-0.030000000000000027,0.0,0.009999999999999787,0.14225616611395667,-0.020000000000000018,1
2020-07-29,0.012351783128252691,-1.3399999999999999,-0.020000000000000018,-0.010000000000000009,0.0,0.040000000000000036,0.1402066569470722,0.010000000000000009,1
2020-07-30,-0.0037573107206831935,0.6600000000000001,-0.009999999999999995,-0.029999999999999916,0.0,-0.009999999999999787,0.1347530320649595,-0.019999999999999907,1
2020-07-31,0.007641191392371738,-0.3000000000000007,0.0,0.0,0.0,0.0,0.1357514423552025,0.0,1
2020-08-03,0.007155365883905418,-0.17999999999999972,0.0,0.010000000000000009,0.0,0.029999999999999805,0.136592884201009,0.010000000000000009,1
2020-08-04,0.0036054526780180396,-0.5199999999999996,0.0,-0.040000000000000036,0.0,-0.009999999999999787,0.12787418806962467,-0.040000000000000036,1
2020-08-05,0.006409157519801312,-0.7700000000000031,0.0,0.030000000000000027,0.0,-0.03000000000000025,0.11995064608722922,0.030000000000000027,1
2020-08-06,0.0064071581324238736,-0.33999999999999986,0.0,0.0,0.0,-0.020000000000000018,0.11929917922443244,0.0,1
2020-08-07,0.0006327942853729951,-0.4399999999999977,0.020000000000000004,0.019999999999999907,0.0,0.0,0.1157355232548862,-1.1102230246251565e-16,1
2020-08-10,0.0027384827334753226,-0.08000000000000185,0.010000000000000009,0.020000000000000018,0.0,-0.009999999999999787,0.11248249891818107,0.010000000000000009,1
2020-08-11,-0.00800104654322098,1.9000000000000021,0.01999999999999999,0.050000000000000044,0.0,0.029999999999999805,0.11069055470771084,0.030000000000000027,1
2020-08-12,0.013899455827980134,-1.75,0.0,0.04999999999999993,0.0,-0.040000000000000036,0.11141544568062114,0.04999999999999993,1
2020-08-13,-0.0020492235227109745,-0.15000000000000213,0.0,0.020000000000000018,0.0,0.040000000000000036,0.11001172138072028,0.020000000000000018,1
2020-08-14,-0.00017194661396580102,-0.0799999999999983,-0.01999999999999999,0.0,0.0,0.020000000000000018,0.10852145908409053,0.020000000000000018,1
2020-08-17,0.0027062093485916705,-0.6999999999999993,0.0,-0.020000000000000018,0.0,0.03000000000000025,0.1085133495238478,-0.020000000000000018,1
2020-08-18,0.0023007288895726674,0.16000000000000014,0.0,-0.019999999999999907,-0.010000000000000009,0.0,0.10622394748508444,-0.019999999999999907,1
2020-08-19,-0.004414143638946655,1.0299999999999976,0.0,0.010000000000000009,0.0,0.009999999999999787,0.10851266378754738,0.010000000000000009,1
2020-08-20,0.003153680820281224,0.17999999999999972,-0.010000000000000009,-0.030000000000000027,0.0,0.0,0.10766695639785667,-0.020000000000000018,1
2020-08-21,0.003435228739302687,-0.17999999999999972,0.03,-0.010000000000000009,0.0,-0.009999999999999787,0.09502465506240589,-0.040000000000000036,1
2020-08-24,0.009993580954931858,-0.16999999999999815,-0.01999999999999999,0.010000000000000009,0.0,-0.010000000000000231,0.09326115237086477,0.030000000000000027,1
2020-08-25,0.0035898742533948536,-0.33999999999999986,0.009999999999999981,0.039999999999999925,0.0,0.0,0.09198766379903006,0.029999999999999916,1
2020-08-26,0.010144040989640501,1.2399999999999984,0.010000000000000009,0.0,0.0,0.03000000000000025,0.08854475087903958,-0.010000000000000009,1
2020-08-27,0.001671626404583293,1.1999999999999993,0.0,0.050000000000000044,-0.009999999999999995,0.04999999999999982,0.08295375298225821,0.050000000000000044,1
2020-08-28,0.006710014078512572,-1.509999999999998,-0.01999999999999999,0.0,0.009999999999999995,0.0,0.07976406036206388,0.020000000000000018,1
2020-08-31,-0.00219738913128964,3.4499999999999993,0.0,-0.020000000000000018,0.0,-0.040000000000000036,0.08090147537101758,-0.020000000000000018,1
2020-09-01,0.0074968758512330425,-0.28999999999999915,-0.010000000000000009,-0.039999999999999925,0.0,0.0,0.08111889800086566,-0.029999999999999916,1
2020-09-02,0.01524899790823575,0.4499999999999993,0.010000000000000009,-0.020000000000000018,0.0,-0.029999999999999805,0.09118159636087991,-0.030000000000000027,1
2020-09-03,-0.035757586556313115,7.030000000000001,-0.010000000000000009,-0.030000000000000027,0.0,0.0,0.163930319545356,-0.020000000000000018,1
2020-09-04,-0.008166252396865303,-2.8500000000000014,0.010000000000000009,0.08999999999999997,0.0,0.040000000000000036,0.1665088300520996,0.07999999999999996,1
2020-09-08,-0.028148866864059485,0.7100000000000009,0.0,-0.030000000000000027,0.0,-0.010000000000000231,0.1949357969654168,-0.030000000000000027,1
2020-09-09,0.019944798533671815,-2.650000000000002,0.0,0.020000000000000018,0.0,0.020000000000000018,0.2070269957034436,0.020000000000000018,1
2020-09-10,-0.01774123987058651,0.9000000000000021,0.0,-0.029999999999999916,0.0,0.0,0.21469892049908643,-0.029999999999999916,1
2020-09-11,0.0005329213797651278,-2.84,-0.010000000000000009,-0.010000000000000009,0.0,0.0,0.20876827367442746,0.0,1
2020-09-14,0.01266131471119003,-1.0199999999999996,0.010000000000000009,0.010000000000000009,0.0,-0.029999999999999805,0.21360755534811157,0.0,1
2020-09-15,0.0052058118315070345,-0.26000000000000156,0.0,0.0,0.0,0.020000000000000018,0.21431896250330218,0.0,1
2020-09-16,-0.004629658363745293,0.4499999999999993,0.0,0.009999999999999898,0.0,-0.010000000000000231,0.21482970063085274,0.009999999999999898,1
2020-09-17,-0.008447955322131051,0.4200000000000017,-0.010000000000000009,0.0,0.0,-0.020000000000000018,0.21662954840781393,0.010000000000000009,1
2020-09-18,-0.011245565213034325,-0.6300000000000026,0.010000000000000009,0.010000000000000009,0.0,0.010000000000000231,0.21947357195007428,0.0,1
2020-09-21,-0.011638590711243069,1.9500000000000028,0.0,-0.019999999999999907,0.0,0.0,0.22209255442227077,-0.019999999999999907,1
2020-09-22,0.010463013638869256,-0.9200000000000017,-0.010000000000000009,0.0,0.0,0.0,0.2253673528031545,0.010000000000000009,1
2020-09-23,-0.02400729416109293,1.7199999999999989,0.010000000000000009,0.0,0.0,0.020000000000000018,0.23475211221948133,-0.010000000000000009,1
2020-09-24,0.002982954347357847,-0.06999999999999673,0.0,-0.010000000000000009,0.0,0.020000000000000018,0.2345540477130419,-0.010000000000000009,1
2020-09-25,0.015850478138508706,-2.1300000000000026,-0.020000000000000018,-0.010000000000000009,0.0,0.040000000000000036,0.23930848795551174,0.010000000000000009,1
2020-09-28,0.01598215087400412,-0.18999999999999773,0.020000000000000018,0.010000000000000009,0.0,0.019999999999999574,0.24747254254190143,-0.010000000000000009,1
2020-09-29,-0.004824244783808496,0.0799999999999983,-0.030000000000000013,-0.010000000000000009,0.0,-0.019999999999999574,0.24566306168054397,0.020000000000000018,1
2020-09-30,0.008219833784947284,0.10000000000000142,0.020000000000000004,0.029999999999999916,0.0,0.009999999999999787,0.24840731081714915,0.009999999999999898,1
2020-10-01,0.00527893512152211,0.3299999999999983,0.010000000000000009,-0.009999999999999898,0.0,0.0,0.24746655871123696,-0.019999999999999907,1
2020-10-02,-0.00962377509169876,0.9299999999999997,-0.010000000000000009,0.019999999999999907,0.0,0.009999999999999787,0.24050975888926288,0.029999999999999916,1
2020-10-05,0.01781305702104241,0.33000000000000185,0.010000000000000009,0.08000000000000007,0.0,-0.019999999999999574,0.2198289127450148,0.07000000000000006,1
2020-10-06,-0.014072027020771927,1.5199999999999996,0.0,-0.020000000000000018,0.0,-0.040000000000000036,0.22329955586199118,-0.020000000000000018,1
2020-10-07,0.017247172188930904,-1.4200000000000017,0.01999999999999999,0.050000000000000044,0.0,-0.010000000000000231,0.20844606966455914,0.030000000000000027,1
2020-10-08,0.007978173093635021,-1.6999999999999993,-0.03,-0.030000000000000027,0.0,-0.009999999999999787,0.1988122316912668,0.0,1
2020-10-09,0.008755148740251073,-1.3599999999999994,0.03,0.010000000000000009,0.0,-0.010000000000000231,0.18883946668297302,-0.020000000000000018,1
2020-10-12,0.016282507554066683,0.07000000000000028,0.0,0.0,0.0,0.0,0.1951495881359228,0.0,1
2020-10-13,-0.006326880453748629,1.0,0.0,-0.050000000000000044,0.0,-0.020000000000000018,0.19399172591060887,-0.050000000000000044,1
2020-10-14,-0.006645169155040875,0.3299999999999983,-0.01999999999999999,-0.010000000000000009,0.0,-0.009999999999999787,0.1956862113019332,0.010000000000000009,1
2020-10-15,-0.001528971139844515,0.5700000000000003,0.0,0.010000000000000009,0.0,0.009999999999999787,0.19481333418867003,0.010000000000000009,1
2020-10-16,0.00013491886947036846,0.4400000000000013,0.0,0.020000000000000018,0.0,-0.009999999999999787,0.19161306646207546,0.020000000000000018,1
2020-10-19,-0.016464623898633235,1.7699999999999996,0.01999999999999999,0.020000000000000018,0.0,-0.03000000000000025,0.19685947040090918,0.0,1
2020-10-20,0.004716138487298238,0.1700000000000017,-0.01999999999999999,0.030000000000000027,0.0,0.03000000000000025,0.19115817364976312,0.050000000000000044,1
2020-10-21,-0.0021980970313855153,-0.7000000000000028,0.0,0.019999999999999907,0.0,-0.010000000000000231,0.18936540424446266,0.019999999999999907,1
2020-10-22,0.00520537388632647,-0.5399999999999991,0.01999999999999999,0.040000000000000036,0.0,-0.020000000000000018,0.1648647894086782,0.020000000000000018,1
2020-10-23,0.003439866491129706,-0.5599999999999987,0.01999999999999999,-0.020000000000000018,0.0,-0.009999999999999787,0.16486886022458883,-0.040000000000000036,1
2020-10-26,-0.018764495369547163,4.91,-0.01999999999999999,-0.039999999999999925,0.0,0.0,0.17447886068712223,-0.019999999999999907,1
2020-10-27,-0.003030193803752468,0.8900000000000006,0.0,-0.020000000000000018,0.0,0.0,0.16679785778134398,-0.020000000000000018,1
2020-10-28,-0.03592557122600937,6.93,0.0,0.0,0.0,0.020000000000000018,0.2089083767433958,0.0,1
2020-10-29,0.011876501443804699,-2.6899999999999977,0.0,0.05999999999999994,0.0,-0.010000000000000231,0.2112964979586133,0.05999999999999994,1
2020-10-30,-0.012203669046733978,0.4299999999999997,-0.01999999999999999,0.030000000000000027,0.0,0.0,0.21367182750553718,0.050000000000000044,1
2020-11-02,0.012242941894852422,-0.8900000000000006,0.01999999999999999,-0.010000000000000009,0.0,-0.009999999999999787,0.2167143158707004,-0.030000000000000027,1
2020-11-03,0.017642760820757886,-1.5800000000000054,0.010000000000000009,0.030000000000000027,0.0,-0.020000000000000018,0.21653326554613841,0.020000000000000018,1
2020-11-04,0.021807516584335218,-5.979999999999997,-0.03,-0.12,0.0,0.0,0.22385802499971172,-0.08999999999999997,1
2020-11-05,0.019273262670013835,-1.990000000000002,0.0,0.010000000000000009,0.0,-0.06000000000000005,0.2257948954694549,0.010000000000000009,1
2020-11-06,-0.00028775379869649953,-2.719999999999999,0.01999999999999999,0.039999999999999925,0.0,-0.010000000000000231,0.2245037344501354,0.019999999999999907,1
2020-11-09,0.011631958050303481,0.8900000000000006,0.010000000000000009,0.13,0.0,-0.03999999999999959,0.2259951428128822,0.12,1
2020-11-10,-0.0014007834839127042,-0.9499999999999993,0.01999999999999999,0.020000000000000018,0.0,-0.03000000000000025,0.21911967786147654,1.1102230246251565e-16,1
2020-11-11,0.007622761226929953,-1.3500000000000014,0.0,0.0,0.0,0.0,0.21925091880195902,0.0,1
2020-11-12,-0.01002867890894521,1.9000000000000021,-0.01999999999999999,-0.09999999999999998,0.0,0.010000000000000231,0.22100803315636283,-0.08000000000000007,1
2020-11-13,0.013518576706374574,-2.25,0.0,0.010000000000000009,0.0,-0.010000000000000231,0.22524081747259517,0.010000000000000009,1
2020-11-16,0.011580731916657427,-0.6500000000000021,0.01999999999999999,0.020000000000000018,0.0,-0.020000000000000018,0.227922648739228,0.0,1
2020-11-17,-0.00480347613410359,0.26000000000000156,-0.010000000000000009,-0.040000000000000036,0.0,0.0,0.2194969610045822,-0.030000000000000027,1
2020-11-18,-0.011631213479601499,1.129999999999999,-0.01999999999999999,0.010000000000000009,0.0,-0.029999999999999805,0.22463601385291548,0.030000000000000027,1
2020-11-19,0.003938653922539004,-0.7300000000000004,0.01999999999999999,-0.020000000000000018,-0.009999999999999995,-0.040000000000000036,0.2243020271400467,-0.040000000000000036,1
2020-11-20,-0.006815715636271591,0.5899999999999999,-0.01999999999999999,-0.030000000000000027,0.0,0.0,0.22598720200458158,-0.010000000000000009,1
2020-11-23,0.0056200945950592995,-1.0399999999999991,0.0,0.030000000000000027,0.0,-0.020000000000000018,0.22635942009209,0.030000000000000027,1
2020-11-24,0.016032507557284248,-1.0199999999999996,0.0,0.020000000000000018,0.0,-0.020000000000000018,0.21905189933670113,0.020000000000000018,1
2020-11-25,-0.0015856720266285151,-0.39000000000000057,0.010000000000000009,0.0,0.0,0.009999999999999787,0.21859303985868023,-0.010000000000000009,1
2020-11-27,0.002394057279952122,-0.41000000000000014,-0.010000000000000009,-0.040000000000000036,0.0,0.0,0.1660728937421114,-0.030000000000000027,1
2020-11-30,-0.004606081438497611,-0.2699999999999996,0.0,0.0,0.009999999999999995,-0.029999999999999805,0.16736867613642115,0.0,1
2020-12-01,0.011208121636018475,0.1999999999999993,0.010000000000000009,0.08000000000000007,0.0,-0.010000000000000231,0.15767962981978575,0.07000000000000006,1
2020-12-02,0.001789548534858909,0.40000000000000213,-0.010000000000000009,0.029999999999999916,0.0,-0.03999999999999959,0.15611204789628025,0.039999999999999925,1
2020-12-03,-0.0006243414287023796,0.10999999999999943,0.0,-0.029999999999999916,0.0,-0.010000000000000231,0.1500311769291354,-0.029999999999999916,1
2020-12-04,0.00879742404541517,-0.490000000000002,0.0,0.04999999999999993,0.0,0.0,0.13679229484984967,0.04999999999999993,1
2020-12-07,-0.0019374711787083498,0.5100000000000016,-0.01999999999999999,-0.030000000000000027,0.0,-0.009999999999999787,0.12502859761750612,-0.010000000000000009,1
2020-12-08,0.0027832605897479823,-0.620000000000001,0.0,-0.019999999999999907,0.0,0.0,0.12464858949165879,-0.019999999999999907,1
2020-12-09,-0.007980983560702981,1.5899999999999999,0.01999999999999999,0.029999999999999916,0.0,0.020000000000000018,0.12515195095932793,0.009999999999999898,1
2020-12-10,-0.001285942538656215,0.25,-0.01999999999999999,-0.029999999999999916,0.0,-0.020000000000000018,0.12511773438208312,-0.009999999999999898,1
2020-12-11,-0.001265760798382587,0.7899999999999991,-0.030000000000000013,-0.020000000000000018,0.0,0.009999999999999787,0.12352163128668613,0.010000000000000009,1
2020-12-14,-0.004368796230528105,1.4100000000000001,0.020000000000000004,0.0,0.0,0.010000000000000231,0.1184954182383096,-0.020000000000000018,1
2020-12-15,0.012838447626448257,-1.8299999999999983,-0.020000000000000004,0.020000000000000018,0.0,0.019999999999999574,0.11764403788053435,0.040000000000000036,1
2020-12-16,0.0017712784469292586,-0.39000000000000057,0.020000000000000004,0.0,0.0,-0.009999999999999787,0.11174139395336335,-0.020000000000000018,1
2020-12-17,0.005741126947631514,-0.5700000000000003,0.0,0.019999999999999907,0.0,-0.020000000000000018,0.11084919140471111,0.019999999999999907,1
2020-12-18,-0.003517278505022148,-0.35999999999999943,0.0,0.010000000000000009,0.0,0.010000000000000231,0.1019770250257078,0.010000000000000009,1
2020-12-21,-0.003913931036978013,3.59,0.0,0.0,0.0,-0.010000000000000231,0.1035696760746727,0.0,1
2020-12-22,-0.002075268484142967,-0.9299999999999997,0.0,-0.019999999999999907,0.0,-0.009999999999999787,0.10002686885946575,-0.019999999999999907,1
2020-12-23,0.0007455332737915654,-0.9200000000000017,0.0,0.029999999999999916,0.0,0.020000000000000018,0.09904362278414594,0.029999999999999916,1
2020-12-24,0.0035303368029282467,-1.7799999999999976,0.0,-0.020000000000000018,0.0,-0.010000000000000231,0.08425171135328466,-0.020000000000000018,1
2020-12-28,0.00868469460336918,0.16999999999999815,0.0,0.0,0.0,-0.009999999999999787,0.08790045465759974,0.0,1
2020-12-29,-0.0022298465500121267,1.379999999999999,-0.010000000000000009,0.0,0.0,0.0,0.0886757352445148,0.010000000000000009,1
2020-12-30,0.0013406481091209344,-0.3099999999999987,0.0,-0.009999999999999898,0.0,-0.020000000000000018,0.08617207867880243,-0.009999999999999898,1
2020-12-31,0.006418196978792423,-0.019999999999999574,0.010000000000000009,0.0,0.0,-0.020000000000000018,0.08075068632053758,-0.010000000000000009,1
2021-01-04,-0.014864718123371645,4.219999999999999,-0.020000000000000004,0.0,0.0,0.009999999999999787,0.09799203671035688,0.020000000000000018,1
2021-01-05,0.007057576170721447,-1.629999999999999,0.020000000000000004,0.029999999999999916,0.0,0.040000000000000036,0.1005513047868108,0.009999999999999898,1
2021-01-06,0.005693660866217698,-0.2699999999999996,0.010000000000000009,0.08000000000000007,0.0,0.040000000000000036,0.09797279410429713,0.07000000000000006,1
2021-01-07,0.014738221178340893,-2.6999999999999993,0.0,0.040000000000000036,0.0,-0.040000000000000036,0.1088944284632287,0.040000000000000036,1
2021-01-08,0.005476865536104825,-0.8100000000000023,0.0,0.04999999999999982,0.0,-0.040000000000000036,0.10971569202124389,0.04999999999999982,1
2021-01-11,-0.0065763737616642,2.5199999999999996,0.0,0.020000000000000018,0.0,-0.040000000000000036,0.10827684332741438,0.019999999999999907,1
2021-01-12,0.00041574571696578744,-0.75,0.0,0.0,0.0,0.010000000000000231,0.10786183562320371,0.0,1
2021-01-13,0.002273017902771457,-1.1199999999999974,0.0,-0.04999999999999982,0.0,-0.03000000000000025,0.10733231571164771,-0.04999999999999971,1
2021-01-14,-0.003760500291052793,1.0399999999999991,0.01999999999999999,0.04999999999999982,0.0,-0.009999999999999787,0.10690695834115041,0.029999999999999805,1
2021-01-15,-0.007215990506594494,1.0899999999999999,-0.03,-0.039999999999999813,0.0,0.009999999999999787,0.10355950580168656,-0.009999999999999787,1
2021-01-19,0.008103480771509908,-1.1000000000000014,0.010000000000000009,-0.010000000000000009,0.0,-0.020000000000000018,0.10648208417926562,-0.020000000000000018,1
2021-01-20,0.013839368887685666,-1.6600000000000001,-0.010000000000000009,0.0,0.0,0.0,0.1142091864628834,0.010000000000000009,1
2021-01-21,0.00031668077285651464,-0.259999999999998,0.0,0.020000000000000018,-0.009999999999999995,0.010000000000000231,0.11279684007019485,0.020000000000000018,1
2021-01-22,-0.0030151272949279218,0.5899999999999999,0.0,-0.020000000000000018,0.0,0.020000000000000018,0.11226392428113789,-0.020000000000000018,1
2021-01-25,0.0036092820235467116,1.2800000000000011,0.0,-0.050000000000000044,0.0,0.009999999999999787,0.11148248987399767,-0.050000000000000044,1
2021-01-26,-0.001489945739473697,-0.1700000000000017,-0.020000000000000004,0.0,0.0,0.010000000000000231,0.11209775299489601,0.020000000000000018,1
2021-01-27,-0.026013289892048874,14.190000000000001,0.009999999999999995,-0.010000000000000009,0.0,0.0,0.1480294657252007,-0.020000000000000018,1
2021-01-28,0.009713334927598183,-7.0,0.0,0.030000000000000027,-0.009999999999999995,0.009999999999999787,0.14877748602288784,0.030000000000000027,1
2021-01-29,-0.01950040596712732,2.8800000000000026,-0.009999999999999995,0.040000000000000036,0.0,0.0,0.16422881829103006,0.04999999999999993,1
2021-02-01,0.01592426914071865,-2.850000000000005,0.0,-0.020000000000000018,0.009999999999999995,0.020000000000000018,0.17342489045359302,-0.019999999999999907,1
2021-02-02,0.01380254196564934,-4.68,0.0,0.030000000000000027,0.0,-0.009999999999999787,0.17839878079767013,0.029999999999999916,1
2021-02-03,0.0010082963259936406,-2.6499999999999986,0.0,0.029999999999999805,0.0,-0.010000000000000231,0.16896970407632847,0.029999999999999805,1
2021-02-04,0.01079482976893864,-1.1400000000000006,0.0,0.0,0.0,0.020000000000000018,0.17096421453330674,0.0,1
2021-02-05,0.0038898969855534204,-0.8999999999999986,-0.020000000000000004,0.040000000000000036,0.0,-0.009999999999999787,0.17056245535262443,0.06000000000000005,1
2021-02-08,0.007372105129887174,0.36999999999999744,0.020000000000000004,0.0,-0.009999999999999995,-0.040000000000000036,0.1653119432835275,-0.020000000000000018,1
2021-02-09,-0.0011141179817588664,0.39000000000000057,0.0,-0.010000000000000009,0.009999999999999995,0.009999999999999787,0.16482954011134332,-0.010000000000000009,1
2021-02-10,-0.0003452195438775618,0.35999999999999943,0.0,-0.030000000000000027,0.0,0.010000000000000231,0.16258759745330814,-0.030000000000000027,1
2021-02-11,0.001661074764843562,-0.7399999999999984,0.0,0.010000000000000009,0.0,0.020000000000000018,0.16255347429711106,0.010000000000000009,0
2021-02-12,0.004699921149025954,-1.2800000000000011,0.0,0.040000000000000036,0.0,0.009999999999999787,0.16293060287748978,0.040000000000000036,1
2021-02-16,-0.0005694370099789126,1.490000000000002,0.020000000000000004,0.10000000000000009,0.0,-0.040000000000000036,0.16199557162960648,0.08000000000000007,1
2021-02-17,-0.0003204508720298094,0.03999999999999915,-0.020000000000000004,-0.010000000000000009,0.0,-0.020000000000000018,0.1589519641993297,0.010000000000000009,1
2021-02-18,-0.00442558686962613,0.9899999999999984,0.0,0.0,-0.009999999999999995,0.0,0.15883296009630765,0.0,1
2021-02-19,-0.0018566165820494973,-0.4399999999999977,0.0,0.050000000000000044,0.0,0.010000000000000231,0.1525525269117323,0.050000000000000044,1
2021-02-22,-0.007762902892533674,1.3999999999999986,0.0,0.030000000000000027,0.0,0.020000000000000018,0.15533275794826049,0.030000000000000027,1
2021-02-23,0.0012554994192246482,-0.33999999999999986,0.0,0.0,0.0,0.040000000000000036,0.1548921198294789,0.0,1
2021-02-24,0.011287715277781274,-1.7699999999999996,0.009999999999999995,0.009999999999999787,0.0,0.020000000000000018,0.1590667850753843,-2.220446049250313e-16,1
2021-02-25,-0.024783434790563774,7.550000000000001,0.05000000000000002,0.16000000000000014,0.0,-0.10000000000000009,0.18218489210610841,0.11000000000000032,1
2021-02-26,-0.004761483718072057,-0.9400000000000013,-0.03,-0.10000000000000009,0.0,0.0,0.1575258938331977,-0.07000000000000028,1
2021-03-01,0.02351213008199693,-4.599999999999998,-0.010000000000000009,0.010000000000000009,0.0,0.009999999999999787,0.17381733332706248,0.020000000000000018,1
2021-03-02,-0.008113671312553805,0.75,0.0,-0.030000000000000027,0.0,0.020000000000000018,0.1605180341090243,-0.029999999999999805,1
2021-03-03,-0.013152318131986362,2.5700000000000003,0.010000000000000009,0.050000000000000044,0.0,-0.009999999999999787,0.16024735109526317,0.040000000000000036,1
2021-03-04,-0.01350803796008293,1.8999999999999986,0.0,0.07000000000000006,0.0,-0.010000000000000231,0.15976922111142672,0.06999999999999984,1
2021-03-05,0.01930836381558443,-3.91,0.0,0.020000000000000018,0.0,0.0,0.17419642091206852,0.020000000000000018,1
2021-03-08,-0.00537368403054117,0.8099999999999987,0.03,0.030000000000000027,0.0,0.010000000000000231,0.1707122081686258,2.220446049250313e-16,1
2021-03-09,0.014055441418612702,-1.4399999999999977,0.0,-0.040000000000000036,0.0,0.020000000000000018,0.17759224254333264,-0.040000000000000036,1
2021-03-10,0.006012173623114236,-1.4700000000000024,-0.010000000000000009,-0.020000000000000018,0.0,0.009999999999999787,0.17692869837002811,-0.010000000000000009,1
2021-03-11,0.010341818218279286,-0.6499999999999986,-0.01999999999999999,0.010000000000000009,0.0,0.010000000000000231,0.18059908833487184,0.029999999999999805,1
2021-03-12,0.001014883350162421,-1.2199999999999989,0.0,0.09999999999999987,0.0,0.009999999999999787,0.18059542876417195,0.10000000000000009,1
2021-03-15,0.006470976590856381,-0.6600000000000001,0.0,-0.019999999999999796,0.0,-0.009999999999999787,0.18178141913588633,-0.020000000000000018,0
2021-03-16,-0.0015709218841468697,-0.240000000000002,0.009999999999999981,0.0,0.0,0.009999999999999787,0.1813118253210896,-0.009999999999999787,0
2021-03-17,0.002875205304977868,-0.5599999999999987,-0.01999999999999999,0.009999999999999787,0.0,0.040000000000000036,0.1814876025077151,0.029999999999999805,1
2021-03-18,-0.01487052060181071,2.349999999999998,0.03,0.08000000000000007,0.0,-0.06000000000000005,0.1891536972533568,0.050000000000000044,1
2021-03-19,-0.0006029206064699366,-0.629999999999999,0.0,0.030000000000000027,0.0,-0.06999999999999984,0.1885383450552587,0.030000000000000027,0
2021-03-22,0.007000559550654373,-2.0700000000000003,-0.010000000000000009,-0.050000000000000044,0.0,-0.020000000000000018,0.1899370074644869,-0.040000000000000036,1
2021-03-23,-0.007660100809948389,1.4200000000000017,0.0,-0.06000000000000005,0.0,0.029999999999999805,0.18988158871103766,-0.06000000000000005,1
2021-03-24,-0.005482303984823744,0.8999999999999986,-0.009999999999999981,-0.009999999999999787,0.0,-0.009999999999999787,0.19093785995889428,0.0,0
2021-03-25,0.0052265508159266005,-1.3900000000000006,0.0,0.009999999999999787,0.0,0.009999999999999787,0.1875861508185674,0.009999999999999787,0
2021-03-26,0.016494413826352528,-0.9499999999999993,0.0,0.040000000000000036,0.0,-0.020000000000000018,0.1733675002192441,0.040000000000000036,1
2021-03-29,-0.0008684019308251578,1.879999999999999,0.0,0.06000000000000005,0.0,-0.009999999999999787,0.17203828105979754,0.06000000000000005,0
2021-03-30,-0.003162819611880252,-1.129999999999999,0.01999999999999999,0.0,0.0,-0.040000000000000036,0.1537747158474533,-0.019999999999999796,0
2021-03-31,0.0036159929659937973,-0.21000000000000085,0.0,0.010000000000000009,-0.010000000000000009,-0.010000000000000231,0.15065260223730584,0.010000000000000009,0
2021-04-01,0.011755774236888783,-2.0700000000000003,0.010000000000000009,-0.050000000000000044,0.010000000000000009,-0.04999999999999982,0.14527084975736565,-0.06000000000000005,0
2021-04-05,0.014335038467166328,0.5800000000000018,0.0,0.040000000000000036,0.0,-0.050000000000000044,0.13864411834662427,0.040000000000000036,0
2021-04-06,-0.0009740121110812794,0.21000000000000085,-0.010000000000000009,-0.06000000000000005,0.0,0.020000000000000018,0.12732081784583502,-0.050000000000000044,0
2021-04-07,0.001474143283354934,-0.9600000000000009,0.0,0.010000000000000009,0.0,0.010000000000000009,0.12395233293817104,0.010000000000000009,0
2021-04-08,0.004211758040806757,-0.21000000000000085,-0.01999999999999999,-0.040000000000000036,0.0,0.020000000000000018,0.1175323038788371,-0.020000000000000018,0
2021-04-09,0.007690316372556794,-0.259999999999998,0.01999999999999999,0.030000000000000027,0.0,-0.020000000000000018,0.11827867786455001,0.010000000000000009,0
2021-04-12,-0.00019620215667437435,0.21999999999999886,0.01999999999999999,0.020000000000000018,0.0,-0.010000000000000009,0.11532944021026639,0.0,0
2021-04-13,0.003289166381145847,-0.26000000000000156,-0.01999999999999999,-0.050000000000000044,0.0,0.020000000000000018,0.1152972288630182,-0.030000000000000027,0
2021-04-14,-0.004096179929696575,0.33999999999999986,0.0,0.0,0.0,0.010000000000000009,0.11632824811867994,0.0,0
2021-04-15,0.011033158016154232,-0.41999999999999815,0.0,-0.07999999999999985,0.0,-0.030000000000000027,0.11982311984385118,-0.07999999999999985,0
2021-04-16,0.0036022533265391843,-0.3200000000000003,0.0,0.030000000000000027,0.0,0.020000000000000018,0.11988339740554989,0.030000000000000027,0
2021-04-19,-0.005320582266875817,1.0399999999999991,0.0,0.020000000000000018,0.0,0.020000000000000018,0.10627287890216458,0.020000000000000018,0
2021-04-20,-0.006825603130707236,1.3900000000000006,-0.010000000000000009,-0.030000000000000027,0.0,0.010000000000000009,0.11095657465205289,-0.020000000000000018,0
2021-04-21,0.009263025469113728,-1.1799999999999997,0.0,-0.010000000000000009,0.0,0.009999999999999787,0.1123485941274203,-0.010000000000000009,0
2021-04-22,-0.009253351856793657,1.2100000000000009,0.010000000000000009,0.0,0.0,-0.019999999999999796,0.11432398655130928,-0.010000000000000009,0
2021-04-23,0.010869423861540994,-1.3800000000000026,0.0,0.010000000000000009,0.0,0.0,0.11368515537089556,0.010000000000000009,0
2021-04-26,0.0017806378908797882,0.3100000000000023,0.01999999999999999,0.0,0.0,-0.010000000000000009,0.1136281337580011,-0.020000000000000018,0
2021-04-27,-0.00021494231270047237,-0.08000000000000185,-0.009999999999999981,0.04999999999999982,0.0,-0.010000000000000009,0.10341307903043402,0.05999999999999983,0
2021-04-28,-0.0008458882928294997,-0.2799999999999976,0.0,0.0,0.0,0.010000000000000009,0.1034039323788698,0.0,0
2021-04-29,0.006740032543708807,0.3299999999999983,-0.010000000000000009,0.020000000000000018,-0.010000000000000009,-0.010000000000000009,0.10228184497272368,0.030000000000000027,0
2021-04-30,-0.007220643718202524,1.0,0.0,0.0,-0.009999999999999995,-0.010000000000000009,0.10811423600706463,0.0,0
2021-05-03,0.002744265697041115,-0.3000000000000007,0.0,-0.020000000000000018,0.009999999999999995,0.0,0.10269427080748009,-0.020000000000000018,0
2021-05-04,-0.006700737740406026,1.1700000000000017,0.0,-0.019999999999999796,0.0,0.010000000000000009,0.09653757232963202,-0.019999999999999796,0
2021-05-05,0.0007032914568743109,-0.33000000000000185,0.0,-0.020000000000000018,0.0,0.010000000000000009,0.09627940944222727,-0.020000000000000018,0
2021-05-06,0.00813223411591224,-0.759999999999998,0.0,-0.010000000000000009,0.0,-0.020000000000000018,0.09933498586884087,-0.010000000000000009,0
2021-05-07,0.007346296237811245,-1.6999999999999993,-0.01999999999999999,0.020000000000000018,0.0,0.010000000000000009,0.10103217288947858,0.039999999999999813,0
2021-05-10,-0.010490499399026021,2.969999999999999,0.01999999999999999,0.029999999999999805,0.0,0.010000000000000009,0.10658387930963739,0.010000000000000009,1
2021-05-11,-0.008711731693216151,2.1799999999999997,0.0,0.010000000000000009,0.0,0.029999999999999805,0.11144022667768051,0.010000000000000009,1
2021-05-12,-0.021682768452684797,5.75,0.0,0.050000000000000044,0.0,0.010000000000000231,0.1341892637348976,0.050000000000000044,1
2021-05-13,0.012099654192200049,-4.460000000000001,0.0,-0.030000000000000027,0.0,0.020000000000000018,0.14090696209193196,-0.030000000000000027,0
2021-05-14,0.014807755166462044,-4.32,0.0,-0.030000000000000027,0.0,-0.010000000000000231,0.14521910540461921,-0.030000000000000027,0
2021-05-17,-0.002533244169402593,0.9100000000000001,0.0,0.010000000000000009,0.0,-0.009999999999999787,0.14487723335714367,0.010000000000000009,1
2021-05-18,-0.008553781927838955,1.620000000000001,0.0,0.0,0.0,0.009999999999999787,0.1467233579841601,0.0,1
2021-05-19,-0.002947775595103508,0.8399999999999999,0.0,0.040000000000000036,0.0,-0.009999999999999787,0.14519283183390436,0.040000000000000036,1
2021-05-20,0.01049944386861057,-1.509999999999998,-0.010000000000000009,-0.050000000000000044,0.0,0.0,0.14626976853232349,-0.040000000000000036,1
2021-05-21,-0.0007841270013955182,-0.5200000000000031,0.020000000000000018,0.0,0.0,-0.010000000000000231,0.14253269712955025,-0.020000000000000018,0
2021-05-24,0.009862511119054673,-1.75,-0.020000000000000018,-0.019999999999999796,0.0,-0.009999999999999787,0.1416263370261248,2.220446049250313e-16,0
2021-05-25,-0.0021275639556268544,0.4400000000000013,0.0,-0.050000000000000044,0.0,0.009999999999999787,0.1417209888949891,-0.050000000000000044,0
2021-05-26,0.0018749737128445076,-1.4800000000000004,-0.009999999999999981,0.020000000000000018,0.0,-0.029999999999999805,0.14186481643490145,0.029999999999999805,0
2021-05-27,0.0011647198427056082,-0.620000000000001,0.0,0.030000000000000027,0.0,0.0,0.14186592811800214,0.03000000000000025,0
2021-05-28,0.000768591077205727,0.020000000000003126,0.0,-0.030000000000000027,-0.009999999999999995,0.010000000000000009,0.1398922890055985,-0.03000000000000025,0
2021-06-01,-0.0004924965749690813,1.139999999999997,0.01999999999999999,0.040000000000000036,0.009999999999999995,-0.020000000000000018,0.13748794524563582,0.02000000000000024,0
2021-06-02,0.0014458704850337512,-0.41999999999999815,-0.03,-0.030000000000000027,0.0,0.010000000000000009,0.13726300139628764,-2.220446049250313e-16,0
2021-06-03,-0.0036352984992422677,0.5599999999999987,0.03,0.039999999999999813,0.0,-0.020000000000000018,0.1357303561214516,0.010000000000000009,0
2021-06-04,0.008795294352097471,-1.6199999999999974,-0.01999999999999999,-0.06999999999999984,0.0,0.020000000000000018,0.13887549429904308,-0.050000000000000044,0
2021-06-07,-0.000797028568481295,0.0,0.01999999999999999,0.010000000000000009,0.0,0.0,0.13628015576186964,-0.009999999999999787,0
2021-06-08,0.00017506961427571355,0.6499999999999986,-0.01999999999999999,-0.040000000000000036,0.0,0.0,0.13383819127079571,-0.020000000000000018,0
2021-06-09,-0.001825541746812931,0.8200000000000003,0.01999999999999999,-0.030000000000000027,0.0,-0.020000000000000018,0.12859273996356224,-0.050000000000000044,0
2021-06-10,0.004641367023083376,-1.7899999999999991,-0.01999999999999999,-0.050000000000000044,0.0,0.040000000000000036,0.12500263469200332,-0.030000000000000027,0
2021-06-11,0.0019465941937433229,-0.45000000000000107,0.01999999999999999,0.020000000000000018,0.0,-0.030000000000000027,0.0939471631116812,0.0,0
2021-06-14,0.0018135655401927409,0.7400000000000002,0.0,0.040000000000000036,0.0,-0.010000000000000009,0.08664424889845516,0.040000000000000036,0
2021-06-15,-0.0020137061101781484,0.629999999999999,0.0,0.0,0.0,0.0,0.07289757822880888,0.0,0
2021-06-16,-0.005404786783293147,1.129999999999999,0.04999999999999999,0.06000000000000005,0.0,-0.050000000000000044,0.07520541402425945,0.010000000000000009,0
2021-06-17,-0.00043573191810075684,-0.3999999999999986,0.020000000000000018,-0.050000000000000044,0.04000000000000001,-0.06999999999999984,0.06750156342986345,-0.07000000000000006,1
2021-06-18,-0.013211434948255274,2.9499999999999993,0.03,-0.07000000000000006,0.0,0.010000000000000009,0.08282760602165218,-0.10000000000000009,0
2021-06-21,0.013905201143733947,-2.8099999999999987,0.010000000000000009,0.050000000000000044,0.0,0.029999999999999805,0.0886036765094488,0.040000000000000036,0
2021-06-22,0.005111429423335423,-1.2300000000000004,-0.020000000000000018,-0.020000000000000018,0.0,0.020000000000000018,0.08966813413192043,0.0,0
2021-06-23,-0.0010838474815404453,-0.33999999999999986,0.010000000000000009,0.020000000000000018,0.0,-0.010000000000000009,0.08391016840695203,0.010000000000000009,0
2021-06-24,0.0057943377765710125,-0.34999999999999964,0.0,-0.010000000000000009,0.0,-0.010000000000000009,0.08525463938993084,-0.010000000000000009,0
2021-06-25,0.003325072472303958,-0.3500000000000014,0.020000000000000018,0.050000000000000044,0.0,0.020000000000000018,0.08561452188194585,0.030000000000000027,0
2021-06-28,0.002312366351411299,0.14000000000000057,-0.030000000000000027,-0.050000000000000044,0.0,-0.020000000000000018,0.08574269664037898,-0.020000000000000018,0
2021-06-29,0.00027731138634301544,0.2599999999999998,0.020000000000000018,0.0,0.0,-0.009999999999999787,0.08577674927665173,-0.020000000000000018,0
2021-06-30,0.0013272329146101214,-0.1899999999999995,-0.020000000000000018,-0.040000000000000036,-0.020000000000000004,0.0,0.08561380881036641,-0.020000000000000018,0
2021-07-01,0.005208054995812006,-0.34999999999999964,0.0,0.030000000000000027,0.020000000000000004,-0.010000000000000009,0.08680574808683247,0.030000000000000027,0
2021-07-02,0.007472118231364178,-0.41000000000000014,-0.010000000000000009,-0.040000000000000036,0.0,0.010000000000000009,0.08745645709760091,-0.030000000000000027,0
2021-07-06,-0.0020239476634920095,1.370000000000001,-0.01999999999999999,-0.06999999999999984,0.0,0.029999999999999805,0.08449857176868386,-0.04999999999999982,0
2021-07-07,0.0033533824363036757,-0.240000000000002,0.0,-0.040000000000000036,0.0,-0.010000000000000009,0.08444706498307504,-0.040000000000000036,0
2021-07-08,-0.008597867216574073,2.8000000000000007,-0.03,-0.030000000000000027,0.0,0.020000000000000018,0.09131808647338947,0.0,0
2021-07-09,0.011214829918571922,-2.8200000000000003,0.04000000000000001,0.07000000000000006,0.0,0.0,0.09714494800557702,0.030000000000000027,0
2021-07-12,0.003445214723939216,-0.00999999999999801,0.0,0.009999999999999787,0.0,0.0,0.09677058187949786,0.009999999999999787,0
2021-07-13,-0.0035230289676473348,0.9499999999999993,0.03,0.040000000000000036,0.0,0.0,0.09837003021078419,0.010000000000000009,0
2021-07-14,0.0011642922750674245,-0.7900000000000027,-0.03,-0.04999999999999982,0.0,0.0,0.09835685624357586,-0.019999999999999796,0
2021-07-15,-0.0032675689369963123,0.6800000000000033,0.0,-0.06000000000000005,0.0,0.010000000000000009,0.09898544211062814,-0.06000000000000005,0
2021-07-16,-0.007567500391697735,1.4399999999999977,0.01999999999999999,0.0,0.0,0.010000000000000009,0.10108029701057483,-0.020000000000000018,1
2021-07-19,-0.015996800327963356,4.050000000000001,-0.04000000000000001,-0.1200000000000001,0.0,0.040000000000000036,0.11724226182473552,-0.08000000000000007,0
2021-07-20,0.015048847488143835,-2.7699999999999996,-0.009999999999999981,0.040000000000000036,0.0,0.010000000000000009,0.1167384397741668,0.050000000000000044,0
2021-07-21,0.00820806865888457,-1.8200000000000003,0.01999999999999999,0.07000000000000006,0.0,-0.020000000000000018,0.11078481819573742,0.050000000000000044,0
2021-07-22,0.002014630238242887,-0.21999999999999886,-0.01999999999999999,-0.030000000000000027,0.0,-0.010000000000000009,0.11002461967979744,-0.010000000000000009,0
2021-07-23,0.010094319060165446,-0.490000000000002,0.01999999999999999,0.030000000000000027,0.0,-0.020000000000000018,0.11367729559176061,0.010000000000000009,0
2021-07-26,0.0023794199422138007,0.379999999999999,0.0,-0.010000000000000009,0.0,0.010000000000000009,0.11280429838567756,-0.010000000000000009,0
2021-07-27,-0.004723618672649366,1.7800000000000011,-0.01999999999999999,-0.040000000000000036,0.0,0.010000000000000009,0.11477894067058536,-0.020000000000000018,0
2021-07-28,-0.0001863191743716186,-1.0500000000000007,0.0,0.010000000000000009,0.0,0.010000000000000009,0.11483439936478497,0.010000000000000009,0
2021-07-29,0.004197385011620369,-0.6099999999999994,0.0,0.020000000000000018,0.0,-0.020000000000000018,0.11523725479191879,0.020000000000000018,0
2021-07-30,-0.005420682382194286,0.5399999999999991,-0.010000000000000009,-0.040000000000000036,-0.03,0.010000000000000009,0.11763130854009557,-0.030000000000000027,0
2021-08-02,-0.0018445946098477606,1.2200000000000024,-0.01999999999999999,-0.040000000000000036,0.03,0.0,0.11704168740630833,-0.020000000000000018,0
2021-08-03,0.008170019032652576,-1.4200000000000017,0.0,-0.010000000000000009,0.0,0.020000000000000018,0.11757160829791172,-0.010000000000000009,0
2021-08-04,-0.00464320822964126,-0.07000000000000028,0.0,0.0,0.0,-0.010000000000000009,0.11870015104479219,0.0,0
2021-08-05,0.005987499431546084,-0.6899999999999977,0.03999999999999998,0.040000000000000036,0.0,-0.010000000000000009,0.11980338876674025,0.0,0
2021-08-06,0.0016738821949289218,-1.1300000000000026,0.0,0.08000000000000007,0.0,-0.010000000000000009,0.11486648289169588,0.08000000000000007,0
2021-08-09,-0.0009403678951880323,0.5700000000000003,0.020000000000000018,0.020000000000000018,0.0,0.010000000000000009,0.10916735721774437,0.0,0
2021-08-10,0.0009922089864762285,0.07000000000000028,0.009999999999999981,0.030000000000000027,0.0,0.0,0.10871409824036683,0.020000000000000018,0
2021-08-11,0.00127489554566651,-0.7300000000000004,-0.009999999999999981,-0.010000000000000009,0.0,0.040000000000000036,0.10770793367580853,0.0,0
2021-08-12,0.0041378253942703225,-0.46999999999999886,0.0,0.010000000000000009,0.0,0.0,0.10832848242750469,0.010000000000000009,0
2021-08-13,0.001606033834480769,-0.14000000000000057,0.0,-0.07000000000000006,0.0,-0.010000000000000009,0.10725772425602544,-0.07000000000000006,0
2021-08-16,0.0026174309818660646,0.6700000000000017,-0.020000000000000018,-0.030000000000000027,0.0,-0.010000000000000009,0.10250738892717429,-0.010000000000000009,0
2021-08-17,-0.007085769790768026,1.7899999999999991,0.020000000000000018,0.0,0.0,0.010000000000000009,0.08659068159229696,-0.020000000000000018,1
2021-08-18,-0.010806639720144062,3.66,0.0,0.010000000000000009,-0.010000000000000009,-0.010000000000000009,0.08406112443976702,0.010000000000000009,1
2021-08-19,0.0012559520255734924,0.10000000000000142,-0.010000000000000009,-0.030000000000000027,0.0,0.010000000000000009,0.07972414892665464,-0.020000000000000018,0
2021-08-20,0.008108577149078755,-3.110000000000003,0.010000000000000009,0.020000000000000018,0.0,-0.020000000000000018,0.08385905869127344,0.010000000000000009,0
2021-08-23,0.008487698356534068,-1.4100000000000001,0.0,-0.010000000000000009,0.0,0.010000000000000009,0.08177471595026184,-0.010000000000000009,0
2021-08-24,0.0014945751943340468,0.07000000000000028,0.009999999999999981,0.040000000000000036,0.0,-0.020000000000000018,0.08160651063832855,0.030000000000000027,0
2021-08-25,0.0022176660815187432,-0.4299999999999997,-0.009999999999999981,0.06000000000000005,0.0,-0.020000000000000018,0.07932206837861074,0.07000000000000006,0
2021-08-26,-0.005841962859470584,2.0500000000000007,0.01999999999999999,-0.010000000000000009,0.0,-0.010000000000000009,0.08274598969016903,-0.030000000000000027,0
2021-08-27,0.008769045552897481,-2.4499999999999993,-0.03,-0.030000000000000027,-0.009999999999999995,0.0,0.08657638698370146,0.0,0
2021-08-30,0.0042973414690568035,-0.1999999999999993,-0.01999999999999999,-0.020000000000000018,0.0,0.0,0.08405697148763219,0.0,0
2021-08-31,-0.0013500571571327669,0.28999999999999915,0.0,0.010000000000000009,-0.020000000000000004,0.020000000000000018,0.08383173985153022,0.010000000000000009,0
2021-09-01,0.0003117134648977782,-0.370000000000001,0.0,0.010000000000000009,0.020000000000000004,-0.020000000000000018,0.08023576250598848,0.010000000000000009,0
2021-09-02,0.00283852816777852,0.3000000000000007,0.0,-0.020000000000000018,0.0,0.0,0.07766260524935432,-0.020000000000000018,0
2021-09-03,-0.0003350829692383428,0.0,0.009999999999999981,0.040000000000000036,0.0,-0.010000000000000009,0.07606024342858606,0.030000000000000027,0
2021-09-07,-0.0034012661634807984,1.7300000000000004,0.010000000000000009,0.04999999999999982,0.0,0.0,0.07761860247902111,0.039999999999999813,0
2021-09-08,-0.0013194454045599713,-0.17999999999999972,0.0,-0.029999999999999805,0.0,0.0,0.0777421246973263,-0.029999999999999805,0
2021-09-09,-0.004616238276287987,0.8399999999999999,0.010000000000000009,-0.050000000000000044,0.0,-0.010000000000000009,0.0800251026141265,-0.06000000000000005,1
2021-09-10,-0.007752617623131286,2.1499999999999986,0.0,0.050000000000000044,0.0,-0.020000000000000018,0.08502407667089752,0.050000000000000044,0
2021-09-13,0.0022739222394125846,-1.5799999999999983,-0.020000000000000018,-0.020000000000000018,0.0,-0.009999999999999787,0.08416979652761077,0.0,0
2021-09-14,-0.00576317437780105,0.08999999999999986,0.0,-0.050000000000000044,0.0,0.0,0.08633433473240713,-0.050000000000000044,0
2021-09-15,0.008438206673245574,-1.2800000000000011,0.0,0.030000000000000027,0.0,-0.020000000000000018,0.09101232230996067,0.030000000000000027,0
2021-09-16,-0.0015523011230360595,0.5100000000000016,0.020000000000000018,0.030000000000000027,0.0,-0.010000000000000009,0.08752795509383568,0.010000000000000009,1
2021-09-17,-0.009152683146432139,2.1199999999999974,0.0,0.030000000000000027,0.0,-0.010000000000000009,0.08504193738603251,0.030000000000000027,1
2021-09-20,-0.017123020373770004,4.900000000000002,0.0,-0.06000000000000005,0.0,0.010000000000000009,0.10424618359832499,-0.06000000000000005,1
2021-09-21,-0.0008126796836602779,-1.3500000000000014,-0.010000000000000009,0.020000000000000018,0.0,-0.010000000000000009,0.09940800708359401,0.030000000000000027,1
2021-09-22,0.009474540664092146,-3.4899999999999984,0.03,-0.010000000000000009,0.0,0.0,0.10063930636982832,-0.040000000000000036,0
2021-09-23,0.012061715863250555,-2.240000000000002,0.020000000000000018,0.08999999999999986,0.0,-0.020000000000000018,0.11002710069257879,0.06999999999999984,0
2021-09-24,0.0014599428049599794,-0.879999999999999,0.019999999999999962,0.06000000000000005,0.0,-0.010000000000000009,0.10983135152222703,0.040000000000000036,0
2021-09-27,-0.0027802175328766054,1.0100000000000016,0.020000000000000018,0.010000000000000009,0.0,-0.020000000000000018,0.10843473981611837,-0.010000000000000009,1
2021-09-28,-0.020574321587474742,4.489999999999998,0.0,0.06000000000000005,0.0,0.020000000000000018,0.12407147955529699,0.06000000000000005,1
2021-09-29,0.0015679363733056562,-0.6900000000000013,-0.010000000000000009,0.010000000000000009,0.0,0.010000000000000009,0.122766778702122,0.020000000000000018,1
2021-09-30,-0.01198122097381571,0.5800000000000018,-0.019999999999999962,-0.030000000000000027,-0.020000000000000004,0.040000000000000036,0.1276851134232347,-0.010000000000000009,1
2021-10-01,0.011425952216360002,-1.990000000000002,-0.010000000000000009,-0.040000000000000036,0.020000000000000004,0.0,0.13609969847642372,-0.030000000000000027,1
2021-10-04,-0.01307093399993775,1.8100000000000023,0.0,0.010000000000000009,0.0,0.0,0.14037149787884245,0.010000000000000009,1
2021-10-05,0.010469458977262036,-1.6600000000000001,0.010000000000000009,0.050000000000000044,0.0,-0.010000000000000009,0.14733587370299558,0.040000000000000036,1
2021-10-06,0.004094493547635025,-0.3000000000000007,0.019999999999999962,-0.010000000000000009,0.0,0.0,0.1487412497086407,-0.030000000000000027,0
2021-10-07,0.008264047735016433,-1.4600000000000009,0.020000000000000018,0.050000000000000044,0.0,0.010000000000000009,0.15268467737868224,0.030000000000000027,0
2021-10-08,-0.0019155742909777729,-0.7699999999999996,0.0,0.030000000000000027,0.0,-0.010000000000000009,0.15221396605498771,0.030000000000000027,0
2021-10-11,-0.0068894637904683975,1.2300000000000004,0.0,0.0,0.0,0.0,0.15176683012914602,0.0,0
2021-10-12,-0.0024196966754637117,-0.14999999999999858,0.02999999999999997,-0.020000000000000018,0.0,-0.020000000000000018,0.15134127441039147,-0.04999999999999982,0
2021-10-13,0.0030179781813099993,-1.2100000000000009,0.020000000000000018,-0.030000000000000027,0.0,-0.030000000000000027,0.1511170448000648,-0.050000000000000266,0
2021-10-14,0.016919170336134215,-1.7800000000000011,-0.010000000000000009,-0.040000000000000036,0.0,0.020000000000000018,0.16026872723038857,-0.029999999999999805,0
2021-10-15,0.007432441620920827,-0.5599999999999987,0.04999999999999999,0.07000000000000006,0.0,-0.050000000000000044,0.16249896958710808,0.020000000000000018,0
2021-10-18,0.003369122716966544,0.00999999999999801,0.030000000000000027,0.0,0.0,-0.040000000000000036,0.1593967811804973,-0.030000000000000027,0
2021-10-19,0.0073661600060432875,-0.6099999999999994,-0.030000000000000027,0.05999999999999983,0.0,0.0,0.147256743530571,0.08999999999999986,0
2021-10-20,0.0036573205869530057,-0.20999999999999908,-0.009999999999999953,0.0,0.0,0.030000000000000027,0.1470955583004785,0.010000000000000009,0
2021-10-21,0.0029914274720983514,-0.4800000000000004,0.04999999999999999,0.030000000000000027,0.0,-0.010000000000000009,0.14461032368310278,-0.020000000000000018,0
2021-10-22,-0.0010731549583589128,0.41999999999999993,0.02999999999999997,-0.020000000000000018,0.0,-0.020000000000000018,0.13976149158017787,-0.050000000000000044,0
2021-10-25,0.004736942230948671,-0.1899999999999995,-0.010000000000000009,-0.020000000000000018,0.0,0.010000000000000009,0.14035248618255036,-0.010000000000000009,0
2021-10-26,0.00181812861650954,0.7400000000000002,0.0,-0.010000000000000009,0.0,-0.020000000000000018,0.1396230793422761,-0.010000000000000009,0
2021-10-27,-0.005064400451443518,1.0,0.030000000000000027,-0.08999999999999986,0.0,-0.020000000000000018,0.11745739218610786,-0.11999999999999988,0
2021-10-28,0.009781344040089124,-0.4499999999999993,0.0,0.030000000000000027,0.0,0.0,0.12037259522452765,0.030000000000000027,0
2021-10-29,0.0019474456805763651,-0.2699999999999996,-0.020000000000000018,-0.020000000000000018,-0.009999999999999995,0.0,0.10829372959752401,0.0,0
2021-11-01,0.0017984504334940254,0.14999999999999858,0.020000000000000018,0.030000000000000027,0.009999999999999995,0.0,0.10411592260318588,0.010000000000000009,0
2021-11-02,0.0036736112761168727,-0.379999999999999,-0.03999999999999998,-0.020000000000000018,0.0,0.020000000000000018,0.08682900296786607,0.020000000000000018,0
2021-11-03,0.006440511240473512,-0.9300000000000015,0.009999999999999953,0.040000000000000036,0.0,-0.010000000000000009,0.08383768217853181,0.030000000000000027,0
2021-11-04,0.0041731721062596705,0.33999999999999986,-0.06,-0.07000000000000006,0.0,0.030000000000000027,0.08384715533927639,-0.010000000000000009,0
2021-11-05,0.0037259083006286886,1.040000000000001,-0.019999999999999962,-0.08000000000000007,0.0,0.0,0.08193739097582102,-0.06000000000000005,0
2021-11-08,0.000887306784404629,0.7399999999999984,0.06,0.06000000000000005,0.0,-0.06000000000000005,0.08032711587023901,0.0,0
2021-11-09,-0.003504869385574594,0.5600000000000023,-0.040000000000000036,-0.050000000000000044,0.0,0.0,0.07566331372568336,-0.010000000000000009,0
2021-11-10,-0.008259833757376711,0.9499999999999993,0.10000000000000003,0.10000000000000009,0.0,-0.010000000000000009,0.08362200166610576,0.0,0
2021-11-11,0.0005507757255749368,-1.0700000000000003,0.0,0.0,0.0,0.0,0.08410087666478432,0.0,0
2021-11-12,0.0071966809110382,-1.370000000000001,0.020000000000000018,0.020000000000000018,0.0,0.030000000000000027,0.06929119831719381,0.0,0
2021-11-15,-1.0677315508189622e-05,0.1999999999999993,0.0,0.04999999999999982,0.0,0.010000000000000009,0.06746207385232052,0.04999999999999982,0
2021-11-16,0.0038577581225869295,-0.11999999999999744,0.010000000000000009,0.0,0.0,0.020000000000000018,0.06758988017673911,-0.010000000000000009,0
2021-11-17,-0.0026050195943359,0.7399999999999984,-0.020000000000000018,-0.029999999999999805,0.0,0.020000000000000018,0.06685228377282065,-0.009999999999999787,0
2021-11-18,0.0033790397745132594,0.4800000000000004,0.0,-0.010000000000000009,0.0,-0.010000000000000009,0.0667590540413768,-0.010000000000000009,0
2021-11-19,-0.001399627987058949,0.3200000000000003,0.0,-0.050000000000000044,0.0,0.0,0.06744736812282222,-0.050000000000000044,0
2021-11-22,-0.003202254119567982,1.2600000000000016,0.10999999999999999,0.08999999999999986,0.0,-0.020000000000000018,0.06886948805222098,-0.02000000000000013,0
2021-11-23,0.001655707232783854,0.2099999999999973,-0.030000000000000027,0.040000000000000036,0.0,0.020000000000000018,0.06782149125441575,0.06999999999999995,0
2021-11-24,0.0022912737234968006,-0.8000000000000007,0.040000000000000036,-0.030000000000000027,0.0,-0.010000000000000009,0.06788873622589234,-0.06999999999999995,1
2021-11-26,-0.0229870449732843,10.040000000000003,-0.14,-0.15999999999999992,0.0,0.10000000000000009,0.1064813828466545,-0.019999999999999907,1
2021-11-29,0.01311385739268367,-5.66,0.010000000000000009,0.040000000000000036,0.0,-0.010000000000000009,0.11070426380510252,0.030000000000000027,1
2021-11-30,-0.019143376992335703,4.23,0.010000000000000009,-0.09000000000000008,-0.009999999999999995,0.0,0.12992400655876052,-0.10000000000000009,1
2021-12-01,-0.011885550113429844,3.9299999999999997,0.040000000000000036,0.0,0.009999999999999995,0.0,0.13553478543597616,-0.040000000000000036,1
2021-12-02,0.014094625715696196,-3.1700000000000017,0.06999999999999995,0.010000000000000009,0.0,-0.010000000000000009,0.14461447791682533,-0.05999999999999994,1
2021-12-03,-0.008484472537633181,2.7200000000000024,-0.030000000000000027,-0.08999999999999986,0.0,0.010000000000000009,0.14476100464791425,-0.05999999999999983,1
2021-12-06,0.011662655055921789,-3.490000000000002,0.050000000000000044,0.07999999999999985,0.0,-0.020000000000000018,0.15051629370493477,0.029999999999999805,1
2021-12-07,0.020495586171746183,-5.289999999999999,0.04999999999999993,0.050000000000000044,0.0,-0.040000000000000036,0.16729636290939268,1.1102230246251565e-16,0
2021-12-08,0.0030805438956171827,-1.990000000000002,-0.019999999999999907,0.040000000000000036,0.0,0.040000000000000036,0.16763318355847043,0.05999999999999994,1
2021-12-09,-0.007207038387209153,1.6799999999999997,0.019999999999999907,-0.030000000000000027,0.0,0.020000000000000018,0.1690913346855013,-0.04999999999999993,0
2021-12-10,0.009503806818878857,-2.889999999999997,-0.029999999999999916,-0.010000000000000009,0.0,0.020000000000000018,0.16959398027255,0.019999999999999907,1
2021-12-13,-0.009178200213042942,1.6199999999999974,-0.010000000000000009,-0.06000000000000005,0.0,-0.010000000000000009,0.1729909468994964,-0.050000000000000044,1
2021-12-14,-0.007498643121873982,1.5800000000000018,0.010000000000000009,0.020000000000000018,0.0,0.0,0.17299355720047793,0.010000000000000009,0
2021-12-15,0.016216212899903937,-2.6000000000000014,0.019999999999999907,0.030000000000000027,0.0,0.010000000000000009,0.18244441760925098,0.01000000000000012,1
2021-12-16,-0.008781825842753221,1.2800000000000011,-0.04999999999999993,-0.030000000000000027,0.0,0.040000000000000036,0.18455804868699596,0.019999999999999907,1
2021-12-17,-0.010341010906644854,1.0,0.020000000000000018,-0.030000000000000027,0.0,0.0,0.1876800330370171,-0.050000000000000044,1
2021-12-20,-0.011453373010201773,1.3000000000000007,-0.010000000000000009,0.020000000000000018,0.0,0.019999999999999796,0.19063223699858375,0.030000000000000027,1
2021-12-21,0.017621763861807693,-1.8599999999999994,0.04999999999999993,0.050000000000000044,0.0,-0.010000000000000009,0.20170197648472632,1.1102230246251565e-16,0
2021-12-22,0.01012871135227833,-2.3800000000000026,-0.019999999999999907,-0.020000000000000018,0.0,-0.019999999999999796,0.20471271379597555,-1.1102230246251565e-16,0
2021-12-23,0.0062044168953239165,-0.6699999999999982,0.029999999999999916,0.040000000000000036,0.0,0.0,0.20574139442375208,0.01000000000000012,0
2021-12-27,0.013744072068897495,-0.28000000000000114,0.050000000000000044,-0.020000000000000018,0.0,0.0,0.21086103964372646,-0.07000000000000006,0
2021-12-28,-0.00101069803143794,-0.14000000000000057,-0.020000000000000018,0.010000000000000009,0.0,0.0,0.19242922206961058,0.030000000000000027,0
2021-12-29,0.0014009215802239794,-0.5899999999999999,0.010000000000000009,0.06000000000000005,0.0,-0.010000000000000009,0.18809352478092115,0.050000000000000044,0
2021-12-30,-0.0029942175300767815,0.379999999999999,-0.020000000000000018,-0.030000000000000027,0.0,0.0,0.17364585781291877,-0.010000000000000009,0
2021-12-31,-0.0026296753415451235,-0.10999999999999943,0.0,0.0,-0.009999999999999995,0.0,0.16704880953562062,0.0,0
2022-01-03,0.006353848835551901,-0.6199999999999974,0.050000000000000044,0.10999999999999988,0.009999999999999995,-0.030000000000000027,0.16242497185918725,0.05999999999999983,0
2022-01-04,-0.000629816185405474,0.3099999999999987,-0.010000000000000009,0.030000000000000027,0.0,0.020000000000000018,0.15811828769926703,0.040000000000000036,0
2022-01-05,-0.01958327277580274,2.8200000000000003,0.05999999999999994,0.050000000000000044,0.0,-0.040000000000000036,0.17200139307804516,-0.009999999999999898,0
2022-01-06,-0.0009641755290861198,-0.120000000000001,0.050000000000000044,0.020000000000000018,0.0,-0.020000000000000018,0.1569416589726709,-0.030000000000000027,0
2022-01-07,-0.004058436737205184,-0.8499999999999979,-0.010000000000000009,0.030000000000000027,0.0,0.0,0.15717840261072671,0.040000000000000036,0
2022-01-10,-0.0014421248375171558,0.639999999999997,0.050000000000000044,0.020000000000000018,0.0,-0.020000000000000018,0.15521767164433273,-0.030000000000000027,0
2022-01-11,0.009118332112992178,-0.9899999999999984,-0.020000000000000018,-0.030000000000000027,0.0,0.0,0.15492666145508965,-0.010000000000000009,0
2022-01-12,0.002813734056029915,-0.7899999999999991,0.020000000000000018,-0.010000000000000009,0.0,0.010000000000000009,0.15149626979757452,-0.030000000000000027,1
2022-01-13,-0.014345962458905959,2.6899999999999977,-0.010000000000000009,-0.040000000000000036,0.0,0.030000000000000027,0.15782276221030242,-0.030000000000000027,0
2022-01-14,0.0008195772127130851,-1.1199999999999974,0.07999999999999996,0.08000000000000007,0.0,-0.010000000000000009,0.14683343015810907,1.1102230246251565e-16,1
2022-01-18,-0.018559054584436296,3.599999999999998,0.07000000000000006,0.09000000000000008,0.0,-0.010000000000000009,0.1573316164943889,0.020000000000000018,1
2022-01-19,-0.009736769104655707,1.0600000000000023,-0.020000000000000018,-0.040000000000000036,0.0,-0.010000000000000009,0.1568901489276293,-0.020000000000000018,1
2022-01-20,-0.011098789654239383,1.7399999999999984,0.040000000000000036,0.0,0.0,0.020000000000000018,0.15659456088121354,-0.040000000000000036,1
2022-01-21,-0.01909598635863574,3.2600000000000016,-0.07000000000000006,-0.08000000000000007,0.0,0.050000000000000044,0.15350742605828066,-0.010000000000000009,1
2022-01-24,0.0027679180076169985,1.0499999999999972,-0.020000000000000018,0.0,0.0,0.04999999999999982,0.14780089359736276,0.020000000000000018,1
2022-01-25,-0.012246661962160843,1.2600000000000016,0.030000000000000027,0.030000000000000027,0.0,0.020000000000000018,0.14714718820297643,0.0,1
2022-01-26,-0.00149775250307016,0.8000000000000007,0.10999999999999988,0.07000000000000006,0.0,-0.06999999999999984,0.13293845632967022,-0.039999999999999813,1
2022-01-27,-0.005398540617997938,-1.4700000000000024,0.050000000000000044,-0.040000000000000036,0.0,0.020000000000000018,0.13231284364975424,-0.09000000000000008,1
2022-01-28,0.024055891707797983,-2.8299999999999983,-0.030000000000000027,-0.030000000000000027,0.0,0.04999999999999982,0.16495885612817468,0.0,1
2022-01-31,0.01870989151139746,-2.830000000000002,0.030000000000000027,0.010000000000000009,0.0,0.020000000000000018,0.1823931115942753,-0.020000000000000018,1
2022-02-01,0.006839508503304614,-2.8699999999999974,0.0,0.020000000000000018,0.0,-0.010000000000000009,0.1853629432153485,0.020000000000000018,1
2022-02-02,0.009378434574516703,0.129999999999999,-0.020000000000000018,-0.030000000000000027,0.0,-0.010000000000000009,0.18741590307571068,-0.010000000000000009,1
2022-02-03,-0.02469348416817496,2.2600000000000016,0.030000000000000027,0.040000000000000036,0.0,0.010000000000000009,0.20292943407129216,0.010000000000000009,1
2022-02-04,0.0051437130908578155,-1.1300000000000026,0.1200000000000001,0.10999999999999988,0.0,0.0,0.19580320172930965,-0.010000000000000231,1
2022-02-07,-0.0037086548006097786,-0.35999999999999943,-0.010000000000000009,-0.010000000000000009,0.0,0.010000000000000009,0.19583853481128385,0.0,1
2022-02-08,0.00836613096277894,-1.4199999999999982,0.050000000000000044,0.040000000000000036,0.0,-0.020000000000000018,0.19905732966588757,-0.010000000000000009,0
2022-02-09,0.014412812398356678,-1.4800000000000004,0.010000000000000009,-0.020000000000000018,0.0,0.010000000000000009,0.20665782068103583,-0.030000000000000027,1
2022-02-10,-0.018281803510330263,3.9499999999999993,0.25,0.08999999999999986,0.0,-0.010000000000000009,0.2117314813113851,-0.16000000000000014,1
2022-02-11,-0.019151696234066762,3.4499999999999993,-0.1100000000000001,-0.10999999999999988,0.0,0.09000000000000008,0.21878525064962404,2.220446049250313e-16,1
2022-02-14,-0.003847942065318577,0.9699999999999989,0.08000000000000007,0.06000000000000005,0.0,0.0,0.21504034334129954,-0.020000000000000018,1
2022-02-15,0.01564373921237383,-2.629999999999999,0.0,0.06999999999999984,0.0,-0.010000000000000009,0.2240455662733578,0.06999999999999984,1
2022-02-16,0.0008808327792149129,-1.4100000000000001,-0.06000000000000005,-0.020000000000000018,0.0,0.05999999999999983,0.2159149605446514,0.040000000000000036,1
2022-02-17,-0.021400503004024074,3.8200000000000003,-0.030000000000000027,-0.05999999999999983,0.0,0.07000000000000028,0.22538394672256387,-0.029999999999999805,1
2022-02-18,-0.007192042117619479,-0.35999999999999943,-0.020000000000000018,-0.050000000000000044,0.0,0.009999999999999787,0.223715980134405,-0.030000000000000027,1
2022-02-22,-0.010194654042816609,1.0599999999999987,0.09000000000000008,0.020000000000000018,0.0,0.0,0.21688702322316164,-0.07000000000000006,1
2022-02-23,-0.01858379019433265,2.210000000000001,0.020000000000000018,0.050000000000000044,0.0,-0.029999999999999805,0.22466134312667482,0.030000000000000027,1
2022-02-24,0.01484605971153563,-0.6999999999999993,-0.040000000000000036,-0.030000000000000027,0.0,0.14000000000000012,0.22871391972674543,0.010000000000000009,1
2022-02-25,0.022126148364755238,-2.7300000000000004,0.010000000000000009,0.010000000000000009,0.0,-0.040000000000000036,0.24199134045677512,0.0,1
2022-02-28,-0.002445600339324727,2.5599999999999987,-0.1100000000000001,-0.1399999999999999,0.0,0.13999999999999968,0.24131835483913902,-0.029999999999999805,1
2022-03-01,-0.015594426756136315,3.1700000000000017,-0.1299999999999999,-0.1100000000000001,0.0,-0.08999999999999986,0.23147943978642074,0.019999999999999796,1
2022-03-02,0.018470983448990452,-2.580000000000002,0.18999999999999995,0.14000000000000012,0.0,-0.009999999999999787,0.23121966140446554,-0.04999999999999982,1
2022-03-03,-0.005268565551901361,-0.259999999999998,0.030000000000000027,0.0,0.0,0.0,0.2295947338294407,-0.030000000000000027,1
2022-03-04,-0.007965657901415568,1.5,-0.030000000000000027,-0.1200000000000001,0.0,0.06999999999999984,0.22664778213855347,-0.09000000000000008,1
2022-03-07,-0.029962522550535553,4.470000000000002,0.050000000000000044,0.040000000000000036,0.0,0.009999999999999787,0.2336913956534276,-0.010000000000000009,1
2022-03-08,-0.007260127998096166,-1.3200000000000003,0.07999999999999985,0.08000000000000007,0.0,0.03000000000000025,0.23216775398841513,2.220446049250313e-16,1
2022-03-09,0.025373672345635256,-2.6799999999999997,0.050000000000000044,0.07999999999999985,0.0,-0.03000000000000025,0.2529613799216039,0.029999999999999805,1
2022-03-10,-0.004301081899390269,-2.2200000000000024,0.040000000000000036,0.040000000000000036,0.0,0.06000000000000005,0.2500590011292076,0.0,1
2022-03-11,-0.013046288284511931,0.5199999999999996,0.030000000000000027,0.020000000000000018,0.0,-0.029999999999999805,0.24420741735446944,-0.010000000000000009,1
2022-03-14,-0.007448628397105139,1.0199999999999996,0.1200000000000001,0.14000000000000012,0.0,-0.020000000000000018,0.2391394934744881,0.020000000000000018,1
2022-03-15,0.02118255114065626,-1.9400000000000013,-0.020000000000000018,0.009999999999999787,0.0,0.029999999999999805,0.24685575388553427,0.029999999999999805,1
2022-03-16,0.0221369988429565,-3.1599999999999966,0.09999999999999987,0.040000000000000036,0.0,-0.1299999999999999,0.26008234866710694,-0.05999999999999983,1
2022-03-17,0.012272191404502308,-1.0,-0.010000000000000009,0.010000000000000231,0.25,-0.06000000000000005,0.25770065326831576,0.02000000000000024,1
2022-03-18,0.011594770446318847,-1.8000000000000007,0.030000000000000027,-0.06000000000000005,0.0,-0.029999999999999805,0.26114527946130467,-0.09000000000000008,1
2022-03-21,-0.00043476799985597836,-0.33999999999999986,0.17000000000000015,0.17999999999999972,0.0,-0.07000000000000028,0.24946316306951496,0.009999999999999565,1
2022-03-22,0.011240769260245642,-0.5899999999999999,0.040000000000000036,0.06000000000000005,0.0,-0.020000000000000018,0.2501268464372095,0.020000000000000018,1
2022-03-23,-0.012348713151043356,0.629999999999999,-0.050000000000000266,-0.06000000000000005,0.0,-0.020000000000000018,0.2515302589995073,-0.009999999999999787,1
2022-03-24,0.014242030309045361,-1.8999999999999986,0.0,0.020000000000000018,0.0,-0.020000000000000018,0.24385011512377147,0.020000000000000018,1
2022-03-25,0.005053402374178617,-0.860000000000003,0.16999999999999993,0.14000000000000012,0.0,-0.04999999999999982,0.24029594598366144,-0.029999999999999805,0
2022-03-28,0.007119559648820939,-1.1799999999999997,0.050000000000000266,-0.020000000000000018,0.0,-0.020000000000000018,0.23046631059488878,-0.07000000000000028,0
2022-03-29,0.01218202728525597,-0.7300000000000004,0.0,-0.04999999999999982,0.0,-0.030000000000000027,0.23244976397776765,-0.04999999999999982,0
2022-03-30,-0.006313610350948906,0.4299999999999997,-0.040000000000000036,-0.06000000000000005,0.0,0.020000000000000018,0.2253483168640897,-0.020000000000000018,1
2022-03-31,-0.01577632727939715,1.2300000000000004,-0.03000000000000025,-0.03000000000000025,0.0,0.0,0.2272643071393529,0.0,0
2022-04-01,0.0034044855260564333,-0.9299999999999997,0.16000000000000014,0.07000000000000028,0.0,-0.11999999999999988,0.22597422858811608,-0.08999999999999986,0
2022-04-04,0.00805832262263273,-1.0599999999999987,-0.009999999999999787,0.029999999999999805,0.0,0.0,0.22392338712419818,0.03999999999999959,1
2022-04-05,-0.012631155137048822,2.460000000000001,0.07999999999999963,0.1200000000000001,0.0,-0.040000000000000036,0.19868376517835057,0.04000000000000048,1
2022-04-06,-0.009764386222700594,1.0700000000000003,-0.009999999999999787,0.06999999999999984,0.0,0.0,0.20057901508054082,0.07999999999999963,1
2022-04-07,0.004244352439510379,-0.5500000000000007,-0.029999999999999805,0.050000000000000266,0.0,0.010000000000000009,0.18411756786308406,0.08000000000000007,1
2022-04-08,-0.0026545074879766872,-0.39000000000000057,0.05999999999999961,0.06000000000000005,0.0,0.0,0.18344817848136116,4.440892098500626e-16,1
2022-04-11,-0.017021333762949453,3.210000000000001,-0.029999999999999805,0.06999999999999984,0.0,0.040000000000000036,0.18814686792030988,0.09999999999999964,1
2022-04-12,-0.0034233936348684324,-0.10999999999999943,-0.10999999999999988,-0.06999999999999984,0.0,0.09999999999999987,0.18602319568461761,0.040000000000000036,1
2022-04-13,0.011112682823132047,-2.4400000000000013,-0.020000000000000018,-0.020000000000000018,0.0,0.020000000000000018,0.1762921073889843,0.0,1
2022-04-14,-0.012218479951524586,0.879999999999999,0.10000000000000009,0.1299999999999999,0.0,-0.010000000000000009,0.16679574584814263,0.029999999999999805,1
2022-04-18,-0.00020491150171686456,-0.5299999999999976,-0.010000000000000231,0.020000000000000018,0.0,0.010000000000000009,0.16108739715550258,0.03000000000000025,1
2022-04-19,0.01593004016149635,-0.8000000000000007,0.1499999999999999,0.08000000000000007,0.0,-0.030000000000000027,0.16572571709922534,-0.06999999999999984,1
2022-04-20,-0.000618718957692721,-1.0500000000000007,-0.009999999999999787,-0.08000000000000007,0.0,0.0,0.16573288673718958,-0.07000000000000028,1
2022-04-21,-0.01486284731647558,2.3599999999999994,0.08000000000000007,0.04999999999999982,0.0,0.020000000000000018,0.16804083579914383,-0.03000000000000025,1
2022-04-22,-0.02813199052103066,5.530000000000001,0.040000000000000036,0.0,0.0,0.030000000000000027,0.18877732253203677,-0.040000000000000036,1
2022-04-25,0.005681687572860028,-1.1900000000000013,-0.0900000000000003,-0.08999999999999986,0.0,0.06999999999999984,0.18168562836686175,4.440892098500626e-16,1
2022-04-26,-0.028550028430272434,6.5000000000000036,-0.08999999999999986,-0.040000000000000036,0.0,0.03000000000000025,0.20057621981361232,0.04999999999999982,1
2022-04-27,0.002095905140411247,-1.9200000000000017,0.040000000000000036,0.04999999999999982,0.0,-0.010000000000000231,0.19779617982448047,0.009999999999999787,1
2022-04-28,0.024445646004581434,-1.610000000000003,0.04999999999999982,0.03000000000000025,0.0,0.010000000000000231,0.21449805047451243,-0.019999999999999574,1
2022-04-29,-0.03695920232685879,3.41,0.07000000000000028,0.040000000000000036,0.0,-0.010000000000000231,0.24354895071040394,-0.03000000000000025,1
2022-05-02,0.005659270037375208,-1.0599999999999952,0.029999999999999805,0.10000000000000009,0.0,0.03000000000000025,0.243067776974019,0.07000000000000028,1
2022-05-03,0.004825441551572496,-3.0900000000000034,0.04999999999999982,-0.020000000000000018,0.0,-0.03000000000000025,0.24367072259008488,-0.06999999999999984,1
2022-05-04,0.02942523504760608,-3.8299999999999983,-0.11999999999999966,-0.040000000000000036,0.0,0.03000000000000025,0.26715546195060413,0.07999999999999963,1
2022-05-05,-0.03630072399124984,5.779999999999998,0.04999999999999982,0.11999999999999966,0.49999999999999994,0.020000000000000018,0.2895204969285903,0.06999999999999984,1
2022-05-06,-0.005690318260649363,-1.009999999999998,0.010000000000000231,0.07000000000000028,0.0,-0.010000000000000231,0.2888694701341115,0.06000000000000005,1
2022-05-09,-0.032561554986877184,4.559999999999999,-0.11000000000000032,-0.07000000000000028,0.0,0.08000000000000007,0.30346264516546634,0.040000000000000036,1
2022-05-10,0.002454867109817016,-1.759999999999998,0.010000000000000231,-0.05999999999999961,0.0,-0.009999999999999787,0.30462591251099197,-0.06999999999999984,1
2022-05-11,-0.016600202520525187,-0.4299999999999997,0.040000000000000036,-0.08000000000000007,0.0,0.009999999999999787,0.30442816520561655,-0.1200000000000001,1
2022-05-12,-0.0012968422441890226,-0.7900000000000027,-0.10000000000000009,-0.07000000000000028,0.0,0.03000000000000025,0.3046957245696913,0.029999999999999805,1
2022-05-13,0.023589314531626826,-2.8999999999999986,0.04999999999999982,0.0900000000000003,0.0,0.040000000000000036,0.31604391534575005,0.04000000000000048,1
2022-05-16,-0.003954237650276582,-1.4000000000000021,-0.029999999999999805,-0.050000000000000266,0.0,0.04999999999999982,0.3148798565094995,-0.020000000000000462,1
2022-05-17,0.019968898134441915,-1.3699999999999974,0.1299999999999999,0.10000000000000009,0.0,-0.020000000000000018,0.3258021371666668,-0.029999999999999805,1
2022-05-18,-0.04123376798544065,4.859999999999999,-0.029999999999999805,-0.08999999999999986,0.0,0.040000000000000036,0.342798083493847,-0.06000000000000005,1
2022-05-19,-0.005850892213604908,-1.6099999999999994,-0.050000000000000266,-0.050000000000000266,0.0,0.06000000000000005,0.3422179047248156,0.0,1
2022-05-20,0.00014611357151927962,0.0799999999999983,-0.029999999999999805,-0.06000000000000005,0.0,-0.010000000000000231,0.34147544875944935,-0.03000000000000025,1
2022-05-23,0.01838502294652855,-0.9499999999999993,0.04999999999999982,0.08000000000000007,0.0,-0.029999999999999805,0.3409221274230532,0.03000000000000025,1
2022-05-24,-0.008153945948249586,0.9699999999999989,-0.1499999999999999,-0.10000000000000009,0.0,0.009999999999999787,0.33962230588574815,0.04999999999999982,1
2022-05-25,0.009406385602540368,-1.0799999999999983,-0.020000000000000018,-0.009999999999999787,0.0,-0.04999999999999982,0.33052631014526207,0.010000000000000231,1
2022-05-26,0.019688139439344,-0.870000000000001,-0.020000000000000018,0.0,0.0,-0.040000000000000036,0.33898108210024475,0.020000000000000018,1
2022-05-27,0.024441095491292586,-1.7800000000000011,0.010000000000000231,-0.009999999999999787,0.0,0.009999999999999787,0.3389767010892642,-0.020000000000000018,1
2022-05-31,-0.006294055196399029,0.4700000000000024,0.05999999999999961,0.10999999999999988,0.0,-0.07999999999999963,0.31425344044488457,0.050000000000000266,1
2022-06-01,-0.0075109239121431415,-0.5,0.13000000000000034,0.08999999999999986,0.0,-0.10000000000000009,0.31457791650855765,-0.04000000000000048,1
2022-06-02,0.018263262738202002,-0.9700000000000024,-0.010000000000000231,-0.020000000000000018,0.0,0.020000000000000018,0.32089209419071724,-0.009999999999999787,1
2022-06-03,-0.01648245720240027,0.07000000000000028,0.010000000000000231,0.040000000000000036,0.0,-0.010000000000000231,0.30698260906953717,0.029999999999999805,1
2022-06-06,0.0031324562641241727,0.28000000000000114,0.06999999999999984,0.08000000000000007,0.0,-0.009999999999999787,0.28103838774886314,0.010000000000000231,1
2022-06-07,0.009478331934065665,-1.0500000000000007,0.020000000000000018,-0.06000000000000005,0.0,-0.010000000000000231,0.28227737713248674,-0.08000000000000007,1
2022-06-08,-0.010852585537421078,-0.05999999999999872,0.029999999999999805,0.04999999999999982,0.0,0.0,0.2593987305995955,0.020000000000000018,1
2022-06-09,-0.024086469933733312,2.129999999999999,0.050000000000000266,0.010000000000000231,0.0,0.0,0.2740029951519525,-0.040000000000000036,1
2022-06-10,-0.029542425335362665,1.6600000000000001,0.22999999999999998,0.10999999999999988,0.0,-0.029999999999999805,0.28734416789465633,-0.1200000000000001,1
2022-06-13,-0.03953987319895802,6.270000000000003,0.33999999999999986,0.28000000000000025,0.0,-0.06000000000000005,0.3177496352921375,-0.05999999999999961,1
2022-06-14,-0.003780844063994593,-1.3300000000000054,0.050000000000000266,0.06000000000000005,0.0,0.010000000000000009,0.30354631322387243,0.009999999999999787,1
2022-06-15,0.014487056184645297,-3.0699999999999967,-0.25,-0.16000000000000014,0.0,0.1100000000000001,0.30988636715917445,0.08999999999999986,1
2022-06-16,-0.03305221501708466,3.330000000000002,-0.06000000000000005,-0.050000000000000266,0.7500000000000001,0.029999999999999805,0.3154753206155921,0.009999999999999787,1
2022-06-17,0.002198428750711301,-1.8200000000000038,0.029999999999999805,-0.029999999999999805,0.0,0.0,0.28759242728200407,-0.05999999999999961,1
2022-06-21,0.024182488501784505,-0.9399999999999977,0.040000000000000036,0.06000000000000005,0.0,0.0,0.3024344792104772,0.020000000000000018,1
2022-06-22,-0.0013023811491290616,-1.240000000000002,-0.1499999999999999,-0.1499999999999999,0.0,0.040000000000000036,0.3023653007681781,0.0,1
2022-06-23,0.009487049060657782,0.10000000000000142,-0.050000000000000266,-0.07000000000000028,0.0,0.03000000000000025,0.29640854695460683,-0.020000000000000018,1
2022-06-24,0.03010553708080721,-1.8200000000000003,0.03000000000000025,0.040000000000000036,0.0,0.020000000000000018,0.31569957959563416,0.009999999999999787,1
2022-06-27,-0.0029775299301260105,-0.28000000000000114,0.040000000000000036,0.07000000000000028,0.0,-0.03000000000000025,0.31378099257869363,0.03000000000000025,1
2022-06-28,-0.02034865838324862,1.4100000000000001,0.020000000000000018,0.0,0.0,0.03000000000000025,0.31124120997048993,-0.020000000000000018,1
2022-06-29,-0.0007120065009615928,-0.1999999999999993,-0.040000000000000036,-0.10000000000000009,0.0,0.020000000000000018,0.2952290321738183,-0.06000000000000005,1
2022-06-30,-0.00879781483060782,0.5500000000000007,-0.14000000000000012,-0.1200000000000001,0.0,0.06999999999999984,0.29559550298597265,0.020000000000000018,1
2022-07-01,0.010498459915641689,-2.0100000000000016,-0.08000000000000007,-0.10000000000000009,0.0,0.10999999999999988,0.2995901968691762,-0.020000000000000018,1
2022-07-05,0.0015829235665787422,0.8399999999999999,-0.020000000000000018,-0.06000000000000005,0.0,-0.009999999999999787,0.28986590227393033,-0.040000000000000036,1
2022-07-06,0.0035667473495824,-0.8099999999999987,0.15000000000000036,0.11000000000000032,0.0,-0.020000000000000018,0.2873936851743623,-0.040000000000000036,1
2022-07-07,0.014853713471199015,-0.6500000000000021,0.05999999999999961,0.07999999999999963,0.0,-0.06000000000000005,0.2934300668953445,0.020000000000000018,1
2022-07-08,-0.0008305563153676587,-1.4399999999999977,0.0900000000000003,0.08000000000000007,0.0,-0.020000000000000018,0.29024010412571644,-0.010000000000000231,1
2022-07-11,-0.011594429978107001,1.5300000000000011,-0.050000000000000266,-0.09999999999999964,0.0,0.009999999999999787,0.2905014034310596,-0.04999999999999938,1
2022-07-12,-0.009286899019016914,1.1199999999999974,-0.040000000000000036,-0.03000000000000025,0.0,-0.009999999999999787,0.28142749611257906,0.009999999999999787,1
2022-07-13,-0.004466859031662551,-0.46999999999999886,0.10000000000000009,-0.04999999999999982,0.0,0.009999999999999787,0.26383245221692664,-0.1499999999999999,1
2022-07-14,-0.0030031001895842735,-0.4200000000000017,0.020000000000000018,0.04999999999999982,0.0,-0.009999999999999787,0.2243866819079903,0.029999999999999805,1
2022-07-15,0.01901922349251528,-2.169999999999998,-0.020000000000000018,-0.029999999999999805,0.0,-0.010000000000000231,0.2326358391804702,-0.009999999999999787,1
2022-07-18,-0.00839879072885985,1.0700000000000003,0.020000000000000018,0.029999999999999805,0.0,-0.020000000000000018,0.2301576925790136,0.009999999999999787,1
2022-07-19,0.02725355801980278,-0.8000000000000007,0.08000000000000007,0.04999999999999982,0.0,-0.020000000000000018,0.21356111966488553,-0.03000000000000025,1
2022-07-20,0.005878503718333761,-0.620000000000001,0.020000000000000018,0.03000000000000025,0.0,-0.05999999999999961,0.21368451976268305,0.010000000000000231,1
2022-07-21,0.009813054238449581,-0.7699999999999996,-0.1499999999999999,-0.1299999999999999,0.0,0.029999999999999805,0.2016689399000295,0.020000000000000018,1
2022-07-22,-0.009376269923423663,-0.0799999999999983,-0.1200000000000001,-0.14000000000000012,0.0,0.04999999999999982,0.20567501113641634,-0.020000000000000018,1
2022-07-25,0.0013142512363462089,0.3299999999999983,0.020000000000000018,0.040000000000000036,0.0,0.03000000000000025,0.20411377984472107,0.020000000000000018,1
2022-07-26,-0.011610332895749309,1.3300000000000018,0.020000000000000018,0.0,0.0,-0.020000000000000018,0.1819453616183618,-0.020000000000000018,1
2022-07-27,0.025820034533563074,-1.4500000000000028,-0.06000000000000005,-0.03000000000000025,0.0,0.009999999999999787,0.20202171473254926,0.029999999999999805,1
2022-07-28,0.012060363275690378,-0.9100000000000001,-0.10999999999999988,-0.09999999999999964,0.75,0.1200000000000001,0.18864145572444588,0.010000000000000231,1
2022-07-29,0.01410774953829197,-1.0,0.040000000000000036,-0.010000000000000231,-0.010000000000000231,-0.06000000000000005,0.1918969546817008,-0.050000000000000266,1
2022-08-01,-0.002827038634318768,1.5100000000000016,0.009999999999999787,-0.06999999999999984,0.010000000000000231,0.020000000000000018,0.1880604604457131,-0.07999999999999963,1
2022-08-02,-0.006684702509966556,1.0899999999999999,0.16000000000000014,0.1499999999999999,0.0,-0.08999999999999986,0.1900096119024026,-0.010000000000000231,1
2022-08-03,0.015517460750034573,-1.9800000000000004,0.040000000000000036,-0.020000000000000018,0.0,0.0,0.19459193122318996,-0.06000000000000005,1
2022-08-04,-0.0007776471390830153,-0.509999999999998,-0.07000000000000028,-0.04999999999999982,0.0,0.029999999999999805,0.195256119493639,0.020000000000000462,1
2022-08-05,-0.0016270689959387852,-0.2900000000000027,0.2100000000000004,0.1499999999999999,0.0,-0.029999999999999805,0.19166080615345207,-0.0600000000000005,1
2022-08-08,-0.001238345410353503,0.14000000000000057,-0.03000000000000025,-0.06000000000000005,0.0,-0.03000000000000025,0.19176522890654615,-0.029999999999999805,1
2022-08-09,-0.004257782198347826,0.4800000000000004,0.06999999999999984,0.029999999999999805,0.0,0.0,0.1864105862120591,-0.040000000000000036,0
2022-08-10,0.021067154907855823,-2.030000000000001,-0.04999999999999982,-0.020000000000000018,0.0,0.03000000000000025,0.19040156107991626,0.029999999999999805,1
2022-08-11,-0.0007056718966165221,0.46000000000000085,0.0,0.0900000000000003,0.0,0.0,0.18857014599914257,0.0900000000000003,0
2022-08-12,0.017174074409835427,-0.6699999999999982,0.020000000000000018,-0.03000000000000025,0.0,-0.020000000000000018,0.19095374418700314,-0.050000000000000266,0
2022-08-15,0.0039616294239337435,0.41999999999999815,-0.04999999999999982,-0.04999999999999982,0.0,0.0,0.18483242785977114,0.0,0
2022-08-16,0.001873909275516894,-0.259999999999998,0.04999999999999982,0.029999999999999805,0.0,0.0,0.17872533434850224,-0.020000000000000018,0
2022-08-17,-0.007264078640478289,0.2099999999999973,0.029999999999999805,0.07000000000000028,0.0,-0.029999999999999805,0.1654369173178309,0.04000000000000048,0
2022-08-18,0.002266944033161522,-0.33999999999999986,-0.05999999999999961,-0.010000000000000231,0.0,0.0,0.1653699227315088,0.04999999999999938,1
2022-08-19,-0.01298386938135998,1.0400000000000027,0.029999999999999805,0.10000000000000009,0.0,0.009999999999999787,0.17348370675168312,0.07000000000000028,1
2022-08-22,-0.021632427725286618,3.1999999999999993,0.06999999999999984,0.04999999999999982,0.0,-0.009999999999999787,0.18872174621221785,-0.020000000000000018,1
2022-08-23,-0.00224030906405126,0.3099999999999987,-0.029999999999999805,0.020000000000000018,0.0,0.0,0.18930286130861335,0.04999999999999982,1
2022-08-24,0.002911907251338164,-1.2899999999999991,0.06999999999999984,0.06000000000000005,0.0,-0.010000000000000231,0.18281227478649487,-0.009999999999999787,1
2022-08-25,0.013993218645289573,-1.0399999999999991,-0.009999999999999787,-0.08000000000000007,0.0,-0.020000000000000018,0.16786097556941537,-0.07000000000000028,1
2022-08-26,-0.03426852674898484,3.7799999999999976,0.020000000000000018,0.010000000000000231,0.0,-0.020000000000000018,0.20549211775939094,-0.009999999999999787,1
2022-08-29,-0.006688723509263639,0.6500000000000021,0.04999999999999982,0.08000000000000007,0.0,0.0,0.19983190700016398,0.03000000000000025,1
2022-08-30,-0.01108936779165326,0.0,0.040000000000000036,-0.010000000000000231,0.0,-0.020000000000000018,0.20272736951013687,-0.050000000000000266,1
2022-08-31,-0.007847760257099878,-0.33999999999999986,-0.009999999999999787,0.040000000000000036,0.0,0.010000000000000231,0.203137671475536,0.04999999999999982,1
2022-09-01,0.002991727649110487,-0.3100000000000023,0.05999999999999961,0.10999999999999988,0.0,0.040000000000000036,0.1942696682403957,0.050000000000000266,1
2022-09-02,-0.010794530441165406,-0.08999999999999986,-0.10999999999999988,-0.05999999999999961,0.0,0.020000000000000018,0.1964269470106765,0.050000000000000266,1
2022-09-06,-0.0041034472098147035,1.4400000000000013,0.10000000000000009,0.1299999999999999,0.0,0.029999999999999805,0.19644611647240656,0.029999999999999805,1
2022-09-07,0.01817480422855766,-2.2699999999999996,-0.04999999999999982,-0.06000000000000005,0.0,-0.029999999999999805,0.20947369928736564,-0.010000000000000231,1
2022-09-08,0.006589013388980547,-1.0300000000000011,0.029999999999999805,0.020000000000000018,0.0,0.009999999999999787,0.21128388369201162,-0.009999999999999787,1
2022-09-09,0.015155971507018862,-0.8200000000000003,0.08000000000000007,0.040000000000000036,0.0,-0.04999999999999982,0.20425231784752285,-0.040000000000000036,1
2022-09-12,0.01052863988146946,1.0800000000000018,0.020000000000000018,0.040000000000000036,0.0,0.0,0.2085645989383841,0.020000000000000018,1
2022-09-13,-0.04419911011958355,3.3999999999999986,0.16999999999999993,0.04999999999999982,0.0,-0.020000000000000018,0.2458096063815197,-0.1200000000000001,1
2022-09-14,0.003381271704881783,-1.1099999999999994,0.029999999999999805,-0.009999999999999787,0.0,-0.03000000000000025,0.245579931441714,-0.03999999999999959,1
2022-09-15,-0.011382294724738173,0.10999999999999943,0.0900000000000003,0.040000000000000036,0.0,-0.029999999999999805,0.24583776914127248,-0.050000000000000266,1
2022-09-16,-0.0072080449142468694,0.030000000000001137,-0.020000000000000018,0.0,0.0,0.06000000000000005,0.24583045462739753,0.020000000000000018,1
2022-09-19,0.006833745439536187,-0.5399999999999991,0.10000000000000009,0.040000000000000036,0.0,-0.03000000000000025,0.24795818636170683,-0.06000000000000005,1
2022-09-20,-0.011336124553071869,1.3999999999999986,0.009999999999999787,0.07999999999999963,0.0,-0.020000000000000018,0.24731020225075026,0.06999999999999984,1
2022-09-21,-0.01726467378977503,0.8299999999999983,0.05999999999999961,-0.06000000000000005,0.0,-0.009999999999999787,0.2439131932328937,-0.11999999999999966,1
2022-09-22,-0.00846330926893124,-0.639999999999997,0.09000000000000075,0.1900000000000004,0.75,-0.040000000000000036,0.24424077489416615,0.09999999999999964,1
2022-09-23,-0.01738282607756858,2.5700000000000003,0.08999999999999986,-0.010000000000000231,0.0,0.009999999999999787,0.24660801041381347,-0.10000000000000009,1
2022-09-26,-0.010394376865969335,2.3399999999999963,0.0699999999999994,0.18999999999999995,0.0,-0.08000000000000007,0.2366546820115079,0.12000000000000055,1
2022-09-27,-0.0021226109775351887,0.3400000000000034,0.03000000000000025,0.0900000000000003,0.0,0.07000000000000028,0.2144728338017894,0.06000000000000005,1
2022-09-28,0.01948114438777715,-2.4200000000000017,-0.22999999999999954,-0.25,0.0,0.16999999999999993,0.23055194127203826,-0.020000000000000462,1
2022-09-29,-0.021352776272161478,1.6600000000000001,0.08999999999999986,0.03999999999999959,0.0,0.020000000000000018,0.2372667759156837,-0.050000000000000266,1
2022-09-30,-0.01518139227639459,-0.21999999999999886,0.05999999999999961,0.07000000000000028,0.0,-0.029999999999999805,0.2399852172834927,0.010000000000000675,1
2022-10-03,0.02555462879740844,-1.5199999999999996,-0.09999999999999964,-0.16000000000000014,0.0,0.04999999999999982,0.26087870682462405,-0.0600000000000005,1
2022-10-04,0.030125340865302164,-1.0300000000000011,-0.020000000000000462,-0.04999999999999982,0.0,-0.020000000000000018,0.2841240671669588,-0.02999999999999936,1
2022-10-05,-0.0020200133350627425,-0.5199999999999996,0.05000000000000071,0.13999999999999968,0.0,-0.04999999999999982,0.28398864900974946,0.08999999999999897,1
2022-10-06,-0.010297920383575132,1.9699999999999989,0.08000000000000007,0.07000000000000028,0.0,-0.06000000000000005,0.27609309665598825,-0.009999999999999787,1
2022-10-07,-0.02840316716749136,0.8399999999999999,0.0699999999999994,0.06000000000000005,0.0,0.009999999999999787,0.287316986631902,-0.009999999999999343,1
2022-10-10,-0.00752066754461822,1.0900000000000034,0.0,0.0,0.0,0.0,0.2782983643574525,0.0,1
2022-10-11,-0.006540572639369913,1.1799999999999997,0.0,0.040000000000000036,0.0,0.06000000000000005,0.2720067094093478,0.040000000000000036,1
2022-10-12,-0.0032961833504643323,-0.060000000000002274,-0.019999999999999574,-0.020000000000000018,0.0,0.040000000000000036,0.23487479661998253,-4.440892098500626e-16,1
2022-10-13,0.025634291446896995,-1.629999999999999,0.1899999999999995,0.06000000000000005,0.0,0.009999999999999787,0.25599985850668733,-0.12999999999999945,1
2022-10-14,-0.023947163771952162,0.08000000000000185,0.010000000000000675,0.029999999999999805,0.0,0.0,0.26446314420541217,0.01999999999999913,1
2022-10-17,0.026135556911906832,-0.6500000000000021,-0.03000000000000025,0.019999999999999574,0.0,0.0,0.28395569487565475,0.04999999999999982,1
2022-10-18,0.011362760181542697,-0.870000000000001,-0.020000000000000462,-0.009999999999999787,0.0,0.0,0.2862485368190349,0.010000000000000675,1
2022-10-19,-0.006694436704711038,0.26000000000000156,0.1200000000000001,0.1299999999999999,0.0,-0.029999999999999805,0.28484003948657444,0.009999999999999787,1
2022-10-20,-0.007982718516093001,-0.7800000000000011,0.07000000000000028,0.10000000000000053,0.0,-0.009999999999999787,0.2803636391820078,0.03000000000000025,1
2022-10-21,0.02344776785243674,-0.28999999999999915,-0.1299999999999999,-0.03000000000000025,0.0,0.11999999999999966,0.292049887791878,0.09999999999999964,1
2022-10-24,0.01181191705979856,0.16000000000000014,0.009999999999999787,0.040000000000000036,0.0,-0.020000000000000018,0.28771746739877085,0.03000000000000025,1
2022-10-25,0.01613576532526828,-1.3900000000000006,-0.08000000000000007,-0.15000000000000036,0.0,0.03000000000000025,0.2887788694319806,-0.07000000000000028,1
2022-10-26,-0.007415138056792614,-1.1799999999999997,-0.03000000000000025,-0.05999999999999961,0.0,-0.040000000000000036,0.2904436442392343,-0.02999999999999936,1
2022-10-27,-0.006101172384331832,0.10999999999999943,-0.08999999999999986,-0.08000000000000007,0.0,0.009999999999999787,0.2848812940608025,0.009999999999999787,1
2022-10-28,0.024328034575768598,-1.6400000000000006,0.11000000000000032,0.05999999999999961,0.0,-0.040000000000000036,0.2834291581656575,-0.05000000000000071,1
2022-10-31,-0.007482306966124952,0.129999999999999,0.09999999999999964,0.08000000000000007,0.0,-0.020000000000000018,0.278314956406294,-0.019999999999999574,1
2022-11-01,-0.004109694089747151,-0.07000000000000028,0.03000000000000025,-0.02999999999999936,0.0,-0.05999999999999961,0.2676767531485176,-0.05999999999999961,1
2022-11-02,-0.02531980282762092,0.05000000000000071,0.07000000000000028,0.02999999999999936,0.0,-0.040000000000000036,0.26379459828690544,-0.040000000000000924,1
2022-11-03,-0.010642409238982964,-0.5599999999999987,0.09999999999999964,0.040000000000000036,0.75,0.009999999999999787,0.2661447669395426,-0.05999999999999961,1
2022-11-04,0.01352678145799402,-0.75,-0.04999999999999982,0.03000000000000025,0.0,0.03000000000000025,0.2682253335623431,0.08000000000000007,1
2022-11-07,0.009568061802673,-0.1999999999999993,0.05999999999999961,0.04999999999999982,0.0,0.0,0.24850084189543997,-0.009999999999999787,1
2022-11-08,0.005582267593981172,1.1899999999999977,-0.04999999999999982,-0.08000000000000007,0.0,0.009999999999999787,0.2462187382243168,-0.03000000000000025,1
2022-11-09,-0.020996774887089842,0.5500000000000007,-0.05999999999999961,-0.019999999999999574,0.0,0.10000000000000009,0.2579153628129093,0.040000000000000036,1
2022-11-10,0.05395250428096254,-2.5599999999999987,-0.27000000000000046,-0.30000000000000027,0.0,0.029999999999999805,0.31321316360327506,-0.029999999999999805,1
2022-11-11,0.009198359044827242,-1.0100000000000016,0.0,0.0,0.0,0.0,0.30449102852242066,0.0,1
2022-11-14,-0.008975957665020573,1.2100000000000009,0.0600000000000005,0.06000000000000005,0.0,-0.08999999999999986,0.2912975228950788,-4.440892098500626e-16,1
2022-11-15,0.008675381307597263,0.8099999999999987,-0.03000000000000025,-0.08000000000000007,0.0,-0.040000000000000036,0.28123683577949776,-0.04999999999999982,1
2022-11-16,-0.008286297872086124,-0.4299999999999997,-0.020000000000000462,-0.1299999999999999,0.0,0.010000000000000231,0.2828979050118688,-0.10999999999999943,1
2022-11-17,-0.003094109623736685,-0.17999999999999972,0.08000000000000007,0.10000000000000009,0.0,-0.06000000000000005,0.28162134694886065,0.020000000000000018,1
2022-11-18,0.004747288330236188,-0.8099999999999987,0.08000000000000007,0.04999999999999982,0.0,-0.050000000000000266,0.2787273229212364,-0.03000000000000025,1
2022-11-21,-0.003891212801477195,-0.7600000000000016,-0.02999999999999936,0.010000000000000231,0.0,-0.04999999999999982,0.2703345835565733,0.03999999999999959,1
2022-11-22,0.013488571921957515,-1.0700000000000003,-0.010000000000000675,-0.07000000000000028,0.0,-0.010000000000000231,0.2711283053275548,-0.05999999999999961,1
2022-11-23,0.005897283130643416,-0.9399999999999977,-0.009999999999999787,-0.04999999999999982,0.0,-0.04999999999999982,0.2669364802515028,-0.040000000000000036,1
2022-11-25,-0.0002831109441299162,0.14999999999999858,-0.040000000000000036,-0.029999999999999805,0.0,0.040000000000000036,0.264891975851961,0.010000000000000231,1
2022-11-28,-0.015564652905561971,1.7100000000000009,0.040000000000000036,0.009999999999999787,0.0,-0.010000000000000231,0.27067098818887336,-0.03000000000000025,1
2022-11-29,-0.0015931188727940082,-0.3200000000000003,0.020000000000000462,0.06000000000000005,0.0,0.010000000000000231,0.258240936597845,0.03999999999999959,1
2022-11-30,0.030478587582589256,-1.3100000000000023,-0.10000000000000053,-0.06999999999999984,0.0,0.08999999999999986,0.2759840973203371,0.030000000000000693,0
2022-12-01,-0.0008680002702714518,-0.7399999999999984,-0.1299999999999999,-0.15000000000000036,0.0,-0.06000000000000005,0.2752343130612892,-0.020000000000000462,0
2022-12-02,-0.0011953459028433144,-0.7800000000000011,0.03000000000000025,-0.020000000000000018,0.0,-0.06000000000000005,0.2563891558396685,-0.050000000000000266,1
2022-12-05,-0.018056283602074785,1.6900000000000013,0.1299999999999999,0.0900000000000003,0.0,-0.039999999999999813,0.2628546753712569,-0.03999999999999959,1
2022-12-06,-0.014503849921748468,1.4200000000000017,-0.07000000000000028,-0.0900000000000003,0.0,-0.020000000000000018,0.267205012732607,-0.020000000000000018,1
2022-12-07,-0.0018640849162636641,0.509999999999998,-0.08000000000000007,-0.08999999999999986,0.0,-0.020000000000000018,0.2661162070158339,-0.009999999999999787,1
2022-12-08,0.007493612090724966,-0.39000000000000057,0.04999999999999982,0.06000000000000005,0.0,-0.040000000000000036,0.26656183146321566,0.010000000000000231,1
2022-12-09,-0.007376687214824429,0.5399999999999991,0.020000000000000462,0.08999999999999986,0.0,-0.010000000000000009,0.2559424675951836,0.0699999999999994,1
2022-12-12,0.014178262831054056,2.1700000000000017,0.05999999999999961,0.040000000000000036,0.0,-0.020000000000000018,0.1808931383431878,-0.019999999999999574,1
2022-12-13,0.007263262233260903,-2.4499999999999993,-0.16999999999999993,-0.10000000000000009,0.0,0.030000000000000027,0.17982961611009057,0.06999999999999984,1
2022-12-14,-0.006071158028412071,-1.4100000000000001,0.010000000000000675,-0.019999999999999574,0.0,0.040000000000000036,0.17821236804317914,-0.03000000000000025,1
2022-12-15,-0.02523746079196343,1.6899999999999977,0.0,-0.050000000000000266,0.5,0.020000000000000018,0.19630648922790306,-0.050000000000000266,1
2022-12-16,-0.011200267830703936,-0.2099999999999973,-0.0600000000000005,0.040000000000000036,0.0,0.010000000000000009,0.1978926631700024,0.10000000000000053,1
2022-12-19,-0.009048278034292423,-0.1999999999999993,0.08000000000000007,0.08999999999999986,0.0,0.0,0.19964084856059724,0.009999999999999787,1
2022-12-20,0.0010367470114189814,-0.9400000000000013,0.0,0.1200000000000001,0.0,0.010000000000000009,0.1985697107514671,0.1200000000000001,1
2022-12-21,0.014758594440962725,-1.4100000000000001,-0.040000000000000036,-0.009999999999999787,0.0,0.019999999999999796,0.2064004324740374,0.03000000000000025,1
2022-12-22,-0.014557129502374977,1.8999999999999986,0.03000000000000025,-0.010000000000000231,0.0,-0.019999999999999796,0.20467539769109652,-0.04000000000000048,1
2022-12-23,0.005850906388984001,-1.0999999999999979,0.0699999999999994,0.08000000000000007,0.0,0.010000000000000009,0.20465232637624642,0.010000000000000675,1
2022-12-27,-0.004057826255055019,0.7799999999999976,0.010000000000000675,0.08999999999999986,0.0,0.020000000000000018,0.20462280961226678,0.07999999999999918,1
2022-12-28,-0.012093462699048985,0.490000000000002,-0.010000000000000675,0.040000000000000036,0.0,-0.010000000000000231,0.20214453270507343,0.05000000000000071,1
2022-12-29,0.017310618960092228,-0.6999999999999993,0.03000000000000025,-0.04999999999999982,0.0,0.0,0.21319060192789485,-0.08000000000000007,1
2022-12-30,-0.0025439680351091454,0.23000000000000043,0.07000000000000028,0.04999999999999982,0.0,-0.019999999999999796,0.17908871545118393,-0.020000000000000462,1
2023-01-03,-0.00400854439080689,1.2299999999999969,-0.009999999999999787,-0.08999999999999986,0.0,0.039999999999999813,0.17897137685040984,-0.08000000000000007,1
2023-01-04,0.007510674075383861,-0.889999999999997,-0.040000000000000036,-0.10000000000000009,0.0,0.040000000000000036,0.18260846968377473,-0.06000000000000005,1
2023-01-05,-0.011713902384517638,0.4499999999999993,0.08999999999999986,0.020000000000000018,0.0,-0.040000000000000036,0.17709575529490518,-0.06999999999999984,1
2023-01-06,0.022583841176025743,-1.3300000000000018,-0.20999999999999996,-0.16000000000000014,0.0,0.040000000000000036,0.19101982621816635,0.04999999999999982,1
2023-01-09,-0.0007679298504950083,0.8399999999999999,-0.04999999999999982,-0.020000000000000018,0.0,-0.04999999999999982,0.19096335860985697,0.029999999999999805,1
2023-01-10,0.006954020552452533,-1.3900000000000006,0.04999999999999982,0.08000000000000007,0.0,0.0,0.19068738908954605,0.03000000000000025,1
2023-01-11,0.012767544131229158,0.5100000000000016,-0.040000000000000036,-0.06999999999999984,0.0,-0.030000000000000027,0.1943140634529277,-0.029999999999999805,0
2023-01-12,0.0034101315868824145,-2.2600000000000016,-0.08000000000000007,-0.10999999999999988,0.0,-0.020000000000000018,0.1881946042895977,-0.029999999999999805,0
2023-01-13,0.003988850553225731,-0.4799999999999969,0.09999999999999964,0.06000000000000005,0.0,-0.020000000000000018,0.18692045823616038,-0.03999999999999959,0
2023-01-17,-0.00203252611255067,1.009999999999998,-0.040000000000000036,0.03999999999999959,0.0,-0.040000000000000036,0.18585465625423664,0.07999999999999963,1
2023-01-18,-0.015685001660276754,0.9800000000000004,-0.1200000000000001,-0.1599999999999997,0.0,0.050000000000000044,0.17197157624129328,-0.03999999999999959,1
2023-01-19,-0.007667669607521077,0.17999999999999972,0.03000000000000025,0.020000000000000018,0.0,0.030000000000000027,0.169384277981068,-0.010000000000000231,0
2023-01-20,0.018741671559173056,-0.6699999999999982,0.04999999999999982,0.08999999999999986,0.0,-0.010000000000000009,0.17669693730205124,0.040000000000000036,0
2023-01-23,0.011811328415708644,-0.0400000000000027,0.07000000000000028,0.040000000000000036,0.0,-0.020000000000000018,0.17994998067647655,-0.03000000000000025,0
2023-01-24,-0.0007117296325205302,-0.6099999999999994,-0.08999999999999986,-0.06000000000000005,0.0,-0.020000000000000018,0.1744675220791977,0.029999999999999805,0
2023-01-25,-0.00018174643434853976,-0.120000000000001,-0.009999999999999787,0.0,0.0,0.020000000000000018,0.16443831176412232,0.009999999999999787,0
2023-01-26,0.01094771756997659,-0.34999999999999787,0.05999999999999961,0.03000000000000025,0.0,-0.050000000000000044,0.16673523405183083,-0.02999999999999936,0
2023-01-27,0.0024917027916835366,-0.21999999999999886,0.020000000000000462,0.029999999999999805,0.0,-0.030000000000000027,0.1649752417665862,0.009999999999999343,0
2023-01-30,-0.013053559781990742,1.4299999999999997,0.05999999999999961,0.029999999999999805,0.0,-0.009999999999999787,0.16610506968592426,-0.029999999999999805,0
2023-01-31,0.01453628532231832,-0.5400000000000027,-0.040000000000000036,-0.029999999999999805,0.0,0.029999999999999805,0.16331954223740094,0.010000000000000231,0
2023-02-01,0.010398089735209837,-1.5299999999999976,-0.1200000000000001,-0.1299999999999999,0.0,0.010000000000000009,0.16420246993771506,-0.009999999999999787,0
2023-02-02,0.014592431217643309,0.8599999999999994,0.0,0.009999999999999787,0.25,-0.030000000000000027,0.16633043992850544,0.009999999999999787,0
2023-02-03,-0.0104086439893738,-0.40000000000000213,0.20999999999999996,0.1299999999999999,0.0,-0.04999999999999982,0.1733191717843001,-0.08000000000000007,0
2023-02-06,-0.006159416919169658,1.1000000000000014,0.14000000000000057,0.10000000000000009,0.0,-0.06000000000000005,0.1682167778938865,-0.04000000000000048,0
2023-02-07,0.012790383040920617,-0.7699999999999996,0.02999999999999936,0.040000000000000036,0.0,0.010000000000000009,0.15739737701065246,0.010000000000000675,0
2023-02-08,-0.011142539811004326,0.9699999999999989,-0.019999999999999574,-0.040000000000000036,0.0,0.050000000000000044,0.1646130225558981,-0.020000000000000462,1
2023-02-09,-0.008869043032445845,1.0800000000000018,0.03000000000000025,0.040000000000000036,-0.009999999999999787,0.010000000000000009,0.16852207274133654,0.009999999999999787,1
2023-02-10,0.0021928652588769637,-0.17999999999999972,0.019999999999999574,0.07000000000000028,0.009999999999999787,0.010000000000000009,0.16387190210420718,0.05000000000000071,1
2023-02-13,0.011383550959928712,-0.19000000000000128,0.019999999999999574,-0.020000000000000018,0.0,-0.010000000000000009,0.16737729897481304,-0.03999999999999959,0
2023-02-14,-0.0002804160812814871,-1.4299999999999997,0.08000000000000007,0.04999999999999982,0.0,-0.030000000000000027,0.1673296934371406,-0.03000000000000025,0
2023-02-15,0.00276928565518908,-0.6799999999999997,0.020000000000000462,0.040000000000000036,0.0,0.010000000000000009,0.16684069871845286,0.019999999999999574,1
2023-02-16,-0.013884644172641458,1.9400000000000013,0.0,0.04999999999999982,0.0,0.020000000000000018,0.16455981990435894,0.04999999999999982,1
2023-02-17,-0.002771285205906082,-0.15000000000000213,-0.020000000000000462,-0.040000000000000036,0.0,0.04999999999999982,0.16181705410656735,-0.019999999999999574,1
2023-02-21,-0.02024478441412292,2.8500000000000014,0.07000000000000028,0.13000000000000034,0.0,-0.019999999999999796,0.16770638150551087,0.06000000000000005,1
2023-02-22,-0.0015747857327728099,-0.5800000000000018,-0.009999999999999787,-0.020000000000000018,0.0,-0.020000000000000018,0.16245324573405243,-0.010000000000000231,1
2023-02-23,0.00531527346027616,-1.1499999999999986,0.0,-0.050000000000000266,0.0,0.010000000000000009,0.1636178080720623,-0.050000000000000266,1
2023-02-24,-0.010593457421727237,0.5300000000000011,0.1200000000000001,0.07000000000000028,0.0,0.0,0.16764518609189502,-0.04999999999999982,1
2023-02-27,0.003068304831167268,-0.7200000000000024,0.0,-0.03000000000000025,-0.009999999999999787,0.010000000000000009,0.16299321397497513,-0.03000000000000025,1
2023-02-28,-0.0030405976856187067,-0.25,0.02999999999999936,0.0,0.0,0.029999999999999805,0.1626579203632208,-0.02999999999999936,1
2023-03-01,-0.00473646161526986,-0.120000000000001,0.08000000000000007,0.08999999999999986,0.009999999999999787,-0.05999999999999983,0.15748352918781633,0.009999999999999787,0
2023-03-02,0.007553542016923487,-0.9899999999999984,0.0,0.07000000000000028,-0.009999999999999787,-0.020000000000000018,0.15062765798894556,0.07000000000000028,0
2023-03-03,0.016018800257414867,-1.1000000000000014,-0.02999999999999936,-0.10999999999999988,0.0,-0.030000000000000027,0.15716255724090678,-0.08000000000000052,0
2023-03-06,0.00068692352399502,0.120000000000001,0.02999999999999936,0.009999999999999787,0.0,0.0,0.14699062870790533,-0.019999999999999574,0
2023-03-07,-0.015445639173959691,0.9800000000000004,0.11000000000000032,-0.009999999999999787,0.0,0.0,0.15178574837501965,-0.1200000000000001,0
2023-03-08,0.0014138210863556822,-0.4800000000000004,0.04999999999999982,0.009999999999999787,0.0,0.0,0.15128644654818857,-0.040000000000000036,1
2023-03-09,-0.018631872945281458,3.5,-0.14999999999999947,-0.04999999999999982,0.0,0.06000000000000005,0.15329613483010973,0.09999999999999964,1
2023-03-10,-0.014583974750191686,2.1900000000000013,-0.3000000000000007,-0.22999999999999998,0.0,0.10999999999999988,0.15606733359810349,0.07000000000000073,1
2023-03-13,-0.001510881613258519,1.7199999999999989,-0.5699999999999994,-0.15000000000000036,0.009999999999999787,0.18000000000000016,0.15469172467613537,0.41999999999999904,1
2023-03-14,0.016342380801372514,-2.789999999999999,0.16999999999999993,0.0900000000000003,0.0,-0.03000000000000025,0.16757090635222652,-0.07999999999999963,1
2023-03-15,-0.00700533639823675,2.41,-0.27,-0.13000000000000034,0.0,0.11000000000000032,0.16099504278824392,0.13999999999999968,1
2023-03-16,0.017409551286965197,-3.150000000000002,0.20999999999999952,0.050000000000000266,0.0,-0.06000000000000005,0.17563429545977657,-0.15999999999999925,1
2023-03-17,-0.011080586449226715,2.520000000000003,-0.3299999999999996,-0.16999999999999993,0.0,0.04999999999999982,0.17737148280403237,0.1599999999999997,1
2023-03-20,0.008878824909595906,-1.360000000000003,0.10999999999999988,0.08000000000000007,0.0,-0.020000000000000018,0.17685889551308923,-0.029999999999999805,1
2023-03-21,0.012898635541985115,-2.7699999999999996,0.25,0.11999999999999966,0.0,-0.08000000000000007,0.18379509309145808,-0.13000000000000034,1
2023-03-22,-0.016600211922495944,0.8800000000000026,-0.20999999999999996,-0.10999999999999988,0.0,0.050000000000000266,0.17934095721628437,0.10000000000000009,1
2023-03-23,0.0029800838470404045,0.34999999999999787,-0.20000000000000018,-0.10000000000000009,0.25,0.09999999999999964,0.17976251174078464,0.10000000000000009,1
2023-03-24,0.0056239581242092385,-0.870000000000001,0.0,0.0,0.0,-0.019999999999999574,0.17989163559262306,0.0,1
2023-03-27,0.0016455897389313634,-1.139999999999997,0.18000000000000016,0.1499999999999999,0.0,-0.050000000000000266,0.1761911633148606,-0.03000000000000025,0
2023-03-28,-0.0015750808409311645,-0.6300000000000026,0.07999999999999963,0.020000000000000018,0.0,0.0,0.1759361486052033,-0.05999999999999961,0
2023-03-29,0.014136861145887636,-0.8499999999999979,0.0600000000000005,0.020000000000000018,0.0,-0.040000000000000036,0.18230463924598792,-0.04000000000000048,0
2023-03-30,0.005698994460608731,-0.10000000000000142,0.019999999999999574,-0.020000000000000018,0.0,-0.040000000000000036,0.18197703389963224,-0.03999999999999959,0
2023-03-31,0.014333332809426835,-0.3200000000000003,-0.040000000000000036,-0.06999999999999984,0.0,0.0,0.18642839579845902,-0.029999999999999805,0
2023-04-03,0.0036920936495175027,-0.14999999999999858,-0.08999999999999941,-0.04999999999999982,0.0,0.0,0.17908345885229504,0.03999999999999959,0
2023-04-04,-0.0058139203852078936,0.4499999999999993,-0.13000000000000034,-0.08000000000000007,0.0,-0.009999999999999787,0.18059928572665107,0.050000000000000266,0
2023-04-05,-0.0024954291924714767,0.0799999999999983,-0.04999999999999982,-0.050000000000000266,0.0,0.040000000000000036,0.17143210755688526,-4.440892098500626e-16,0
2023-04-06,0.003572739725370866,-0.6799999999999997,0.029999999999999805,0.0,0.0,-0.03000000000000025,0.17162484945961265,-0.029999999999999805,0
2023-04-10,0.0009958450470115565,0.5700000000000003,0.18000000000000016,0.11000000000000032,0.0,-0.020000000000000018,0.15557917852631284,-0.06999999999999984,0
2023-04-11,-4.137234502721299e-05,0.13000000000000256,0.03000000000000025,0.020000000000000018,0.0,-0.040000000000000036,0.14341687429295324,-0.010000000000000231,0
2023-04-12,-0.004143458650798237,-0.010000000000001563,-0.08000000000000007,-0.020000000000000018,0.0,0.03000000000000025,0.14473401232454441,0.06000000000000005,0
2023-04-13,0.013175446748329378,-1.2899999999999991,0.009999999999999787,0.040000000000000036,0.0,-0.010000000000000231,0.1413859902220549,0.03000000000000025,0
2023-04-14,-0.002071498810490624,-0.7300000000000004,0.1200000000000001,0.06999999999999984,0.0,-0.020000000000000018,0.1381226568392356,-0.050000000000000266,0
2023-04-17,0.0033007789687626854,-0.120000000000001,0.09999999999999964,0.08000000000000007,0.0,-0.029999999999999805,0.12772329874695854,-0.019999999999999574,0
2023-04-18,0.0008547842551518414,-0.120000000000001,0.010000000000000675,-0.020000000000000018,0.0,-0.010000000000000231,0.11838581590979208,-0.030000000000000693,0
2023-04-19,-8.424204429147153e-05,-0.36999999999999744,0.04999999999999982,0.020000000000000018,0.0,0.0,0.11665709154860782,-0.029999999999999805,0
2023-04-20,-0.005970339945818637,0.7100000000000009,-0.10000000000000053,-0.06000000000000005,0.0,0.040000000000000036,0.11349932607683025,0.04000000000000048,0
2023-04-21,0.0009027859909256364,-0.40000000000000213,0.03000000000000025,0.029999999999999805,0.0,-0.009999999999999787,0.09263251239545557,-4.440892098500626e-16,0
2023-04-24,0.0008512120612227392,0.120000000000001,-0.04999999999999982,-0.04999999999999982,0.0,0.0,0.09273483902379544,0.0,0
2023-04-25,-0.015937145594968172,1.870000000000001,-0.26000000000000023,-0.1200000000000001,0.0,0.04999999999999982,0.11103161139387455,0.14000000000000012,0
2023-04-26,-0.0038486098771102206,0.0799999999999983,0.040000000000000036,0.03000000000000025,0.0,0.020000000000000018,0.11237181906441407,-0.009999999999999787,0
2023-04-27,0.019377167380001836,-1.8099999999999987,0.17000000000000037,0.09999999999999964,0.0,-0.040000000000000036,0.1287346764188899,-0.07000000000000073,0
2023-04-28,0.008219359612569477,-1.2500000000000018,-0.03000000000000025,-0.08999999999999986,0.0,0.010000000000000231,0.12317551188889019,-0.05999999999999961,0
2023-05-01,-0.0003862138497261469,0.29999999999999893,0.09999999999999964,0.1499999999999999,0.0,-0.020000000000000018,0.12245434548711602,0.050000000000000266,0
2023-05-02,-0.01165389752800472,1.7000000000000028,-0.16999999999999948,-0.1499999999999999,0.0,0.10000000000000009,0.12083358862361683,0.019999999999999574,0
2023-05-03,-0.007022889090581685,0.5599999999999987,-0.08000000000000007,-0.06000000000000005,0.0,0.040000000000000036,0.12253020393324664,0.020000000000000018,1
2023-05-04,-0.007244906241250959,1.75,-0.14000000000000012,-0.009999999999999787,0.25,0.040000000000000036,0.12342513943433545,0.13000000000000034,0
2023-05-05,0.018306159168067992,-2.8999999999999986,0.16999999999999993,0.06999999999999984,0.0,-0.040000000000000036,0.13913667171936703,-0.10000000000000009,0
2023-05-08,0.0004519981658628325,-0.21000000000000085,0.08000000000000007,0.08000000000000007,0.0,0.0,0.13869633667014675,0.0,0
2023-05-09,-0.004589891663840717,0.7300000000000004,0.009999999999999787,0.009999999999999787,0.0,0.009999999999999787,0.13973093489277413,0.0,0
2023-05-10,0.004473890233027689,-0.7699999999999996,-0.10999999999999988,-0.09999999999999964,0.0,0.04999999999999982,0.1405397764854399,0.010000000000000231,0
2023-05-11,-0.001698060217456998,-0.010000000000001563,-0.009999999999999787,-0.040000000000000036,0.0,-0.009999999999999787,0.13981211102491412,-0.03000000000000025,0
2023-05-12,-0.001584552162620767,0.10000000000000142,0.08999999999999986,0.06999999999999984,0.0,-0.040000000000000036,0.1320139419422139,-0.020000000000000018,0
2023-05-15,0.0029538685652354957,0.08999999999999986,0.010000000000000231,0.040000000000000036,0.0,0.06000000000000005,0.13229016310014322,0.029999999999999805,0
2023-05-16,-0.006398135861992671,0.8699999999999974,0.0699999999999994,0.040000000000000036,0.0,0.009999999999999787,0.13348758872169286,-0.02999999999999936,0
2023-05-17,0.011820660164447716,-1.1199999999999974,0.0600000000000005,0.029999999999999805,0.0,-0.020000000000000018,0.1401074843542108,-0.030000000000000693,0
2023-05-18,0.009400774284705093,-0.8200000000000003,0.1200000000000001,0.08000000000000007,0.0,-0.05999999999999961,0.14380152657515968,-0.040000000000000036,0
2023-05-19,-0.001446955746059686,0.759999999999998,0.040000000000000036,0.050000000000000266,0.0,-0.020000000000000018,0.1420819425186372,0.010000000000000231,0
2023-05-22,0.00015504597144122556,0.40000000000000213,0.009999999999999787,0.020000000000000018,0.0,0.009999999999999787,0.14209288494657782,0.010000000000000231,0
2023-05-23,-0.011285515564489756,1.3200000000000003,-0.03000000000000025,-0.020000000000000018,0.0,0.0,0.14800149974665283,0.010000000000000231,1
2023-05-24,-0.007345550785867516,1.5,0.04999999999999982,0.029999999999999805,0.0,-0.009999999999999787,0.1389908155951658,-0.020000000000000018,0
2023-05-25,0.00871956478556335,-0.8900000000000006,0.1900000000000004,0.10000000000000009,0.0,-0.08000000000000007,0.14083448871029502,-0.0900000000000003,0
2023-05-26,0.012964582735314423,-1.1900000000000013,0.040000000000000036,-0.03000000000000025,0.0,0.0,0.13181505394769383,-0.07000000000000028,0
2023-05-30,1.664492918251881e-05,-0.48999999999999844,-0.08000000000000007,-0.10999999999999988,0.0,0.040000000000000036,0.1290312777702544,-0.029999999999999805,0
2023-05-31,-0.006127372232972661,0.4800000000000004,-0.05999999999999961,-0.04999999999999982,0.0,0.020000000000000018,0.13099531341726645,0.009999999999999787,0
2023-06-01,0.009806229149665668,-2.290000000000001,-0.07000000000000028,-0.03000000000000025,0.0,-0.010000000000000231,0.12771081793049166,0.040000000000000036,0
2023-06-02,0.014429789652144365,-1.0500000000000007,0.16999999999999993,0.08000000000000007,0.0,-0.040000000000000036,0.1319462645564713,-0.08999999999999986,0
2023-06-05,-0.0020055732655688274,0.13000000000000078,-0.040000000000000036,0.0,0.0,-0.009999999999999787,0.12843229091021532,0.040000000000000036,0
2023-06-06,0.0023511165774898757,-0.7699999999999996,0.04999999999999982,0.010000000000000231,0.0,-0.020000000000000018,0.11474360853817267,-0.03999999999999959,0
2023-06-07,-0.0038192757067676553,-0.02000000000000135,0.04999999999999982,0.08999999999999986,0.0,-0.020000000000000018,0.1162586938246074,0.040000000000000036,0
2023-06-08,0.006169535247098068,-0.28999999999999915,-0.040000000000000036,-0.06000000000000005,0.0,0.009999999999999787,0.11516605055189226,-0.020000000000000018,0
2023-06-09,0.001147473763687401,0.17999999999999972,0.07000000000000028,0.020000000000000018,0.0,-0.020000000000000018,0.1148339268772919,-0.050000000000000266,0
2023-06-12,0.00927790266568529,1.1799999999999997,-0.040000000000000036,-0.020000000000000018,0.0,0.050000000000000266,0.11687326493722286,0.020000000000000018,0
2023-06-13,0.00690866488336539,-0.40000000000000036,0.1200000000000001,0.10999999999999988,0.0,-0.10000000000000009,0.11698031674665516,-0.010000000000000231,0
2023-06-14,0.0008190720692198283,-0.7299999999999986,0.07000000000000028,-0.009999999999999787,0.0,-0.06000000000000005,0.11716642216431404,-0.08000000000000007,0
2023-06-15,0.012104580063653003,0.6199999999999992,-0.1200000000000001,-0.10999999999999988,-0.009999999999999787,0.08000000000000007,0.11670194466827995,0.010000000000000231,0
2023-06-16,-0.0036783763376515566,-0.9600000000000009,0.08000000000000007,0.04999999999999982,0.009999999999999787,-0.06000000000000005,0.11516327070094065,-0.03000000000000025,0
2023-06-20,-0.0047463803686902395,0.34000000000000163,-0.020000000000000462,-0.029999999999999805,-0.009999999999999787,-0.010000000000000009,0.11535604696216697,-0.009999999999999343,0
2023-06-21,-0.005259081846185509,-0.6800000000000015,0.0,-0.020000000000000018,0.0,0.010000000000000009,0.11757375344194144,-0.020000000000000018,0
2023-06-22,0.0037038857650539825,-0.28999999999999915,0.08999999999999986,0.07999999999999963,0.0,-0.020000000000000018,0.11754008664547991,-0.010000000000000231,0
2023-06-23,-0.007688274822307051,0.5299999999999994,-0.05999999999999961,-0.05999999999999961,0.0,0.020000000000000018,0.11294833474265746,0.0,0
2023-06-26,-0.004496875789266497,0.8100000000000005,-0.05999999999999961,-0.020000000000000018,0.0,0.020000000000000018,0.11029128400643222,0.03999999999999959,0
2023-06-27,0.011390657230512247,-0.5099999999999998,0.08999999999999986,0.04999999999999982,0.0,-0.040000000000000036,0.11258121337672204,-0.040000000000000036,0
2023-06-28,-0.0003540724651998062,-0.3100000000000005,-0.03000000000000025,-0.06000000000000005,0.0,0.020000000000000018,0.10631664358017831,-0.029999999999999805,0
2023-06-29,0.004463550205313638,0.10999999999999943,0.16000000000000014,0.14000000000000012,0.0,-0.040000000000000036,0.10643874994370701,-0.020000000000000018,0
2023-06-30,0.012194363266363695,0.05000000000000071,0.0,-0.040000000000000036,0.009999999999999787,-0.040000000000000036,0.107481460229498,-0.040000000000000036,0
2023-07-03,0.0011700018289602099,-0.019999999999999574,0.07000000000000028,0.04999999999999982,0.0,-0.029999999999999805,0.10470484568592116,-0.020000000000000462,0
2023-07-05,-0.0019702536362675716,0.6099999999999994,0.0,0.0900000000000003,0.0,-0.020000000000000018,0.09639207718119361,0.0900000000000003,0
2023-07-06,-0.007954065287478329,1.2599999999999998,0.04999999999999982,0.09999999999999964,0.0,-0.030000000000000027,0.10141830469973166,0.04999999999999982,0
2023-07-07,-0.002869292613603136,-0.6099999999999994,-0.04999999999999982,0.009999999999999787,0.0,0.010000000000000009,0.1024802583519499,0.05999999999999961,0
2023-07-10,0.0024022317330238963,0.2400000000000002,-0.09000000000000075,-0.04999999999999982,-0.009999999999999787,0.050000000000000044,0.10084616537568834,0.040000000000000924,0
2023-07-11,0.006719588071620208,-0.23000000000000043,0.03000000000000025,-0.019999999999999574,0.009999999999999787,-0.020000000000000018,0.10118048429631595,-0.04999999999999982,0
2023-07-12,0.0073838175010525475,-1.3000000000000007,-0.16000000000000014,-0.13000000000000034,0.0,0.039999999999999813,0.10312823161050651,0.029999999999999805,0
2023-07-13,0.008434509266770363,0.07000000000000028,-0.1299999999999999,-0.10000000000000009,0.0,0.030000000000000027,0.10240497362790636,0.029999999999999805,0
2023-07-14,-0.0010249061954503702,-0.2699999999999996,0.15000000000000036,0.07000000000000028,0.0,-0.039999999999999813,0.10113893173450247,-0.08000000000000007,0
2023-07-17,0.0038479435973783893,0.14000000000000057,0.0,-0.020000000000000018,0.0,0.029999999999999805,0.10143936132130978,-0.020000000000000018,0
2023-07-18,0.007092079866133361,-0.17999999999999972,0.0,-0.010000000000000231,0.0,-0.010000000000000009,0.09625800610491728,-0.010000000000000231,0
2023-07-19,0.0023550834835130985,0.4599999999999991,0.0,-0.04999999999999982,0.0,-0.019999999999999796,0.09452475318682553,-0.04999999999999982,0
2023-07-20,-0.006779806181850034,0.23000000000000043,0.05999999999999961,0.10000000000000009,0.0,-0.020000000000000018,0.09650214953964487,0.04000000000000048,0
2023-07-21,0.0003241023001034904,-0.39000000000000057,0.020000000000000462,-0.010000000000000231,0.0,0.0,0.093420028758405,-0.030000000000000693,0
2023-07-24,0.004025974035343438,0.3100000000000005,-0.010000000000000675,0.020000000000000018,0.0,-0.010000000000000009,0.09350823186584413,0.030000000000000693,0
2023-07-25,0.0028107581456495723,-0.05000000000000071,0.040000000000000036,0.050000000000000266,0.0,-0.030000000000000027,0.08686348126202473,0.010000000000000231,0
2023-07-26,-0.00015545953102247267,-0.6699999999999999,-0.02999999999999936,-0.050000000000000266,0.0,0.020000000000000018,0.08380529467358623,-0.020000000000000906,0
2023-07-27,-0.006445427491140521,1.2200000000000006,0.08999999999999986,0.1499999999999999,0.25,-0.050000000000000044,0.08286319800573558,0.06000000000000005,0
2023-07-28,0.009829414508766732,-1.08,-0.040000000000000036,-0.04999999999999982,0.0,0.020000000000000018,0.08708607378044327,-0.009999999999999787,0
2023-07-31,0.0014676396864565788,0.3000000000000007,0.009999999999999787,0.010000000000000231,0.0,-0.030000000000000027,0.08671537188233748,4.440892098500626e-16,0
2023-08-01,-0.0026686495524472775,0.29999999999999893,0.040000000000000036,0.07999999999999963,0.0,0.0,0.07979659251438458,0.03999999999999959,0
2023-08-02,-0.013936235197657965,2.16,-0.040000000000000036,0.03000000000000025,0.0,0.050000000000000044,0.09574950662996004,0.07000000000000028,0
2023-08-03,-0.002551225527671619,-0.16999999999999993,0.020000000000000462,0.1200000000000001,0.0,0.020000000000000018,0.09596796158278503,0.09999999999999964,0
2023-08-04,-0.005314091027456058,1.1800000000000015,-0.1200000000000001,-0.15000000000000036,0.0,0.05999999999999983,0.09340946805972003,-0.03000000000000025,0
2023-08-07,0.008983583955258112,-1.3300000000000018,-0.020000000000000462,0.040000000000000036,0.0,0.0,0.09665178689899552,0.0600000000000005,0
2023-08-08,-0.004227192022497661,0.22000000000000064,-0.019999999999999574,-0.07000000000000028,0.0,0.030000000000000027,0.0983913017881574,-0.05000000000000071,0
2023-08-09,-0.007063636404007312,-0.02999999999999936,0.04999999999999982,-0.019999999999999574,0.0,-0.010000000000000009,0.09980103359367626,-0.0699999999999994,0
2023-08-10,0.0002506562955826297,-0.11000000000000121,0.03000000000000025,0.08999999999999986,0.0,-0.030000000000000027,0.09642732755514725,0.05999999999999961,0
2023-08-11,-0.0010702036647138868,-1.0099999999999998,0.0699999999999994,0.07000000000000028,0.0,-0.019999999999999796,0.09139794950560261,8.881784197001252e-16,0
2023-08-14,0.005733913274736935,-0.019999999999999574,0.07000000000000028,0.03000000000000025,0.0,-0.030000000000000027,0.09386336208428794,-0.040000000000000036,0
2023-08-15,-0.01161806073636562,1.6400000000000006,-0.040000000000000036,0.019999999999999574,0.0,0.020000000000000018,0.10057933135616558,0.05999999999999961,0
2023-08-16,-0.00758413033820915,0.3200000000000003,0.04999999999999982,0.07000000000000028,0.0,-0.020000000000000018,0.09871221224827875,0.020000000000000462,0
2023-08-17,-0.0077427623561252545,1.1099999999999994,-0.02999999999999936,0.019999999999999574,0.0,0.030000000000000027,0.09980413723582271,0.049999999999998934,0
2023-08-18,-0.00014874022775579476,-0.5899999999999999,-0.020000000000000462,-0.040000000000000036,0.0,0.019999999999999796,0.09850670893091881,-0.019999999999999574,0
2023-08-21,0.006855621481268059,-0.1700000000000017,0.04999999999999982,0.08000000000000007,0.0,-0.010000000000000009,0.10276004792687587,0.03000000000000025,0
2023-08-22,-0.002781282092231052,-0.16000000000000014,0.04999999999999982,0.0,0.0,-0.05999999999999983,0.10087299982351569,-0.04999999999999982,0
2023-08-23,0.010984339030271073,-0.9899999999999984,-0.0699999999999994,-0.14999999999999947,0.0,0.010000000000000009,0.10919059047622837,-0.08000000000000007,0
2023-08-24,-0.013549420207498386,1.2199999999999989,0.03000000000000025,0.040000000000000036,0.0,-0.030000000000000027,0.11686949895215089,0.009999999999999787,0
2023-08-25,0.006695523315476848,-1.5199999999999996,0.04999999999999982,0.019999999999999574,0.0,-0.040000000000000036,0.11944864781953327,-0.03000000000000025,0
2023-08-28,0.0062450565111582534,-0.5999999999999996,-0.04999999999999982,-0.04999999999999982,0.0,0.06000000000000005,0.11579122825991557,0.0,0
2023-08-29,0.014404107984150372,-0.6300000000000008,-0.11000000000000032,-0.08000000000000007,0.0,0.020000000000000018,0.12809050831818716,0.03000000000000025,0
2023-08-30,0.003825802169906467,-0.5699999999999985,0.03000000000000025,0.0,0.0,-0.020000000000000018,0.1289698790236582,-0.03000000000000025,0
2023-08-31,-0.0015982216816592398,-0.3100000000000005,-0.05000000000000071,-0.03000000000000025,0.0,0.010000000000000009,0.11970130938064803,0.020000000000000462,0
2023-09-01,0.0017975431036134637,-0.4800000000000004,0.020000000000000462,0.08999999999999986,0.0,-0.010000000000000009,0.11950894597510983,0.0699999999999994,0
2023-09-05,-0.0042030108696096136,0.9199999999999999,0.07000000000000028,0.08999999999999986,0.0,0.020000000000000018,0.11892984203451665,0.019999999999999574,0
2023-09-06,-0.006995992744252888,0.4399999999999995,0.0699999999999994,0.03000000000000025,0.0,-0.050000000000000044,0.11692411109228545,-0.03999999999999915,0
2023-09-07,-0.0032164682050073168,-0.049999999999998934,-0.0699999999999994,-0.03000000000000025,0.0,0.020000000000000018,0.11657675042692313,0.03999999999999915,0
2023-09-08,0.0014255841976638095,-0.5600000000000005,0.040000000000000036,-0.009999999999999787,0.0,-0.020000000000000018,0.11425252336095076,-0.04999999999999982,0
2023-09-11,0.006701012782986737,-0.03999999999999915,-0.010000000000000675,0.03000000000000025,0.0,0.010000000000000009,0.11666788295859004,0.040000000000000924,0
2023-09-12,-0.005712155841120392,0.4299999999999997,0.010000000000000675,-0.020000000000000462,0.0,-0.010000000000000009,0.11839903198860217,-0.030000000000001137,0
2023-09-13,0.0012408533465713134,-0.75,-0.020000000000000462,-0.019999999999999574,0.0,0.020000000000000018,0.1166565963495689,8.881784197001252e-16,0
2023-09-14,0.008394550741110507,-0.6600000000000001,0.040000000000000036,0.040000000000000036,0.0,-0.010000000000000009,0.11258371317429247,0.0,0
2023-09-15,-0.012234084667106515,0.9699999999999989,0.019999999999999574,0.040000000000000036,0.0,-0.020000000000000018,0.11792865298907468,0.020000000000000462,0
2023-09-18,0.0007210364368379629,0.21000000000000085,0.03000000000000025,-0.009999999999999787,0.0,-0.010000000000000009,0.11406075927725154,-0.040000000000000036,0
2023-09-19,-0.002153419552961111,0.10999999999999943,0.03000000000000025,0.04999999999999982,0.0,-0.020000000000000018,0.11450303729869081,0.019999999999999574,0
2023-09-20,-0.009439204623111763,1.0300000000000011,0.040000000000000036,-0.020000000000000462,0.0,-0.020000000000000018,0.11752235044170366,-0.0600000000000005,0
2023-09-21,-0.016536873951467967,2.3999999999999986,0.0,0.14000000000000057,0.0,-0.07000000000000006,0.13059601401578444,0.14000000000000057,0
2023-09-22,-0.0022982509659392747,-0.33999999999999986,-0.020000000000000462,-0.04999999999999982,0.0,0.07000000000000006,0.12363374237684667,-0.02999999999999936,0
2023-09-25,0.004015021275819208,-0.3000000000000007,-0.009999999999999787,0.10999999999999943,0.0,0.020000000000000018,0.11639748621384721,0.11999999999999922,0
2023-09-26,-0.01484412871796259,2.0400000000000027,-0.04999999999999982,0.009999999999999787,0.0,0.020000000000000018,0.1234946462003936,0.05999999999999961,0
2023-09-27,0.00022929233000645866,-0.7200000000000024,0.05999999999999961,0.05000000000000071,0.0,0.0,0.1204930290006969,-0.009999999999998899,0
2023-09-28,0.005875776887473094,-0.879999999999999,-0.05999999999999961,-0.020000000000000462,0.0,0.030000000000000027,0.1091897887419234,0.03999999999999915,0
2023-09-29,-0.00271316867551441,0.17999999999999972,-0.009999999999999787,0.0,0.0,-0.020000000000000018,0.10701372689110007,0.009999999999999787,0
2023-10-02,7.928697692172193e-05,0.08999999999999986,0.08999999999999986,0.10000000000000053,0.0,0.0,0.10734012960311558,0.010000000000000675,0
2023-10-03,-0.013839410161484267,2.1700000000000017,0.03000000000000025,0.11999999999999922,0.0,0.040000000000000036,0.11319025247795177,0.08999999999999897,0
2023-10-04,0.008077093787001388,-1.2000000000000028,-0.10000000000000053,-0.07999999999999918,0.0,0.010000000000000009,0.11952513722859814,0.02000000000000135,0
2023-10-05,-0.0013048673867483984,-0.08999999999999986,-0.019999999999999574,-0.010000000000000675,0.0,0.020000000000000018,0.11846969430607884,0.009999999999998899,0
2023-10-06,0.011745628333713398,-1.0399999999999991,0.04999999999999982,0.0600000000000005,0.0,-0.010000000000000009,0.12791446830451936,0.010000000000000675,0
2023-10-09,0.00628403208104622,0.25,0.0,0.0,0.0,0.0,0.13042160039389075,0.0,0
2023-10-10,0.0051944583608865,-0.6699999999999982,-0.1200000000000001,-0.1200000000000001,0.0,-0.010000000000000009,0.12935426432278518,0.0,0
2023-10-11,0.0042838286545681115,-0.9400000000000013,0.03000000000000025,-0.08000000000000007,0.0,-0.010000000000000009,0.12978119482935097,-0.11000000000000032,0
2023-10-12,-0.006265948885271655,0.6000000000000014,0.0699999999999994,0.1200000000000001,0.0,0.010000000000000009,0.13081089270581012,0.05000000000000071,0
2023-10-13,-0.005031477449687571,2.629999999999999,-0.019999999999999574,-0.07000000000000028,0.0,-0.010000000000000009,0.12650599844710514,-0.05000000000000071,0
2023-10-16,0.010538619453747344,-2.1099999999999994,0.04999999999999982,0.08000000000000007,0.0,0.010000000000000009,0.12768498653190588,0.03000000000000025,0
2023-10-17,-9.832133478049343e-05,0.6699999999999982,0.10000000000000053,0.1200000000000001,0.0,-0.030000000000000027,0.12759127308472376,0.019999999999999574,0
2023-10-18,-0.013490386223825368,1.3399999999999999,0.0,0.08000000000000007,0.0,-0.020000000000000018,0.13486823755487717,0.08000000000000007,1
2023-10-19,-0.008519009694152757,2.1799999999999997,-0.05000000000000071,0.07000000000000028,0.0,0.040000000000000036,0.13421376860880438,0.120000000000001,1
2023-10-20,-0.012665186185758515,0.3100000000000023,-0.0699999999999994,-0.05000000000000071,0.0,0.05999999999999983,0.1292777379735123,0.019999999999998685,1
2023-10-23,-0.0016869643388464084,-1.3399999999999999,-0.020000000000000462,-0.0699999999999994,0.0,-0.029999999999999805,0.12922835393210494,-0.049999999999998934,0
2023-10-24,0.007239491399758435,-1.4000000000000021,-0.03000000000000025,-0.03000000000000025,0.0,-0.010000000000000009,0.13131782604353104,0.0,1
2023-10-25,-0.01444339793934546,1.2200000000000024,0.0600000000000005,0.1200000000000001,0.0,-0.010000000000000009,0.13079163607977176,0.05999999999999961,1
2023-10-26,-0.011903071819741484,0.48999999999999844,-0.0600000000000005,-0.08999999999999986,0.0,-0.010000000000000009,0.13602966384351373,-0.02999999999999936,1
2023-10-27,-0.004811871761209119,0.5899999999999999,-0.02999999999999936,-0.020000000000000462,0.0,0.05999999999999983,0.13369222716955917,0.009999999999998899,0
2023-10-30,0.011938544947970087,-1.5199999999999996,0.040000000000000036,0.040000000000000036,0.0,-0.019999999999999796,0.14216103959609608,0.0,0
2023-10-31,0.0064540892074660405,-1.6099999999999994,0.040000000000000036,0.0,0.0,-0.010000000000000009,0.14467046167260908,-0.040000000000000036,0
2023-11-01,0.010451180679737604,-1.2699999999999996,-0.1200000000000001,-0.11000000000000032,0.0,0.05999999999999983,0.14208677945189474,0.009999999999999787,0
2023-11-02,0.018682956430735587,-1.2100000000000009,0.03000000000000025,-0.09999999999999964,0.0,-0.06999999999999984,0.15385684761934465,-0.1299999999999999,0
2023-11-03,0.009349869637437891,-0.75,-0.15000000000000036,-0.09999999999999964,0.0,0.020000000000000018,0.1565977427154408,0.05000000000000071,0
2023-11-06,0.0017514263468019209,-0.019999999999999574,0.09999999999999964,0.09999999999999964,0.0,-0.020000000000000018,0.15179618814446025,0.0,0
2023-11-07,0.00283611569324016,-0.08000000000000007,-0.019999999999999574,-0.08999999999999986,0.0,-0.010000000000000009,0.1506438521188788,-0.07000000000000028,0
2023-11-08,0.0010044332873562212,-0.3600000000000012,0.019999999999999574,-0.08999999999999986,0.0,0.010000000000000009,0.1496832312266487,-0.10999999999999943,0
2023-11-09,-0.008116762182437398,0.8399999999999999,0.10000000000000053,0.1299999999999999,0.0,-0.010000000000000009,0.15164183123272726,0.02999999999999936,0
2023-11-10,0.015495728650984475,-1.1199999999999992,0.009999999999999787,-0.009999999999999787,0.0,-0.030000000000000027,0.15943363162950733,-0.019999999999999574,0
2023-11-13,-0.0008360910851976655,0.5899999999999999,-0.020000000000000462,0.019999999999999574,0.0,-0.010000000000000009,0.1581864575060954,0.040000000000000036,0
2023-11-14,0.018895282757299015,-0.5999999999999996,-0.21999999999999975,-0.1899999999999995,0.0,0.040000000000000036,0.16699705519616176,0.03000000000000025,0
2023-11-15,0.0015958076771482865,0.019999999999999574,0.10000000000000053,0.08999999999999986,0.0,-0.030000000000000027,0.1669200302154099,-0.010000000000000675,0
2023-11-16,0.0011896413835668085,0.14000000000000057,-0.07000000000000028,-0.08000000000000007,0.0,0.010000000000000009,0.1579334262362031,-0.009999999999999787,0
2023-11-17,0.0012812755985169844,-0.5199999999999996,0.04999999999999982,-0.009999999999999787,0.0,-0.030000000000000027,0.15321649156714887,-0.05999999999999961,0
2023-11-20,0.0073631338909265764,-0.39000000000000057,0.009999999999999787,-0.020000000000000462,0.0,-0.020000000000000018,0.14354761930399967,-0.03000000000000025,0
2023-11-21,-0.002022988790832514,-0.0600000000000005,-0.02999999999999936,-0.009999999999999787,0.0,0.010000000000000009,0.14370556457707687,0.019999999999999574,0
2023-11-22,0.004052866464977711,-0.5,0.02999999999999936,0.009999999999999787,0.0,-0.06000000000000005,0.14308196862262273,-0.019999999999999574,0
2023-11-24,0.0005967555980319617,-0.3899999999999988,0.03000000000000025,0.04999999999999982,0.0,0.010000000000000009,0.1282403023442375,0.019999999999999574,0
2023-11-27,-0.001956142216799961,0.22999999999999865,-0.08000000000000007,-0.08000000000000007,0.0,-0.010000000000000009,0.11675472552047328,0.0,0
2023-11-28,0.0009796471418237473,0.0,-0.10999999999999943,-0.04999999999999982,0.0,0.040000000000000036,0.11256243306154404,0.05999999999999961,0
2023-11-29,-0.0009466837674256823,0.2900000000000009,-0.09000000000000075,-0.07000000000000028,0.0,-0.030000000000000027,0.11111974489710302,0.020000000000000462,0
2023-11-30,0.003776991191685397,-0.0600000000000005,0.09000000000000075,0.10000000000000053,0.0,-0.050000000000000044,0.11082064937321043,0.009999999999999787,0
2023-12-01,0.00585654170061467,-0.28999999999999915,-0.17000000000000082,-0.15000000000000036,0.0,0.040000000000000036,0.1086068564151232,0.020000000000000462,0
2023-12-04,-0.0054231665551185415,0.4499999999999993,0.08000000000000007,0.0600000000000005,0.0,-0.040000000000000036,0.09877999420856899,-0.019999999999999574,0
2023-12-05,-0.0005691170958783687,-0.23000000000000043,-0.0699999999999994,-0.10000000000000053,0.0,-0.020000000000000018,0.09631310141851389,-0.030000000000001137,0
2023-12-06,-0.00391377911138413,0.120000000000001,0.02999999999999936,-0.05999999999999961,0.0,-0.020000000000000018,0.0986382218510246,-0.08999999999999897,0
2023-12-07,0.00793661041331184,0.08999999999999986,-0.019999999999999574,0.019999999999999574,0.0,0.0,0.10076911337284547,0.03999999999999915,0
2023-12-08,0.004087074621006437,-0.7100000000000009,0.1299999999999999,0.09000000000000075,0.0,-0.019999999999999796,0.10087330541389669,-0.03999999999999915,0
2023-12-11,0.003916851675080935,0.28000000000000114,0.0,0.0,0.0,0.0,0.09348528453458857,0.0,0
2023-12-12,0.004588758060085851,-0.5600000000000005,0.020000000000000462,-0.03000000000000025,0.0,-0.010000000000000009,0.08192073396866902,-0.05000000000000071,0
2023-12-13,0.013558420429298224,0.11999999999999922,-0.27000000000000046,-0.16000000000000014,0.0,0.010000000000000009,0.0895696041731392,0.11000000000000032,0
2023-12-14,0.00264357337426091,0.2900000000000009,-0.08999999999999986,-0.1200000000000001,0.0,-0.040000000000000036,0.06868977505810778,-0.03000000000000025,0
2023-12-15,-7.628136810033936e-05,-0.20000000000000107,0.07000000000000028,-0.009999999999999787,0.0,0.0,0.0691526870327067,-0.08000000000000007,0
2023-12-18,0.004518097487249406,0.28000000000000114,-0.010000000000000675,0.040000000000000036,0.0,0.010000000000000009,0.06947960782180806,0.05000000000000071,0
2023-12-19,0.005849255234901207,-0.030000000000001137,-0.019999999999999574,-0.020000000000000018,0.0,-0.010000000000000009,0.07035527083233187,-4.440892098500626e-16,0
2023-12-20,-0.014793144174520378,1.1400000000000006,-0.07000000000000028,-0.07000000000000028,0.0,0.05999999999999983,0.09048196737366873,0.0,0
2023-12-21,0.010248790092495241,-0.019999999999999574,-0.009999999999999787,0.03000000000000025,0.0,0.010000000000000009,0.09427396547697454,0.040000000000000036,0
2023-12-22,0.0016587067997893001,-0.620000000000001,-0.020000000000000462,0.009999999999999787,0.0,0.010000000000000009,0.09402623422092907,0.03000000000000025,0
2023-12-26,0.004222736399949412,-0.03999999999999915,-0.04999999999999982,-0.009999999999999787,0.0,-0.010000000000000009,0.09417082678408845,0.040000000000000036,0
2023-12-27,0.0014294192776826975,-0.5600000000000005,-0.05999999999999961,-0.10000000000000009,0.0,0.0,0.09301209704449599,-0.04000000000000048,0
2023-12-28,0.0003701020331980942,0.040000000000000924,0.05999999999999961,0.04999999999999982,0.0,-0.019999999999999796,0.09314990002707307,-0.009999999999999787,0
2023-12-29,-0.002830472999853839,-0.02000000000000135,-0.02999999999999936,0.040000000000000036,0.0,-0.010000000000000009,0.09420753117102469,0.0699999999999994,0
2024-01-02,-0.0056766608929663676,0.75,0.09999999999999964,0.07000000000000028,0.0,0.010000000000000009,0.09788533081047632,-0.02999999999999936,0
2024-01-03,-0.008048614308973967,0.8399999999999999,0.0,-0.040000000000000036,0.0,0.039999999999999813,0.10235735073877121,-0.040000000000000036,0
2024-01-04,-0.003434296699870387,0.09000000000000163,0.04999999999999982,0.08000000000000007,0.0,-0.010000000000000009,0.10097589466886504,0.03000000000000025,0
2024-01-05,0.0018240092336760938,-0.7800000000000011,0.020000000000000462,0.05999999999999961,0.0,0.0,0.10078080388034047,0.03999999999999915,0
2024-01-08,0.01401598713236396,-0.2699999999999996,-0.040000000000000036,-0.040000000000000036,0.0,0.0,0.10789801741750359,0.0,0
2024-01-09,-0.0014789856520085465,-0.3200000000000003,0.0,0.009999999999999787,0.0,-0.020000000000000018,0.10650127573732007,0.009999999999999787,0
2024-01-10,0.005649939819610594,-0.07000000000000028,0.009999999999999787,0.020000000000000462,0.0,-0.039999999999999813,0.10707086419473055,0.010000000000000675,0
2024-01-11,-0.0006712890360400792,-0.25,-0.11000000000000032,-0.06000000000000005,0.0,0.039999999999999813,0.1071167151768001,0.050000000000000266,0
2024-01-12,0.0007507264519421852,0.2599999999999998,-0.1200000000000001,-0.020000000000000018,0.0,0.010000000000000009,0.10659053181957324,0.10000000000000009,0
2024-01-16,-0.003738298623245484,1.1400000000000006,0.08000000000000007,0.11000000000000032,0.0,0.010000000000000009,0.0982798531094821,0.03000000000000025,0
2024-01-17,-0.0056327271267555545,0.9499999999999993,0.1200000000000001,0.02999999999999936,0.0,-0.020000000000000018,0.10026478146742734,-0.09000000000000075,0
2024-01-18,0.008766724739531995,-0.6599999999999984,0.0,0.040000000000000036,0.0,-0.009999999999999787,0.10454807611149618,0.040000000000000036,0
2024-01-19,0.012238283870230404,-0.8300000000000001,0.04999999999999982,0.010000000000000675,0.0,-0.030000000000000027,0.11137356317736602,-0.03999999999999915,0
2024-01-22,0.0021918970535104165,-0.11000000000000121,-0.019999999999999574,-0.040000000000000036,0.0,0.0,0.1100746296578548,-0.020000000000000462,0
2024-01-23,0.002917131506229964,-0.6399999999999988,-0.0600000000000005,0.02999999999999936,0.0,0.030000000000000027,0.09442182385709492,0.08999999999999986,0
2024-01-24,0.0008116591682760799,0.5899999999999999,0.03000000000000025,0.040000000000000036,0.0,-0.010000000000000009,0.08911038647807856,0.009999999999999787,0
2024-01-25,0.0052465060919910655,0.3099999999999987,-0.05999999999999961,-0.040000000000000036,0.0,-0.010000000000000009,0.09019986716468198,0.019999999999999574,0
2024-01-26,-0.0006520097562336957,-0.1899999999999995,0.05999999999999961,0.010000000000000675,0.0,-0.020000000000000018,0.08984226717185524,-0.049999999999998934,0
2024-01-29,0.0075283737614562085,0.33999999999999986,-0.04999999999999982,-0.07000000000000028,0.0,0.020000000000000018,0.09252936752166943,-0.020000000000000462,0
2024-01-30,-0.0006008383499374048,-0.28999999999999915,0.07000000000000028,-0.020000000000000462,0.0,-0.020000000000000018,0.09273115597393457,-0.09000000000000075,0
2024-01-31,-0.016236787963986643,1.0399999999999991,-0.09000000000000075,-0.0699999999999994,0.0,0.030000000000000027,0.1103696117926887,0.02000000000000135,0
2024-02-01,0.012416277903485096,-0.46999999999999886,-0.0699999999999994,-0.1200000000000001,0.0,0.019999999999999796,0.11480012777974617,-0.05000000000000071,0
2024-02-02,0.010627786351802726,-0.030000000000001137,0.16000000000000014,0.16000000000000014,0.0,-0.039999999999999813,0.11321563683492464,0.0,0
2024-02-05,-0.0031914641356145523,-0.17999999999999972,0.09999999999999964,0.13999999999999968,0.0,-0.030000000000000027,0.11305822455376592,0.040000000000000036,0
2024-02-06,0.002307761728426172,-0.6099999999999994,-0.07000000000000028,-0.08000000000000007,0.0,0.020000000000000018,0.11303347027900858,-0.009999999999999787,0
2024-02-07,0.008207666921331125,-0.23000000000000043,0.020000000000000462,0.0,0.0,0.020000000000000018,0.10724344619505807,-0.020000000000000462,0
2024-02-08,0.0005704010073621646,-0.040000000000000924,0.04999999999999982,0.0600000000000005,0.0,0.0,0.10657608768841072,0.010000000000000675,0
2024-02-09,0.00572597559086141,0.14000000000000057,0.020000000000000462,0.019999999999999574,0.0,-0.010000000000000009,0.1066060058003065,-8.881784197001252e-16,0
2024-02-12,-0.0009494002275562963,1.0,-0.020000000000000462,0.0,0.0,-0.010000000000000009,0.10670998567843615,0.020000000000000462,0
2024-02-13,-0.013768624761212322,1.92,0.17999999999999972,0.13999999999999968,0.0,-0.040000000000000036,0.1204206851426116,-0.040000000000000036,0
2024-02-14,0.009534129096895327,-1.4699999999999989,-0.08000000000000007,-0.040000000000000036,0.0,0.020000000000000018,0.1216990568800768,0.040000000000000036,0
2024-02-15,0.005804399991795606,-0.370000000000001,0.0,-0.02999999999999936,0.0,0.010000000000000009,0.11873218037668329,-0.02999999999999936,0
2024-02-16,-0.0048150123419912205,0.23000000000000043,0.08000000000000007,0.05999999999999961,0.0,-0.040000000000000036,0.11949922507962395,-0.020000000000000462,0
2024-02-20,-0.006023414477223099,1.1799999999999997,-0.04999999999999982,-0.03000000000000025,0.0,0.030000000000000027,0.11685935710136572,0.019999999999999574,0
2024-02-21,0.0012633935945860486,-0.08000000000000007,0.04999999999999982,0.05000000000000071,0.0,-0.020000000000000018,0.11681600303110545,8.881784197001252e-16,0
2024-02-22,0.02090289169482773,-0.8000000000000007,0.05000000000000071,0.009999999999999787,0.0,-0.050000000000000044,0.1351784510866633,-0.040000000000000924,0
2024-02-23,0.00034788317372758115,-0.7899999999999991,-0.020000000000000462,-0.07000000000000028,0.0,0.0,0.13524492979852662,-0.04999999999999982,0
2024-02-26,-0.00379393524610272,-0.009999999999999787,0.020000000000000462,0.020000000000000462,0.0,0.040000000000000036,0.13622295871834578,0.0,0
2024-02-27,0.0017048185442885,-0.3100000000000005,0.009999999999999787,0.02999999999999936,0.0,0.0,0.13595976645815416,0.019999999999999574,0
2024-02-28,-0.0016594504761027196,0.41000000000000014,-0.0600000000000005,-0.040000000000000036,0.0,0.020000000000000018,0.13479288553385282,0.020000000000000462,0
2024-02-29,0.005215420393339443,-0.4399999999999995,0.0,-0.019999999999999574,0.0,0.0,0.1352366956347047,-0.019999999999999574,0
2024-03-01,0.00797592505779221,-0.2900000000000009,-0.09999999999999964,-0.05999999999999961,0.0,0.020000000000000018,0.12009814729240237,0.040000000000000036,0
2024-03-04,-0.001193997432469729,0.3800000000000008,0.07000000000000028,0.02999999999999936,0.0,0.0,0.11550663361930628,-0.040000000000000924,0
2024-03-05,-0.010245348981573699,0.9700000000000006,-0.07000000000000028,-0.08999999999999986,0.0,0.020000000000000018,0.11875081649666483,-0.019999999999999574,0
2024-03-06,0.005127959537251314,0.03999999999999915,0.009999999999999787,-0.019999999999999574,0.0,-0.020000000000000018,0.11842474586074184,-0.02999999999999936,0
2024-03-07,0.01025138288139793,-0.0600000000000005,-0.04999999999999982,-0.020000000000000462,0.0,0.020000000000000018,0.12221408411329347,0.02999999999999936,0
2024-03-08,-0.006549938065646188,0.3000000000000007,-0.019999999999999574,0.0,0.0,0.0,0.1233246503796407,0.019999999999999574,0
2024-03-11,-0.001122868255180265,0.4800000000000004,0.02999999999999936,0.009999999999999787,0.0,0.0,0.12357466838688078,-0.019999999999999574,0
2024-03-12,0.011139497364013096,-1.3800000000000008,0.07000000000000028,0.0600000000000005,0.0,-0.040000000000000036,0.12747292062116672,-0.009999999999999787,0
2024-03-13,-0.001926391571869246,-0.08999999999999986,0.03000000000000025,0.03000000000000025,0.0,0.0,0.12774327446848183,0.0,0
2024-03-14,-0.002875205915668033,0.6500000000000004,0.0699999999999994,0.09999999999999964,0.0,-0.020000000000000018,0.11659518118853533,0.03000000000000025,0
2024-03-15,-0.006503996116926203,0.009999999999999787,0.040000000000000036,0.019999999999999574,0.0,-0.040000000000000036,0.11653133976076252,-0.020000000000000462,0
2024-03-18,0.006298168875158439,-0.08000000000000007,0.010000000000000675,0.03000000000000025,0.0,0.0,0.11679495108226312,0.019999999999999574,0
2024-03-19,0.0056332831318908205,-0.5099999999999998,-0.05000000000000071,-0.040000000000000036,0.0,0.010000000000000009,0.1157083390554765,0.010000000000000675,0
2024-03-20,0.008864697827339896,-0.7800000000000011,-0.08999999999999986,-0.03000000000000025,0.0,0.06000000000000005,0.1148111240839943,0.05999999999999961,0
2024-03-21,0.0032313725131380977,-0.11999999999999922,0.03000000000000025,0.0,0.0,-0.030000000000000027,0.11478393725548636,-0.03000000000000025,0
2024-03-22,-0.001403246406415093,0.14000000000000057,-0.03000000000000025,-0.04999999999999982,0.0,0.0,0.09357708650666204,-0.019999999999999574,0
2024-03-25,-0.003059595569942175,0.129999999999999,-0.04999999999999982,0.03000000000000025,0.0,0.0,0.09477727145541957,0.08000000000000007,0
2024-03-26,-0.0028037482252578627,0.05000000000000071,0.019999999999999574,-0.009999999999999787,0.0,0.0,0.09418064162368395,-0.02999999999999936,0
2024-03-27,0.008593565940708814,-0.46000000000000085,-0.019999999999999574,-0.040000000000000036,0.0,0.010000000000000009,0.09756872767551289,-0.020000000000000462,0
2024-03-28,0.001115888770669926,0.23000000000000043,0.04999999999999982,0.0,0.0,-0.040000000000000036,0.09688222436457561,-0.04999999999999982,0
2024-04-01,-0.0020155996658246522,0.6400000000000006,0.1299999999999999,0.1299999999999999,0.0,-0.010000000000000009,0.09681723227046837,0.0,0
2024-04-02,-0.007265395734467717,0.9599999999999991,-0.019999999999999574,0.03000000000000025,0.0,0.020000000000000018,0.0980794684193968,0.04999999999999982,0
2024-04-03,0.0010904938060498637,-0.27999999999999936,-0.020000000000000462,0.0,0.0,-0.020000000000000018,0.0978623373945176,0.020000000000000462,0
2024-04-04,-0.01241098305745858,2.0200000000000014,-0.02999999999999936,-0.05000000000000071,0.0,0.020000000000000018,0.10115790541433398,-0.02000000000000135,0
2024-04-05,0.011038072569657942,-0.3200000000000003,0.08000000000000007,0.08000000000000007,0.0,-0.020000000000000018,0.10639880668557171,0.0,0
2024-04-08,-0.00037475749305038164,-0.8400000000000016,0.04999999999999982,0.03000000000000025,0.0,-0.030000000000000027,0.10088077864692638,-0.019999999999999574,0
2024-04-09,0.0014444457627025287,-0.20999999999999908,-0.040000000000000036,-0.05999999999999961,0.0,-0.020000000000000018,0.09767761167687906,-0.019999999999999574,0
2024-04-10,-0.009501978333886996,0.8200000000000003,0.22999999999999954,0.1899999999999995,0.0,-0.040000000000000036,0.10386684250689221,-0.040000000000000036,0
2024-04-11,0.007417237205871174,-0.8900000000000006,-0.040000000000000036,0.009999999999999787,0.0,0.010000000000000009,0.0997336462385323,0.04999999999999982,0
2024-04-12,-0.014657607029448627,2.3999999999999986,-0.04999999999999982,-0.05999999999999961,0.0,0.040000000000000036,0.11216020467262751,-0.009999999999999787,0
2024-04-15,-0.012094130563305328,1.9200000000000017,0.04999999999999982,0.1299999999999999,0.0,0.010000000000000009,0.1190698483223062,0.08000000000000007,0
2024-04-16,-0.002058690186348855,-0.8300000000000018,0.040000000000000036,0.040000000000000036,0.0,0.0,0.11738310739056212,0.0,0
2024-04-17,-0.005797336366097028,-0.18999999999999773,-0.040000000000000036,-0.08000000000000007,0.0,0.020000000000000018,0.1158756987715612,-0.040000000000000036,0
2024-04-18,-0.0022106328639264206,-0.21000000000000085,0.05000000000000071,0.04999999999999982,0.0,-0.010000000000000009,0.11321015868640211,-8.881784197001252e-16,0
2024-04-19,-0.008797102336545848,0.7100000000000009,-0.010000000000000675,-0.019999999999999574,0.0,-0.010000000000000009,0.10916930766783964,-0.009999999999998899,0
2024-04-22,0.00869332773488729,-1.7699999999999996,0.0,0.0,0.0,0.0,0.11424459375499128,0.0,0
2024-04-23,0.011893624576652329,-1.2500000000000018,-0.10999999999999943,-0.009999999999999787,0.0,0.0,0.12418639207899027,0.09999999999999964,0
2024-04-24,0.00021297196541247843,0.28000000000000114,0.02999999999999936,0.040000000000000036,0.0,0.020000000000000018,0.12419010876213302,0.010000000000000675,0
2024-04-25,-0.004586941901457919,-0.6000000000000014,0.07000000000000028,0.04999999999999982,0.0,-0.010000000000000009,0.12460485860919099,-0.020000000000000462,0
2024-04-26,0.010157373516559431,-0.33999999999999986,0.0,-0.03000000000000025,0.0,-0.020000000000000018,0.12629797367991932,-0.03000000000000025,0
2024-04-29,0.003173415687477643,-0.35999999999999943,0.009999999999999787,-0.040000000000000036,0.0,0.0,0.12700676328688287,-0.04999999999999982,0
2024-04-30,-0.015855554753445134,0.9800000000000004,0.07000000000000028,0.0600000000000005,0.0,-0.010000000000000009,0.13670998362002426,-0.009999999999999787,0
2024-05-01,-0.003441392364873508,-0.2599999999999998,-0.08000000000000007,-0.0600000000000005,0.0,-0.010000000000000009,0.13546500645093043,0.019999999999999574,0
2024-05-02,0.009087013401336108,-0.7100000000000009,-0.08999999999999986,-0.04999999999999982,0.0,0.040000000000000036,0.14031995453066165,0.040000000000000036,0
2024-05-03,0.01247858860899953,-1.1899999999999995,-0.0600000000000005,-0.08000000000000007,0.0,0.020000000000000018,0.14211082461805483,-0.019999999999999574,0
2024-05-06,0.010273136069377742,0.0,0.010000000000000675,-0.009999999999999787,0.0,-0.020000000000000018,0.14137278347369517,-0.020000000000000462,0
2024-05-07,0.0013425358193490666,-0.2599999999999998,0.0,-0.020000000000000462,0.0,-0.020000000000000018,0.14147367681746348,-0.020000000000000462,0
2024-05-08,-5.7829262942732385e-06,-0.23000000000000043,0.019999999999999574,0.010000000000000675,0.0,0.020000000000000018,0.14135886902191408,-0.009999999999998899,0
2024-05-09,0.0050780025958907515,-0.3100000000000005,-0.040000000000000036,-0.03000000000000025,0.0,0.010000000000000009,0.1382639220893972,0.009999999999999787,0
2024-05-10,0.001648021406346345,-0.1399999999999988,0.07000000000000028,0.04999999999999982,0.0,0.0,0.13604885417684437,-0.020000000000000462,0
2024-05-13,-0.0002412845541712727,1.049999999999999,-0.020000000000000462,-0.019999999999999574,0.0,0.0,0.1248993883361981,8.881784197001252e-16,0
2024-05-14,0.0048261000617184635,-0.17999999999999972,-0.040000000000000036,-0.03000000000000025,0.0,0.0,0.11616292250331706,0.009999999999999787,0
2024-05-15,0.011647879688046814,-0.9700000000000006,-0.07999999999999918,-0.08999999999999986,0.0,0.010000000000000009,0.1201965332521036,-0.010000000000000675,0
2024-05-16,-0.002083874307301059,-0.02999999999999936,0.04999999999999982,0.019999999999999574,0.0,-0.020000000000000018,0.11768286072430935,-0.03000000000000025,0
2024-05-17,0.0011641104408202096,-0.4299999999999997,0.04999999999999982,0.040000000000000036,0.0,0.010000000000000009,0.11654233837897682,-0.009999999999999787,0
2024-05-20,0.0009159960683451374,0.16000000000000014,-0.009999999999999787,0.020000000000000462,0.0,-0.010000000000000009,0.10908949990071107,0.03000000000000025,0
2024-05-21,0.0024986983273898034,-0.2900000000000009,0.0,-0.03000000000000025,0.0,0.010000000000000009,0.10722569791736916,-0.03000000000000025,0
2024-05-22,-0.0027097176835475523,0.4299999999999997,0.040000000000000036,0.019999999999999574,0.0,-0.020000000000000018,0.10360588132232496,-0.020000000000000462,0
2024-05-23,-0.007408176785643761,0.4800000000000004,0.04999999999999982,0.040000000000000036,0.0,-0.010000000000000009,0.10866047835440118,-0.009999999999999787,0
2024-05-24,0.006976578915070419,-0.8399999999999999,0.019999999999999574,-0.009999999999999787,0.0,0.010000000000000009,0.10746313668952967,-0.02999999999999936,0
2024-05-28,0.00024880404548,0.9900000000000002,0.010000000000000675,0.08000000000000007,0.0,-0.010000000000000009,0.10382222476076618,0.0699999999999994,0
2024-05-29,-0.007394346936504093,1.3599999999999994,0.019999999999999574,0.07000000000000028,0.0,0.020000000000000018,0.10851924732721377,0.05000000000000071,0
2024-05-30,-0.0059929167225423186,0.19000000000000128,-0.040000000000000036,-0.0600000000000005,0.0,-0.010000000000000009,0.093054901982713,-0.020000000000000462,0
2024-05-31,0.007995864911521267,-1.5500000000000007,-0.03000000000000025,-0.040000000000000036,0.0,0.0,0.09329024690396957,-0.009999999999999787,0
2024-06-03,0.0011154342969863507,0.1899999999999995,-0.0699999999999994,-0.09999999999999964,0.0,0.010000000000000009,0.09012095488736582,-0.03000000000000025,0
2024-06-04,0.0015016920495654063,0.05000000000000071,-0.05000000000000071,-0.08000000000000007,0.0,0.020000000000000018,0.08169486757045381,-0.02999999999999936,0
2024-06-05,0.011778026448059364,-0.5299999999999994,-0.04999999999999982,-0.040000000000000036,0.0,0.040000000000000036,0.08386966017825712,0.009999999999999787,0
2024-06-06,-0.0001998694317570937,-0.05000000000000071,0.0,-0.009999999999999787,0.0,-0.030000000000000027,0.08409151423262992,-0.009999999999999787,0
2024-06-07,-0.001115893180715588,-0.35999999999999943,0.15000000000000036,0.14999999999999947,0.0,-0.040000000000000036,0.08442811934357232,-8.881784197001252e-16,0
2024-06-10,0.0025775665246072776,0.5199999999999996,0.0,0.040000000000000036,0.0,0.0,0.0835100398434203,0.040000000000000036,0
2024-06-11,0.002706754843456949,0.10999999999999943,-0.0600000000000005,-0.08000000000000007,0.0,0.020000000000000018,0.08364265022185417,-0.019999999999999574,0
2024-06-12,0.008467727171883155,-0.8100000000000005,-0.05999999999999961,-0.08000000000000007,0.0,0.0,0.0869036275142299,-0.020000000000000462,0
2024-06-13,0.0023418286723053683,-0.09999999999999964,-0.07000000000000028,-0.0699999999999994,0.0,0.030000000000000027,0.08623229974638104,8.881784197001252e-16,0
2024-06-14,-0.00039391312700232106,0.7200000000000006,-0.009999999999999787,-0.040000000000000036,0.0,0.020000000000000018,0.07840727524985037,-0.03000000000000025,0
2024-06-17,0.007635185920104703,0.08999999999999986,0.08000000000000007,0.08000000000000007,0.0,-0.010000000000000009,0.08063935412270368,0.0,0
2024-06-18,0.002518189767846124,-0.4499999999999993,-0.05999999999999961,-0.0600000000000005,0.0,0.0,0.08069250960619319,-8.881784197001252e-16,0
2024-06-20,-0.002529152276068203,0.9799999999999986,0.009999999999999787,0.03000000000000025,0.0,0.020000000000000018,0.08194516212703554,0.020000000000000462,0
2024-06-21,-0.0015633874377698476,-0.08000000000000007,0.0,0.0,0.0,0.010000000000000009,0.08250143780765254,0.0,0
2024-06-24,-0.0030698792217993542,0.13000000000000078,0.009999999999999787,0.0,0.0,-0.020000000000000018,0.08272916587612557,-0.009999999999999787,0
2024-06-25,0.003925930900576802,-0.4900000000000002,-0.05999999999999961,-0.019999999999999574,0.0,0.020000000000000018,0.07689894308298253,0.040000000000000036,0
2024-06-26,0.0015711783413401292,-0.28999999999999915,0.05999999999999961,0.08999999999999986,0.0,0.0,0.07454652551385932,0.03000000000000025,0
2024-06-27,0.0009068706560970696,-0.3100000000000005,-0.009999999999999787,-0.03000000000000025,0.0,0.0,0.0744388255070518,-0.020000000000000462,0
2024-06-28,-0.004091988512145761,0.1999999999999993,0.009999999999999787,0.07000000000000028,0.0,0.0,0.07019073450552647,0.0600000000000005,0
2024-07-01,0.002672015942936312,-0.21999999999999886,0.05999999999999961,0.1200000000000001,0.0,0.0,0.06437320286353501,0.0600000000000005,0
2024-07-02,0.006176219776783398,-0.19000000000000128,-0.02999999999999936,-0.05000000000000071,0.0,0.010000000000000009,0.0625676197993818,-0.02000000000000135,0
2024-07-03,0.005071516198198012,0.0600000000000005,-0.03000000000000025,-0.0699999999999994,0.0,-0.030000000000000027,0.06332386020568678,-0.03999999999999915,0
2024-07-05,0.005433988413196644,0.39000000000000057,-0.11000000000000032,-0.08000000000000007,0.0,0.030000000000000027,0.06421081450510376,0.03000000000000025,0
2024-07-08,0.0010161544279974066,-0.11000000000000121,0.020000000000000462,0.0,0.0,-0.020000000000000018,0.05454301354399283,-0.020000000000000462,0
2024-07-09,0.0007408185037576231,0.14000000000000057,0.0,0.019999999999999574,0.0,0.020000000000000018,0.05418121137339002,0.019999999999999574,0
2024-07-10,0.010156283642139385,0.33999999999999986,0.0,-0.019999999999999574,0.0,0.0,0.05990665692620572,-0.019999999999999574,0
2024-07-11,-0.008801629230175578,0.07000000000000028,-0.1200000000000001,-0.08000000000000007,0.0,0.020000000000000018,0.07153499948890674,0.040000000000000036,0
2024-07-12,0.005501853628775422,-0.4599999999999991,-0.04999999999999982,-0.020000000000000462,0.0,0.0,0.07255693686608392,0.02999999999999936,0
2024-07-15,0.0028221956620431143,0.6599999999999984,-0.009999999999999787,0.05000000000000071,0.0,0.0,0.06883492918839099,0.0600000000000005,0
2024-07-16,0.006369053660041146,0.07000000000000028,-0.010000000000000675,-0.0600000000000005,0.0,-0.020000000000000018,0.0706165478829851,-0.04999999999999982,0
2024-07-17,-0.014025410555021267,1.290000000000001,-0.009999999999999787,-0.009999999999999787,0.0,0.0,0.08966580052582482,0.0,0
2024-07-18,-0.00784708046968241,1.4499999999999993,0.040000000000000036,0.040000000000000036,0.0,0.010000000000000009,0.09200965017027027,0.0,0
2024-07-19,-0.007165907407030048,0.5899999999999999,0.03000000000000025,0.04999999999999982,0.0,0.0,0.09553613868966773,0.019999999999999574,0
2024-07-22,0.010734189165974684,-1.6099999999999994,0.009999999999999787,0.009999999999999787,0.0,0.010000000000000009,0.1016895990615969,0.0,0
2024-07-23,-0.0015593317997986134,-0.1899999999999995,-0.09999999999999964,-0.009999999999999787,0.0,0.010000000000000009,0.10168841876573873,0.08999999999999986,0
2024-07-24,-0.0234211784438898,3.3199999999999985,-0.03000000000000025,0.03000000000000025,0.0,0.05999999999999983,0.1314872441883263,0.0600000000000005,0
2024-07-25,-0.005155950404247989,0.4200000000000017,0.040000000000000036,-0.010000000000000675,0.0,-0.029999999999999805,0.131676085570182,-0.05000000000000071,0
2024-07-26,0.011029442312487703,-2.0700000000000003,-0.04999999999999982,-0.0699999999999994,0.0,0.029999999999999805,0.13759707232575685,-0.019999999999999574,0
2024-07-29,0.0008129903108695657,0.21000000000000085,0.0,-0.03000000000000025,0.0,0.010000000000000009,0.1375882528251454,-0.03000000000000025,0
2024-07-30,-0.004972496433737206,1.0899999999999999,-0.010000000000000675,-0.019999999999999574,0.0,-0.010000000000000009,0.1379380131542562,-0.009999999999998899,0
2024-07-31,0.015670005291918088,-1.3300000000000018,-0.05999999999999961,-0.0600000000000005,0.0,0.030000000000000027,0.14831825879832228,-8.881784197001252e-16,0
2024-08-01,-0.013788191433052432,2.2300000000000004,-0.1299999999999999,-0.09999999999999964,0.0,0.030000000000000027,0.15453042915165213,0.03000000000000025,1
2024-08-02,-0.018552885294603527,4.800000000000001,-0.28000000000000025,-0.1900000000000004,0.0,0.09000000000000008,0.16503082578758022,0.08999999999999986,1
2024-08-05,-0.030427045496882243,15.18,0.010000000000000231,-0.020000000000000018,0.0,0.050000000000000044,0.1903952664740009,-0.03000000000000025,1
2024-08-06,0.010300905557720341,-10.86,0.10000000000000009,0.1200000000000001,0.0,-0.07000000000000006,0.19573486934276937,0.020000000000000018,1
2024-08-07,-0.007764756389251559,0.14000000000000057,0.009999999999999787,0.06000000000000005,0.0,0.020000000000000018,0.19594123558969023,0.050000000000000266,1
2024-08-08,0.022781128575607212,-4.060000000000002,0.040000000000000036,0.03000000000000025,0.0,-0.020000000000000018,0.21118372128296997,-0.009999999999999787,1
2024-08-09,0.004660780212150328,-3.419999999999998,0.009999999999999787,-0.050000000000000266,0.0,-0.010000000000000009,0.21146083980360014,-0.06000000000000005,1
2024-08-12,4.3036707511490135e-05,0.33999999999999986,-0.040000000000000036,-0.040000000000000036,0.0,0.010000000000000009,0.20982901024912165,0.0,0
2024-08-13,0.016707226654933294,-2.59,-0.07999999999999963,-0.04999999999999982,0.0,0.020000000000000018,0.21943856277886134,0.029999999999999805,0
2024-08-14,0.0038164760676338005,-1.9299999999999997,0.009999999999999787,-0.020000000000000018,0.0,-0.06000000000000005,0.21843265055520886,-0.029999999999999805,0
2024-08-15,0.016004444012784447,-0.9600000000000009,0.14000000000000012,0.08999999999999986,0.0,-0.06000000000000005,0.22202341848296148,-0.050000000000000266,0
2024-08-16,0.001987841126329215,-0.4299999999999997,-0.020000000000000462,-0.029999999999999805,0.0,0.010000000000000009,0.2204672603956087,-0.009999999999999343,0
2024-08-19,0.009675327436177383,-0.15000000000000036,0.0,-0.03000000000000025,0.0,-0.010000000000000009,0.22120794585108514,-0.03000000000000025,0
2024-08-20,-0.0019865481747167735,1.2300000000000004,-0.0699999999999994,-0.040000000000000036,0.0,0.010000000000000009,0.21844320376264537,0.02999999999999936,0
2024-08-21,0.004230718284185642,0.3899999999999988,-0.07000000000000028,-0.029999999999999805,0.0,0.0,0.21874982140772356,0.04000000000000048,0
2024-08-22,-0.00897294942546445,1.2800000000000011,0.07000000000000028,0.06999999999999984,0.0,0.010000000000000009,0.2040268347474467,-4.440892098500626e-16,0
2024-08-23,0.011417986208501318,-1.6900000000000013,-0.0900000000000003,-0.04999999999999982,0.0,0.0,0.2055498900420846,0.04000000000000048,0
2024-08-26,-0.0031587066155740473,0.28999999999999915,0.010000000000000231,0.009999999999999787,0.0,0.0,0.20359142145348486,-4.440892098500626e-16,0
2024-08-27,0.0015939320118754097,-0.7199999999999989,-0.08000000000000007,0.010000000000000231,0.0,0.010000000000000009,0.20358312882185825,0.0900000000000003,0
2024-08-28,-0.0059939669454234235,1.6799999999999997,0.0,0.009999999999999787,0.0,0.0,0.20401588660281517,0.009999999999999787,0
2024-08-29,-3.934142455719325e-05,-1.459999999999999,0.040000000000000036,0.03000000000000025,0.0,-0.020000000000000018,0.19726368433226057,-0.009999999999999787,0
2024-08-30,0.010042467382856302,-0.6500000000000004,0.040000000000000036,0.040000000000000036,0.0,0.0,0.1925851337180809,0.0,1
2024-09-03,-0.021378012454581707,5.719999999999999,-0.03000000000000025,-0.07000000000000028,0.0,0.040000000000000036,0.196542452753835,-0.040000000000000036,1
2024-09-04,-0.0016037653903602234,0.6000000000000014,-0.1200000000000001,-0.06999999999999984,0.0,0.0,0.15917794637589855,0.050000000000000266,0
2024-09-05,-0.0030226412501868083,-1.4200000000000017,-0.009999999999999787,-0.040000000000000036,0.0,0.0,0.15813397083883196,-0.03000000000000025,1
2024-09-06,-0.017410901670867673,2.4800000000000004,-0.08999999999999986,-0.009999999999999787,0.0,0.0,0.169050505906238,0.08000000000000007,0
2024-09-09,0.011513555690020993,-2.9299999999999997,0.020000000000000018,-0.020000000000000018,0.0,0.0,0.15545317804477538,-0.040000000000000036,0
2024-09-10,0.004462660724490419,-0.370000000000001,-0.0900000000000003,-0.050000000000000266,0.0,0.010000000000000009,0.1554013484997542,0.040000000000000036,0
2024-09-11,0.010608580303038906,-1.389999999999997,0.03000000000000025,0.0,0.0,0.010000000000000009,0.15857649955456304,-0.03000000000000025,0
2024-09-12,0.007467372942029371,-0.620000000000001,0.020000000000000018,0.03000000000000025,0.0,-0.010000000000000009,0.15069054782836153,0.010000000000000231,0
2024-09-13,0.00539309687837175,-0.5100000000000016,-0.07000000000000028,-0.020000000000000018,0.0,-0.020000000000000018,0.1511084175720487,0.050000000000000266,0
2024-09-16,0.0012558720767881226,0.5800000000000018,-0.009999999999999787,-0.03000000000000025,0.0,-0.020000000000000018,0.14156758449901485,-0.020000000000000462,0
2024-09-17,0.00026447349073777104,0.46999999999999886,0.029999999999999805,0.020000000000000018,0.0,-0.020000000000000018,0.14150600935271154,-0.009999999999999787,0
2024-09-18,-0.002900603126386514,0.620000000000001,0.020000000000000018,0.050000000000000266,0.0,-0.010000000000000009,0.13810233217565349,0.03000000000000025,0
2024-09-19,0.016834291247587174,-1.9000000000000021,-0.020000000000000018,0.029999999999999805,-0.5,0.0,0.14946730888170665,0.04999999999999982,0
2024-09-20,-0.001942855451501302,-0.17999999999999972,-0.040000000000000036,0.0,0.0,0.0,0.14930600731747015,0.040000000000000036,0
2024-09-23,0.0028053309143558636,-0.259999999999998,0.020000000000000018,0.020000000000000018,0.0,-0.020000000000000018,0.14522318354200087,0.0,0
2024-09-24,0.002507969702996604,-0.5,-0.07999999999999963,-0.009999999999999787,0.0,0.010000000000000009,0.14056653592110335,0.06999999999999984,0
2024-09-25,-0.0018629115860662182,0.019999999999999574,0.03999999999999959,0.04999999999999982,0.0,-0.010000000000000009,0.14017509289982,0.010000000000000231,0
2024-09-26,0.0040304808028714945,-0.040000000000000924,0.07000000000000028,0.0,0.0,0.0,0.14058377923528,-0.07000000000000028,0
2024-09-27,-0.0012539688882462485,1.5900000000000016,-0.050000000000000266,-0.040000000000000036,0.0,0.010000000000000009,0.13855618984515483,0.010000000000000231,0
2024-09-30,0.004227593432856835,-0.23000000000000043,0.11000000000000032,0.06000000000000005,0.0,-0.030000000000000027,0.13885284188270758,-0.050000000000000266,0
2024-10-01,-0.009367852083837391,2.530000000000001,-0.050000000000000266,-0.06999999999999984,0.0,0.020000000000000018,0.1399597203707706,-0.019999999999999574,0
2024-10-02,0.00013837448536691,-0.360000000000003,0.020000000000000018,0.04999999999999982,0.0,-0.010000000000000009,0.11523168676210542,0.029999999999999805,1
2024-10-03,-0.001682811533125772,1.5899999999999999,0.07000000000000028,0.06000000000000005,0.0,-0.019999999999999796,0.11525910072587642,-0.010000000000000231,0
2024-10-04,0.008930275984438296,-1.2799999999999976,0.22999999999999998,0.1299999999999999,0.0,-0.050000000000000044,0.11674219796678081,-0.10000000000000009,1
2024-10-07,-0.009632284107421896,3.4299999999999997,0.06000000000000005,0.050000000000000266,0.0,-0.030000000000000027,0.10262085090481696,-0.009999999999999787,1
2024-10-08,0.00964271689419327,-1.2199999999999989,-0.010000000000000231,0.009999999999999787,0.0,0.010000000000000009,0.10072991177756563,0.020000000000000018,1
2024-10-09,0.007088203896394418,-0.5600000000000023,0.010000000000000231,0.019999999999999574,0.0,-0.010000000000000009,0.10181946827537279,0.009999999999999343,1
2024-10-10,-0.002072227971014584,0.07000000000000028,-0.010000000000000231,0.03000000000000025,0.0,0.0,0.09852142792828904,0.04000000000000048,1
2024-10-11,0.006033611862784838,-0.46999999999999886,-0.029999999999999805,-0.009999999999999787,0.0,0.0,0.09762138904349502,0.020000000000000018,0
2024-10-14,0.007678060962994948,-0.7600000000000016,0.0,0.0,0.0,0.0,0.09898351765206376,0.0,1
2024-10-15,-0.007638509068755184,0.9400000000000013,0.0,-0.04999999999999982,0.0,-0.010000000000000009,0.10440402969628496,-0.04999999999999982,0
2024-10-16,0.004668155706577082,-1.0600000000000023,-0.020000000000000018,-0.010000000000000675,0.0,-0.020000000000000018,0.10485261412495625,0.009999999999999343,0
2024-10-17,-0.00017117513483455582,-0.46999999999999886,0.029999999999999805,0.07000000000000028,0.0,0.020000000000000018,0.10375592469188559,0.04000000000000048,0
2024-10-18,0.0039637370431258034,-1.0799999999999983,-0.009999999999999787,-0.009999999999999787,0.0,0.0,0.0888528982293436,0.0,0
2024-10-21,-0.00182444274130944,0.33999999999999986,0.0699999999999994,0.11000000000000032,0.0,0.010000000000000009,0.08880034373905285,0.040000000000000924,0
2024-10-22,-0.0004750033835065892,-0.1700000000000017,0.010000000000000675,0.009999999999999787,0.0,0.010000000000000009,0.08880255399116513,-8.881784197001252e-16,0
2024-10-23,-0.009233777411951749,1.0399999999999991,0.040000000000000036,0.040000000000000036,0.0,-0.010000000000000009,0.09550542661047666,0.0,0
2024-10-24,0.002143483186927142,-0.16000000000000014,0.0,-0.03000000000000025,0.0,-0.020000000000000018,0.09524725393161108,-0.03000000000000025,1
2024-10-25,-0.00029953572187402244,1.25,0.040000000000000036,0.040000000000000036,0.0,-0.010000000000000009,0.09453135747386414,0.0,0
2024-10-28,0.0026479514493722434,-0.5299999999999976,0.009999999999999787,0.03000000000000025,0.0,0.0,0.09457650062177721,0.020000000000000462,0
2024-10-29,0.001612842692562566,-0.46000000000000085,-0.009999999999999787,0.0,0.0,-0.020000000000000018,0.09377910672590098,0.009999999999999787,1
2024-10-30,-0.0033056916281388737,1.0100000000000016,0.040000000000000036,0.009999999999999787,0.0,-0.050000000000000044,0.08784099314592782,-0.03000000000000025,1
2024-10-31,-0.0187901825995187,2.8099999999999987,0.009999999999999787,-0.009999999999999787,0.0,0.020000000000000018,0.11118988273883235,-0.019999999999999574,1
2024-11-01,0.004084226330235197,-1.2800000000000011,0.04999999999999982,0.08999999999999986,0.0,0.0,0.1119048346642491,0.040000000000000036,1
2024-11-04,-0.0028160686495120046,0.10000000000000142,-0.040000000000000036,-0.0600000000000005,0.0,0.0,0.10773192777121424,-0.020000000000000462,1
2024-11-05,0.012191061302749162,-1.490000000000002,0.020000000000000462,-0.04999999999999982,0.0,-0.010000000000000009,0.1104507281744452,-0.07000000000000028,0
2024-11-06,0.024981233838897055,-4.219999999999999,0.07999999999999918,0.16000000000000014,0.0,-0.050000000000000044,0.13590942221697633,0.08000000000000096,0
2024-11-07,0.007403744412988189,-1.0700000000000003,-0.05999999999999961,-0.11000000000000032,0.0,0.040000000000000036,0.13607862674507404,-0.05000000000000071,0
2024-11-08,0.0037498038698000613,-0.2599999999999998,0.04999999999999982,-0.009999999999999787,-0.25,-0.06000000000000005,0.135665268062876,-0.05999999999999961,0
2024-11-11,0.0009685844338367389,0.030000000000001137,0.0,0.0,0.0,0.0,0.13477861146776265,0.0,0
2024-11-12,-0.0028968743715669376,-0.2599999999999998,0.08000000000000007,0.1299999999999999,0.0,-0.019999999999999796,0.1336462956711616,0.04999999999999982,0
2024-11-13,0.00023225951010807933,-0.6900000000000013,-0.07000000000000028,0.010000000000000675,0.0,0.04999999999999982,0.12996797096767798,0.08000000000000096,0
2024-11-14,-0.006068115029117749,0.2900000000000009,0.07000000000000028,-0.010000000000000675,0.0,-0.020000000000000018,0.13184605841837813,-0.08000000000000096,0
2024-11-15,-0.01329146396056835,1.83,-0.03000000000000025,0.0,0.0,0.020000000000000018,0.14067915578317117,0.03000000000000025,0
2024-11-18,0.00391015982410714,-0.5600000000000005,-0.019999999999999574,-0.009999999999999787,0.0,0.010000000000000009,0.14066139388242374,0.009999999999999787,0
2024-11-19,0.0039557737052682285,0.7700000000000014,-0.020000000000000462,-0.03000000000000025,0.0,0.0,0.14102004139037064,-0.009999999999999787,0
2024-11-20,2.1970426116624253e-05,0.8099999999999987,0.040000000000000036,0.020000000000000462,0.0,0.010000000000000009,0.14098681951055153,-0.019999999999999574,0
2024-11-21,0.00532623530517462,-0.28999999999999915,0.03000000000000025,0.019999999999999574,0.0,0.0,0.13724982128333818,-0.010000000000000675,0
2024-11-22,0.003461979200411136,-1.6300000000000008,0.03000000000000025,-0.019999999999999574,0.0,0.0,0.13743665685578002,-0.04999999999999982,0
2024-11-25,0.0030158820722512303,-0.6400000000000006,-0.16000000000000014,-0.14000000000000057,0.0,-0.010000000000000009,0.1374335309320274,0.019999999999999574,0
2024-11-26,0.005705736188806654,-0.5,0.0,0.03000000000000025,0.0,0.010000000000000009,0.13817628675030402,0.03000000000000025,0
2024-11-27,-0.00380853961537575,0.0,-0.019999999999999574,-0.04999999999999982,0.0,0.0,0.13943698432754006,-0.03000000000000025,0
2024-11-29,0.005592178893918387,-0.5899999999999999,-0.0600000000000005,-0.07000000000000028,0.0,0.010000000000000009,0.13911221222692233,-0.009999999999999787,0
2024-12-02,0.0024454606033064152,-0.16999999999999993,0.040000000000000036,0.010000000000000675,0.0,-0.030000000000000027,0.11733381971436724,-0.02999999999999936,0
2024-12-03,0.0004513504631038501,-0.03999999999999915,0.0,0.040000000000000036,0.0,-0.010000000000000009,0.11749579770922454,0.040000000000000036,0
2024-12-04,0.006033123750501801,0.14999999999999858,-0.040000000000000036,-0.040000000000000036,0.0,-0.010000000000000009,0.11635247268374226,0.0,0
2024-12-05,-0.0018714648272304402,0.08999999999999986,0.020000000000000462,-0.020000000000000462,0.0,0.010000000000000009,0.11251801532700358,-0.040000000000000924,0
2024-12-06,0.002492319655841513,-0.7699999999999996,-0.05000000000000071,-0.019999999999999574,0.0,0.020000000000000018,0.07683030363730879,0.030000000000001137,0
2024-12-09,-0.006163180212196195,1.42,0.03000000000000025,0.04999999999999982,0.0,0.0,0.07757058089755224,0.019999999999999574,0
2024-12-10,-0.0029682940713744443,-0.009999999999999787,0.020000000000000462,0.019999999999999574,0.0,-0.010000000000000009,0.07765877966184917,-8.881784197001252e-16,0
2024-12-11,0.008132661932885199,-0.5999999999999996,0.0,0.040000000000000036,0.0,0.010000000000000009,0.08225186878036599,0.040000000000000036,0
2024-12-12,-0.005428741091956013,0.33999999999999986,0.02999999999999936,0.0600000000000005,0.0,0.020000000000000018,0.08407600858592315,0.030000000000001137,0
2024-12-13,-2.644116757721804e-05,-0.10999999999999943,0.07000000000000028,0.08000000000000007,0.0,-0.020000000000000018,0.08409241381132766,0.009999999999999787,0
2024-12-16,0.0037921163249592382,0.879999999999999,0.0,-0.010000000000000675,0.0,0.0,0.0812480162290228,-0.010000000000000675,0
2024-12-17,-0.0038714440227618496,1.1799999999999997,0.0,0.010000000000000675,0.0,-0.030000000000000027,0.06539120409470069,0.010000000000000675,1
2024-12-18,-0.029936554508987356,11.750000000000002,0.09999999999999964,0.09999999999999964,0.0,-0.019999999999999796,0.1261532702647921,0.0,1
2024-12-19,-0.0008654734577540069,-3.530000000000001,-0.02999999999999936,0.07000000000000028,-0.25,0.029999999999999805,0.12526718453912755,0.09999999999999964,0
2024-12-20,0.01081047625241105,-5.73,-0.020000000000000462,-0.05000000000000071,0.0,0.030000000000000027,0.13116472804075202,-0.03000000000000025,0
2024-12-23,0.007260895475461382,-1.5799999999999983,0.0,0.07000000000000028,0.0,-0.010000000000000009,0.13230037189286947,0.07000000000000028,0
2024-12-24,0.010982197273833094,-2.5100000000000016,-0.009999999999999787,0.0,0.0,-0.030000000000000027,0.1371120740564189,0.009999999999999787,0
2024-12-26,-0.0004057087414679472,0.46000000000000085,0.009999999999999787,-0.009999999999999787,0.0,0.010000000000000009,0.13685214882416072,-0.019999999999999574,0
2024-12-27,-0.011117304675595463,1.2199999999999989,0.009999999999999787,0.040000000000000036,0.0,0.0,0.14097664545960895,0.03000000000000025,0
2024-12-30,-0.010759690191102678,1.4499999999999993,-0.0699999999999994,-0.07000000000000028,0.0,0.030000000000000027,0.14508866257046515,-8.881784197001252e-16,0
2024-12-31,-0.004293996454133975,-0.04999999999999716,0.009999999999999787,0.03000000000000025,0.0,-0.010000000000000009,0.14369209165681962,0.020000000000000462,0
